-- phpMyAdmin SQL Dump
-- version 4.9.0.1
-- https://www.phpmyadmin.net/
--
-- Host: 127.0.0.1
-- Generation Time: Feb 25, 2020 at 05:29 PM
-- Server version: 10.4.6-MariaDB
-- PHP Version: 7.3.9

SET FOREIGN_KEY_CHECKS=0;
SET SQL_MODE = "NO_AUTO_VALUE_ON_ZERO";
SET AUTOCOMMIT = 0;
START TRANSACTION;
SET time_zone = "+00:00";


/*!40101 SET @OLD_CHARACTER_SET_CLIENT=@@CHARACTER_SET_CLIENT */;
/*!40101 SET @OLD_CHARACTER_SET_RESULTS=@@CHARACTER_SET_RESULTS */;
/*!40101 SET @OLD_COLLATION_CONNECTION=@@COLLATION_CONNECTION */;
/*!40101 SET NAMES utf8mb4 */;

--
-- Database: `tecnofuego`
--

-- --------------------------------------------------------

--
-- Table structure for table `tec_activities`
--

CREATE TABLE `tec_activities` (
  `id` int(10) UNSIGNED NOT NULL,
  `idEquip` int(10) UNSIGNED NOT NULL,
  `idLocation` int(10) UNSIGNED NOT NULL,
  `idTypeAct` int(10) UNSIGNED NOT NULL,
  `startDate` date DEFAULT NULL,
  `endDate` date DEFAULT NULL,
  `startHour` time NOT NULL,
  `endHour` time DEFAULT NULL,
  `horometerIni` int(10) UNSIGNED NOT NULL,
  `horometerEnd` varchar(45) DEFAULT NULL,
  `edo_reg` int(10) UNSIGNED NOT NULL COMMENT 'Estado del registro',
  `fec_crea` datetime NOT NULL COMMENT 'Fecha de creación del registro',
  `usu_crea` int(10) UNSIGNED NOT NULL COMMENT 'Usuario que crea el registro',
  `ip_crea` varchar(15) NOT NULL COMMENT 'Ip de donde se crea el registro',
  `fec_mod` datetime DEFAULT NULL COMMENT 'Fecha de modificación del registro',
  `usu_mod` int(10) UNSIGNED DEFAULT NULL COMMENT 'Usuario que modifica el artículo',
  `ip_mod` varchar(15) DEFAULT NULL COMMENT 'Ip de donde se modifica el registro'
) ENGINE=InnoDB DEFAULT CHARSET=latin1;

--
-- Dumping data for table `tec_activities`
--

INSERT INTO `tec_activities` (`id`, `idEquip`, `idLocation`, `idTypeAct`, `startDate`, `endDate`, `startHour`, `endHour`, `horometerIni`, `horometerEnd`, `edo_reg`, `fec_crea`, `usu_crea`, `ip_crea`, `fec_mod`, `usu_mod`, `ip_mod`) VALUES
(1, 68, 1, 2, '2020-02-20', '2020-02-20', '08:00:00', '17:00:00', 0, '12000', 1, '2020-02-20 20:17:51', 2, '::1', NULL, NULL, NULL),
(2, 68, 1, 2, '2020-02-19', '2020-02-19', '09:00:00', '17:00:00', 0, '12000', 1, '2020-02-20 20:32:47', 2, '190.131.219.246', NULL, NULL, NULL),
(3, 68, 1, 2, '2020-02-18', '2020-02-18', '08:00:00', '17:00:00', 0, '12000', 1, '2020-02-20 20:35:49', 2, '190.131.219.246', NULL, NULL, NULL),
(4, 68, 1, 2, '2020-02-20', '2020-02-20', '08:00:00', '12:30:00', 0, '', 1, '2020-02-21 09:46:22', 2, '190.242.46.210', NULL, NULL, NULL);

-- --------------------------------------------------------

--
-- Table structure for table `tec_activ_comp`
--

CREATE TABLE `tec_activ_comp` (
  `idcomp` int(10) UNSIGNED NOT NULL,
  `idactiv` int(10) UNSIGNED NOT NULL,
  `observ` text DEFAULT NULL,
  `edo_reg` int(10) UNSIGNED NOT NULL COMMENT 'Estado del registro',
  `fec_crea` datetime NOT NULL COMMENT 'Fecha de creación del registro',
  `usu_crea` int(10) UNSIGNED NOT NULL COMMENT 'Usuario que crea el registro',
  `ip_crea` varchar(15) NOT NULL COMMENT 'Ip de donde se crea el registro',
  `fec_mod` datetime DEFAULT NULL COMMENT 'Fecha de modificación del registro',
  `usu_mod` int(10) UNSIGNED DEFAULT NULL COMMENT 'Usuario que modifica el artículo',
  `ip_mod` varchar(15) DEFAULT NULL COMMENT 'Ip de donde se modifica el registro'
) ENGINE=InnoDB DEFAULT CHARSET=latin1;

-- --------------------------------------------------------

--
-- Table structure for table `tec_activ_part_serv`
--

CREATE TABLE `tec_activ_part_serv` (
  `idactiv` int(10) UNSIGNED NOT NULL,
  `idpartserv` int(10) UNSIGNED NOT NULL,
  `vunit` float UNSIGNED NOT NULL,
  `cant` float UNSIGNED NOT NULL,
  `vtotal` float UNSIGNED NOT NULL,
  `edo_reg` int(10) UNSIGNED NOT NULL COMMENT 'Estado del registro',
  `fec_crea` datetime NOT NULL COMMENT 'Fecha de creación del registro',
  `usu_crea` int(10) UNSIGNED NOT NULL COMMENT 'Usuario que crea el registro',
  `ip_crea` varchar(15) NOT NULL COMMENT 'Ip de donde se crea el registro',
  `fec_mod` datetime DEFAULT NULL COMMENT 'Fecha de modificación del registro',
  `usu_mod` int(10) UNSIGNED DEFAULT NULL COMMENT 'Usuario que modifica el artículo',
  `ip_mod` varchar(15) DEFAULT NULL COMMENT 'Ip de donde se modifica el registro'
) ENGINE=InnoDB DEFAULT CHARSET=latin1;

--
-- Dumping data for table `tec_activ_part_serv`
--

INSERT INTO `tec_activ_part_serv` (`idactiv`, `idpartserv`, `vunit`, `cant`, `vtotal`, `edo_reg`, `fec_crea`, `usu_crea`, `ip_crea`, `fec_mod`, `usu_mod`, `ip_mod`) VALUES
(1, 1, 463.02, 3, 1389.06, 1, '2020-02-20 20:17:51', 2, '::1', NULL, NULL, NULL),
(1, 3, 87.75, 1, 87.75, 1, '2020-02-20 20:17:51', 2, '::1', NULL, NULL, NULL),
(1, 19, 150, 5, 750, 1, '2020-02-20 20:17:51', 2, '::1', NULL, NULL, NULL),
(2, 1, 463.02, 3, 1389.06, 1, '2020-02-20 20:32:47', 2, '190.131.219.246', NULL, NULL, NULL),
(2, 7, 39.45, 1, 39.45, 1, '2020-02-20 20:32:47', 2, '190.131.219.246', NULL, NULL, NULL),
(2, 19, 150, 5, 750, 1, '2020-02-20 20:32:47', 2, '190.131.219.246', NULL, NULL, NULL),
(3, 2, 136.3, 1, 136.3, 1, '2020-02-20 20:35:49', 2, '190.131.219.246', NULL, NULL, NULL),
(3, 1, 463.02, 2, 926.04, 1, '2020-02-20 20:35:49', 2, '190.131.219.246', NULL, NULL, NULL),
(3, 19, 150, 4, 600, 1, '2020-02-20 20:35:49', 2, '190.131.219.246', NULL, NULL, NULL),
(4, 19, 150, 8, 1200, 1, '2020-02-21 09:46:22', 2, '190.242.46.210', NULL, NULL, NULL),
(4, 3, 87.75, 1, 87.75, 1, '2020-02-21 09:46:22', 2, '190.242.46.210', NULL, NULL, NULL),
(4, 1, 463.02, 4, 1852.08, 1, '2020-02-21 09:46:22', 2, '190.242.46.210', NULL, NULL, NULL),
(4, 2, 136.3, 4, 545.2, 1, '2020-02-21 09:46:22', 2, '190.242.46.210', NULL, NULL, NULL);

-- --------------------------------------------------------

--
-- Table structure for table `tec_activ_techs`
--

CREATE TABLE `tec_activ_techs` (
  `idtech` int(10) UNSIGNED NOT NULL,
  `idactiv` int(10) UNSIGNED NOT NULL,
  `parper` float UNSIGNED NOT NULL,
  `edo_reg` int(10) UNSIGNED NOT NULL COMMENT 'Estado del registro',
  `fec_crea` datetime NOT NULL COMMENT 'Fecha de creación del registro',
  `usu_crea` int(10) UNSIGNED NOT NULL COMMENT 'Usuario que crea el registro',
  `ip_crea` varchar(15) NOT NULL COMMENT 'Ip de donde se crea el registro',
  `fec_mod` datetime DEFAULT NULL COMMENT 'Fecha de modificación del registro',
  `usu_mod` int(10) UNSIGNED DEFAULT NULL COMMENT 'Usuario que modifica el artículo',
  `ip_mod` varchar(15) DEFAULT NULL COMMENT 'Ip de donde se modifica el registro'
) ENGINE=InnoDB DEFAULT CHARSET=latin1;

--
-- Dumping data for table `tec_activ_techs`
--

INSERT INTO `tec_activ_techs` (`idtech`, `idactiv`, `parper`, `edo_reg`, `fec_crea`, `usu_crea`, `ip_crea`, `fec_mod`, `usu_mod`, `ip_mod`) VALUES
(71, 1, 50, 1, '2020-02-20 20:17:51', 2, '::1', NULL, NULL, NULL),
(67, 1, 50, 1, '2020-02-20 20:17:51', 2, '::1', NULL, NULL, NULL),
(71, 2, 50, 1, '2020-02-20 20:32:47', 2, '190.131.219.246', NULL, NULL, NULL),
(67, 2, 50, 1, '2020-02-20 20:32:47', 2, '190.131.219.246', NULL, NULL, NULL),
(69, 3, 50, 1, '2020-02-20 20:35:49', 2, '190.131.219.246', NULL, NULL, NULL),
(67, 3, 50, 1, '2020-02-20 20:35:49', 2, '190.131.219.246', NULL, NULL, NULL),
(69, 4, 50, 1, '2020-02-21 09:46:22', 2, '190.242.46.210', NULL, NULL, NULL),
(43, 4, 50, 1, '2020-02-21 09:46:22', 2, '190.242.46.210', NULL, NULL, NULL);

-- --------------------------------------------------------

--
-- Table structure for table `tec_ciudades`
--

CREATE TABLE `tec_ciudades` (
  `idciudad` int(10) UNSIGNED NOT NULL COMMENT 'Id de la ciudad',
  `ciudad` varchar(255) NOT NULL COMMENT 'Nombre de la ciudad',
  `iddpto` int(10) UNSIGNED NOT NULL COMMENT 'Id del departamento al que pertenece dicha ciudad',
  `edo_reg` int(10) UNSIGNED NOT NULL COMMENT 'Estado del registro',
  `fec_crea` datetime NOT NULL COMMENT 'Fecha de creación del registro',
  `usu_crea` int(10) UNSIGNED NOT NULL COMMENT 'Usuario que crea el registro',
  `ip_crea` varchar(15) NOT NULL COMMENT 'Ip de donde se crea el registro',
  `fec_mod` datetime DEFAULT NULL COMMENT 'Fecha de modificación del registro',
  `usu_mod` int(10) UNSIGNED DEFAULT NULL COMMENT 'Usuario que modifica el artículo',
  `ip_mod` varchar(15) DEFAULT NULL COMMENT 'Ip de donde se modifica el registro'
) ENGINE=InnoDB DEFAULT CHARSET=latin1;

--
-- Dumping data for table `tec_ciudades`
--

INSERT INTO `tec_ciudades` (`idciudad`, `ciudad`, `iddpto`, `edo_reg`, `fec_crea`, `usu_crea`, `ip_crea`, `fec_mod`, `usu_mod`, `ip_mod`) VALUES
(0, 'N/A', 0, 1, '2014-04-02 19:26:11', 1, '127.0.0.1', NULL, NULL, NULL),
(1, 'ABEJORRAL', 5, 1, '2014-04-02 19:26:11', 1, '127.0.0.1', NULL, NULL, NULL),
(2, 'ÁBREGO', 54, 1, '2014-04-02 19:26:11', 1, '127.0.0.1', NULL, NULL, NULL),
(3, 'ABRIAQUÍ', 5, 1, '2014-04-02 19:26:11', 1, '127.0.0.1', NULL, NULL, NULL),
(4, 'ACACÍAS', 50, 1, '2014-04-02 19:26:11', 1, '127.0.0.1', NULL, NULL, NULL),
(5, 'ACANDÍ', 27, 1, '2014-04-02 19:26:11', 1, '127.0.0.1', NULL, NULL, NULL),
(6, 'ACEVEDO', 41, 1, '2014-04-02 19:26:11', 1, '127.0.0.1', NULL, NULL, NULL),
(7, 'ACHÍ', 13, 1, '2014-04-02 19:26:11', 1, '127.0.0.1', NULL, NULL, NULL),
(8, 'AGRADO', 41, 1, '2014-04-02 19:26:11', 1, '127.0.0.1', NULL, NULL, NULL),
(9, 'AGUA DE DIOS', 25, 1, '2014-04-02 19:26:11', 1, '127.0.0.1', NULL, NULL, NULL),
(10, 'AGUACHICA', 20, 1, '2014-04-02 19:26:11', 1, '127.0.0.1', NULL, NULL, NULL),
(11, 'AGUADA', 68, 1, '2014-04-02 19:26:11', 1, '127.0.0.1', NULL, NULL, NULL),
(12, 'AGUADAS', 17, 1, '2014-04-02 19:26:11', 1, '127.0.0.1', NULL, NULL, NULL),
(13, 'AGUAZUL', 85, 1, '2014-04-02 19:26:11', 1, '127.0.0.1', NULL, NULL, NULL),
(14, 'AGUSTÍN CODAZZI', 20, 1, '2014-04-02 19:26:11', 1, '127.0.0.1', NULL, NULL, NULL),
(15, 'AIPE', 41, 1, '2014-04-02 19:26:11', 1, '127.0.0.1', NULL, NULL, NULL),
(16, 'ALBÁN', 25, 1, '2014-04-02 19:26:11', 1, '127.0.0.1', NULL, NULL, NULL),
(17, 'ALBANIA', 18, 1, '2014-04-02 19:26:11', 1, '127.0.0.1', NULL, NULL, NULL),
(18, 'ALBANIA', 44, 1, '2014-04-02 19:26:11', 1, '127.0.0.1', NULL, NULL, NULL),
(19, 'ALBANIA', 68, 1, '2014-04-02 19:26:11', 1, '127.0.0.1', NULL, NULL, NULL),
(20, 'ALCALÁ', 76, 1, '2014-04-02 19:26:11', 1, '127.0.0.1', NULL, NULL, NULL),
(21, 'ALDANA', 52, 1, '2014-04-02 19:26:11', 1, '127.0.0.1', NULL, NULL, NULL),
(22, 'ALEJANDRÍA', 5, 1, '2014-04-02 19:26:11', 1, '127.0.0.1', NULL, NULL, NULL),
(23, 'ALGARROBO', 47, 1, '2014-04-02 19:26:11', 1, '127.0.0.1', NULL, NULL, NULL),
(24, 'ALGECIRAS', 41, 1, '2014-04-02 19:26:11', 1, '127.0.0.1', NULL, NULL, NULL),
(25, 'ALMAGUER', 19, 1, '2014-04-02 19:26:11', 1, '127.0.0.1', NULL, NULL, NULL),
(26, 'ALMEIDA', 15, 1, '2014-04-02 19:26:11', 1, '127.0.0.1', NULL, NULL, NULL),
(27, 'ALPUJARRA', 73, 1, '2014-04-02 19:26:11', 1, '127.0.0.1', NULL, NULL, NULL),
(28, 'ALTAMIRA', 41, 1, '2014-04-02 19:26:11', 1, '127.0.0.1', NULL, NULL, NULL),
(29, 'ALTO BAUDÓ', 27, 1, '2014-04-02 19:26:11', 1, '127.0.0.1', NULL, NULL, NULL),
(30, 'ALTOS DEL ROSARIO', 13, 1, '2014-04-02 19:26:11', 1, '127.0.0.1', NULL, NULL, NULL),
(31, 'ALVARADO', 73, 1, '2014-04-02 19:26:11', 1, '127.0.0.1', NULL, NULL, NULL),
(32, 'AMAGÁ', 5, 1, '2014-04-02 19:26:11', 1, '127.0.0.1', NULL, NULL, NULL),
(33, 'AMALFI', 5, 1, '2014-04-02 19:26:11', 1, '127.0.0.1', NULL, NULL, NULL),
(34, 'AMBALEMA', 73, 1, '2014-04-02 19:26:11', 1, '127.0.0.1', NULL, NULL, NULL),
(35, 'ANAPOIMA', 25, 1, '2014-04-02 19:26:11', 1, '127.0.0.1', NULL, NULL, NULL),
(36, 'ANCUYÁ', 52, 1, '2014-04-02 19:26:11', 1, '127.0.0.1', NULL, NULL, NULL),
(37, 'ANDALUCÍA', 76, 1, '2014-04-02 19:26:11', 1, '127.0.0.1', NULL, NULL, NULL),
(38, 'ANDES', 5, 1, '2014-04-02 19:26:11', 1, '127.0.0.1', NULL, NULL, NULL),
(39, 'ANGELÓPOLIS', 5, 1, '2014-04-02 19:26:11', 1, '127.0.0.1', NULL, NULL, NULL),
(40, 'ANGOSTURA', 5, 1, '2014-04-02 19:26:11', 1, '127.0.0.1', NULL, NULL, NULL),
(41, 'ANOLAIMA', 25, 1, '2014-04-02 19:26:11', 1, '127.0.0.1', NULL, NULL, NULL),
(42, 'ANORÍ', 5, 1, '2014-04-02 19:26:11', 1, '127.0.0.1', NULL, NULL, NULL),
(43, 'ANSERMA', 17, 1, '2014-04-02 19:26:11', 1, '127.0.0.1', NULL, NULL, NULL),
(44, 'ANSERMANUEVO', 76, 1, '2014-04-02 19:26:11', 1, '127.0.0.1', NULL, NULL, NULL),
(45, 'ANZÁ', 5, 1, '2014-04-02 19:26:11', 1, '127.0.0.1', NULL, NULL, NULL),
(46, 'ANZOÁTEGUI', 73, 1, '2014-04-02 19:26:11', 1, '127.0.0.1', NULL, NULL, NULL),
(47, 'APARTADÓ', 5, 1, '2014-04-02 19:26:11', 1, '127.0.0.1', NULL, NULL, NULL),
(48, 'APÍA', 66, 1, '2014-04-02 19:26:11', 1, '127.0.0.1', NULL, NULL, NULL),
(49, 'APULO', 25, 1, '2014-04-02 19:26:11', 1, '127.0.0.1', NULL, NULL, NULL),
(50, 'AQUITANIA', 15, 1, '2014-04-02 19:26:11', 1, '127.0.0.1', NULL, NULL, NULL),
(51, 'ARACATACA', 47, 1, '2014-04-02 19:26:11', 1, '127.0.0.1', NULL, NULL, NULL),
(52, 'ARANZAZU', 17, 1, '2014-04-02 19:26:11', 1, '127.0.0.1', NULL, NULL, NULL),
(53, 'ARATOCA', 68, 1, '2014-04-02 19:26:11', 1, '127.0.0.1', NULL, NULL, NULL),
(54, 'ARAUCA', 81, 1, '2014-04-02 19:26:11', 1, '127.0.0.1', NULL, NULL, NULL),
(55, 'ARAUQUITA', 81, 1, '2014-04-02 19:26:11', 1, '127.0.0.1', NULL, NULL, NULL),
(56, 'ARBELÁEZ', 25, 1, '2014-04-02 19:26:11', 1, '127.0.0.1', NULL, NULL, NULL),
(57, 'ARBOLEDA', 52, 1, '2014-04-02 19:26:11', 1, '127.0.0.1', NULL, NULL, NULL),
(58, 'ARBOLEDAS', 54, 1, '2014-04-02 19:26:11', 1, '127.0.0.1', NULL, NULL, NULL),
(59, 'ARBOLETES', 5, 1, '2014-04-02 19:26:11', 1, '127.0.0.1', NULL, NULL, NULL),
(60, 'ARCABUCO', 15, 1, '2014-04-02 19:26:11', 1, '127.0.0.1', NULL, NULL, NULL),
(61, 'ARENAL', 13, 1, '2014-04-02 19:26:11', 1, '127.0.0.1', NULL, NULL, NULL),
(62, 'ARGELIA', 5, 1, '2014-04-02 19:26:11', 1, '127.0.0.1', NULL, NULL, NULL),
(63, 'ARGELIA', 76, 1, '2014-04-02 19:26:11', 1, '127.0.0.1', NULL, NULL, NULL),
(64, 'ARGELIA', 19, 1, '2014-04-02 19:26:11', 1, '127.0.0.1', NULL, NULL, NULL),
(65, 'ARIGUANÍ', 47, 1, '2014-04-02 19:26:11', 1, '127.0.0.1', NULL, NULL, NULL),
(66, 'ARJONA', 13, 1, '2014-04-02 19:26:11', 1, '127.0.0.1', NULL, NULL, NULL),
(67, 'ARMENIA', 5, 1, '2014-04-02 19:26:11', 1, '127.0.0.1', NULL, NULL, NULL),
(68, 'ARMENIA', 63, 1, '2014-04-02 19:26:11', 1, '127.0.0.1', NULL, NULL, NULL),
(69, 'ARMERO GUAYABAL', 73, 1, '2014-04-02 19:26:11', 1, '127.0.0.1', NULL, NULL, NULL),
(70, 'ARROYOHONDO', 13, 1, '2014-04-02 19:26:11', 1, '127.0.0.1', NULL, NULL, NULL),
(71, 'ASTREA', 20, 1, '2014-04-02 19:26:11', 1, '127.0.0.1', NULL, NULL, NULL),
(72, 'ATACO', 73, 1, '2014-04-02 19:26:11', 1, '127.0.0.1', NULL, NULL, NULL),
(73, 'ATRATO', 27, 1, '2014-04-02 19:26:11', 1, '127.0.0.1', NULL, NULL, NULL),
(74, 'AYAPEL', 23, 1, '2014-04-02 19:26:11', 1, '127.0.0.1', NULL, NULL, NULL),
(75, 'BAGADÓ', 27, 1, '2014-04-02 19:26:11', 1, '127.0.0.1', NULL, NULL, NULL),
(76, 'BAHÍA SOLANO', 27, 1, '2014-04-02 19:26:11', 1, '127.0.0.1', NULL, NULL, NULL),
(77, 'BAJO BAUDÓ', 27, 1, '2014-04-02 19:26:11', 1, '127.0.0.1', NULL, NULL, NULL),
(78, 'BALBOA', 19, 1, '2014-04-02 19:26:11', 1, '127.0.0.1', NULL, NULL, NULL),
(79, 'BARANOA', 8, 1, '2014-04-02 19:26:11', 1, '127.0.0.1', NULL, NULL, NULL),
(80, 'BARAYA', 41, 1, '2014-04-02 19:26:11', 1, '127.0.0.1', NULL, NULL, NULL),
(81, 'BARBACOAS', 52, 1, '2014-04-02 19:26:11', 1, '127.0.0.1', NULL, NULL, NULL),
(82, 'BARBOSA', 68, 1, '2014-04-02 19:26:11', 1, '127.0.0.1', NULL, NULL, NULL),
(83, 'BARBOSA', 5, 1, '2014-04-02 19:26:11', 1, '127.0.0.1', NULL, NULL, NULL),
(84, 'BARICHARA', 68, 1, '2014-04-02 19:26:11', 1, '127.0.0.1', NULL, NULL, NULL),
(85, 'BARRANCA DE UPÍA', 50, 1, '2014-04-02 19:26:11', 1, '127.0.0.1', NULL, NULL, NULL),
(86, 'BARRANCABERMEJA', 68, 1, '2014-04-02 19:26:11', 1, '127.0.0.1', NULL, NULL, NULL),
(87, 'BARRANCAS', 44, 1, '2014-04-02 19:26:11', 1, '127.0.0.1', NULL, NULL, NULL),
(88, 'BARRANCO DE LOBA', 13, 1, '2014-04-02 19:26:11', 1, '127.0.0.1', NULL, NULL, NULL),
(89, 'BARRANCO MINAS', 94, 1, '2014-04-02 19:26:11', 1, '127.0.0.1', NULL, NULL, NULL),
(90, 'BARRANQUILLA', 8, 1, '2014-04-02 19:26:11', 1, '127.0.0.1', NULL, NULL, NULL),
(91, 'BECERRIL', 20, 1, '2014-04-02 19:26:11', 1, '127.0.0.1', NULL, NULL, NULL),
(92, 'BELALCÁZAR', 17, 1, '2014-04-02 19:26:11', 1, '127.0.0.1', NULL, NULL, NULL),
(93, 'BELÉN', 52, 1, '2014-04-02 19:26:11', 1, '127.0.0.1', NULL, NULL, NULL),
(94, 'BELÉN', 15, 1, '2014-04-02 19:26:11', 1, '127.0.0.1', NULL, NULL, NULL),
(95, 'BELÉN DE LOS ANDAQUÍES', 18, 1, '2014-04-02 19:26:11', 1, '127.0.0.1', NULL, NULL, NULL),
(96, 'BELÉN DE UMBRÍA', 66, 1, '2014-04-02 19:26:11', 1, '127.0.0.1', NULL, NULL, NULL),
(97, 'BELLO', 5, 1, '2014-04-02 19:26:11', 1, '127.0.0.1', NULL, NULL, NULL),
(98, 'BELMIRA', 5, 1, '2014-04-02 19:26:11', 1, '127.0.0.1', NULL, NULL, NULL),
(99, 'BELTRÁN', 25, 1, '2014-04-02 19:26:11', 1, '127.0.0.1', NULL, NULL, NULL),
(100, 'BERBEO', 15, 1, '2014-04-02 19:26:11', 1, '127.0.0.1', NULL, NULL, NULL),
(101, 'BETANIA', 5, 1, '2014-04-02 19:26:11', 1, '127.0.0.1', NULL, NULL, NULL),
(102, 'BETÉITIVA', 15, 1, '2014-04-02 19:26:11', 1, '127.0.0.1', NULL, NULL, NULL),
(103, 'BETULIA', 68, 1, '2014-04-02 19:26:11', 1, '127.0.0.1', NULL, NULL, NULL),
(104, 'BETULIA', 5, 1, '2014-04-02 19:26:11', 1, '127.0.0.1', NULL, NULL, NULL),
(105, 'BITUIMA', 25, 1, '2014-04-02 19:26:11', 1, '127.0.0.1', NULL, NULL, NULL),
(106, 'BOAVITA', 15, 1, '2014-04-02 19:26:11', 1, '127.0.0.1', NULL, NULL, NULL),
(107, 'BOCHALEMA', 54, 1, '2014-04-02 19:26:11', 1, '127.0.0.1', NULL, NULL, NULL),
(108, 'BOGOTÁ D.C.', 11, 1, '2014-04-02 19:26:11', 1, '127.0.0.1', NULL, NULL, NULL),
(109, 'BOJACÁ', 25, 1, '2014-04-02 19:26:11', 1, '127.0.0.1', NULL, NULL, NULL),
(110, 'BOJAYÁ', 27, 1, '2014-04-02 19:26:11', 1, '127.0.0.1', NULL, NULL, NULL),
(111, 'BOLÍVAR', 68, 1, '2014-04-02 19:26:11', 1, '127.0.0.1', NULL, NULL, NULL),
(112, 'BOLÍVAR', 19, 1, '2014-04-02 19:26:11', 1, '127.0.0.1', NULL, NULL, NULL),
(113, 'BOSCONIA', 20, 1, '2014-04-02 19:26:11', 1, '127.0.0.1', NULL, NULL, NULL),
(114, 'BOYACÁ', 15, 1, '2014-04-02 19:26:11', 1, '127.0.0.1', NULL, NULL, NULL),
(115, 'BRICEÑO', 15, 1, '2014-04-02 19:26:11', 1, '127.0.0.1', NULL, NULL, NULL),
(116, 'BRICEÑO', 5, 1, '2014-04-02 19:26:11', 1, '127.0.0.1', NULL, NULL, NULL),
(117, 'BUCARAMANGA', 68, 1, '2014-04-02 19:26:11', 1, '127.0.0.1', NULL, NULL, NULL),
(118, 'BUCARASICA', 54, 1, '2014-04-02 19:26:11', 1, '127.0.0.1', NULL, NULL, NULL),
(119, 'BUENAVENTURA', 76, 1, '2014-04-02 19:26:11', 1, '127.0.0.1', NULL, NULL, NULL),
(120, 'BUENAVISTA', 15, 1, '2014-04-02 19:26:11', 1, '127.0.0.1', NULL, NULL, NULL),
(121, 'BUENAVISTA', 70, 1, '2014-04-02 19:26:11', 1, '127.0.0.1', NULL, NULL, NULL),
(122, 'BUENAVISTA', 23, 1, '2014-04-02 19:26:11', 1, '127.0.0.1', NULL, NULL, NULL),
(123, 'BUENAVISTA', 63, 1, '2014-04-02 19:26:11', 1, '127.0.0.1', NULL, NULL, NULL),
(124, 'BUENOS AIRES', 19, 1, '2014-04-02 19:26:11', 1, '127.0.0.1', NULL, NULL, NULL),
(125, 'BUESACO', 52, 1, '2014-04-02 19:26:11', 1, '127.0.0.1', NULL, NULL, NULL),
(126, 'BUGALAGRANDE', 76, 1, '2014-04-02 19:26:11', 1, '127.0.0.1', NULL, NULL, NULL),
(127, 'BURITICÁ', 5, 1, '2014-04-02 19:26:11', 1, '127.0.0.1', NULL, NULL, NULL),
(128, 'BUSBANZÁ', 15, 1, '2014-04-02 19:26:11', 1, '127.0.0.1', NULL, NULL, NULL),
(129, 'CABRERA', 68, 1, '2014-04-02 19:26:11', 1, '127.0.0.1', NULL, NULL, NULL),
(130, 'CABRERA', 25, 1, '2014-04-02 19:26:11', 1, '127.0.0.1', NULL, NULL, NULL),
(131, 'CABUYARO', 50, 1, '2014-04-02 19:26:11', 1, '127.0.0.1', NULL, NULL, NULL),
(132, 'CACAHUAL', 94, 1, '2014-04-02 19:26:11', 1, '127.0.0.1', NULL, NULL, NULL),
(133, 'CÁCERES', 5, 1, '2014-04-02 19:26:11', 1, '127.0.0.1', NULL, NULL, NULL),
(134, 'CACHIPAY', 25, 1, '2014-04-02 19:26:11', 1, '127.0.0.1', NULL, NULL, NULL),
(135, 'CÁCHIRA', 54, 1, '2014-04-02 19:26:11', 1, '127.0.0.1', NULL, NULL, NULL),
(136, 'CÁCOTA', 54, 1, '2014-04-02 19:26:11', 1, '127.0.0.1', NULL, NULL, NULL),
(137, 'CAICEDO', 5, 1, '2014-04-02 19:26:11', 1, '127.0.0.1', NULL, NULL, NULL),
(138, 'CAICEDONIA', 76, 1, '2014-04-02 19:26:11', 1, '127.0.0.1', NULL, NULL, NULL),
(139, 'CAIMITO', 70, 1, '2014-04-02 19:26:11', 1, '127.0.0.1', NULL, NULL, NULL),
(140, 'CAJAMARCA', 73, 1, '2014-04-02 19:26:11', 1, '127.0.0.1', NULL, NULL, NULL),
(141, 'CAJIBÍO', 19, 1, '2014-04-02 19:26:11', 1, '127.0.0.1', NULL, NULL, NULL),
(142, 'CAJICÁ', 25, 1, '2014-04-02 19:26:11', 1, '127.0.0.1', NULL, NULL, NULL),
(143, 'CALAMAR', 95, 1, '2014-04-02 19:26:11', 1, '127.0.0.1', NULL, NULL, NULL),
(144, 'CALAMAR', 13, 1, '2014-04-02 19:26:11', 1, '127.0.0.1', NULL, NULL, NULL),
(145, 'CALARCÁ', 63, 1, '2014-04-02 19:26:11', 1, '127.0.0.1', NULL, NULL, NULL),
(146, 'CALDAS', 5, 1, '2014-04-02 19:26:11', 1, '127.0.0.1', NULL, NULL, NULL),
(147, 'CALDAS', 15, 1, '2014-04-02 19:26:11', 1, '127.0.0.1', NULL, NULL, NULL),
(148, 'CALDONO', 19, 1, '2014-04-02 19:26:11', 1, '127.0.0.1', NULL, NULL, NULL),
(149, 'CALI', 76, 1, '2014-04-02 19:26:11', 1, '127.0.0.1', NULL, NULL, NULL),
(150, 'CALIFORNIA', 68, 1, '2014-04-02 19:26:11', 1, '127.0.0.1', NULL, NULL, NULL),
(151, 'CALIMA', 76, 1, '2014-04-02 19:26:11', 1, '127.0.0.1', NULL, NULL, NULL),
(152, 'CALOTO', 19, 1, '2014-04-02 19:26:11', 1, '127.0.0.1', NULL, NULL, NULL),
(153, 'CAMPAMENTO', 5, 1, '2014-04-02 19:26:11', 1, '127.0.0.1', NULL, NULL, NULL),
(154, 'CAMPO DE LA CRUZ', 8, 1, '2014-04-02 19:26:11', 1, '127.0.0.1', NULL, NULL, NULL),
(155, 'CAMPOALEGRE', 41, 1, '2014-04-02 19:26:11', 1, '127.0.0.1', NULL, NULL, NULL),
(156, 'CAMPOHERMOSO', 15, 1, '2014-04-02 19:26:11', 1, '127.0.0.1', NULL, NULL, NULL),
(157, 'CANALETE', 23, 1, '2014-04-02 19:26:11', 1, '127.0.0.1', NULL, NULL, NULL),
(158, 'CAÑASGORDAS', 5, 1, '2014-04-02 19:26:11', 1, '127.0.0.1', NULL, NULL, NULL),
(159, 'CANDELARIA', 8, 1, '2014-04-02 19:26:11', 1, '127.0.0.1', NULL, NULL, NULL),
(160, 'CANDELARIA', 76, 1, '2014-04-02 19:26:11', 1, '127.0.0.1', NULL, NULL, NULL),
(161, 'CANTAGALLO', 13, 1, '2014-04-02 19:26:11', 1, '127.0.0.1', NULL, NULL, NULL),
(162, 'CAPARRAPÍ', 25, 1, '2014-04-02 19:26:11', 1, '127.0.0.1', NULL, NULL, NULL),
(163, 'CAPITANEJO', 68, 1, '2014-04-02 19:26:11', 1, '127.0.0.1', NULL, NULL, NULL),
(164, 'CÁQUEZA', 25, 1, '2014-04-02 19:26:11', 1, '127.0.0.1', NULL, NULL, NULL),
(165, 'CARACOLÍ', 5, 1, '2014-04-02 19:26:11', 1, '127.0.0.1', NULL, NULL, NULL),
(166, 'CARAMANTA', 5, 1, '2014-04-02 19:26:11', 1, '127.0.0.1', NULL, NULL, NULL),
(167, 'CARCASÍ', 68, 1, '2014-04-02 19:26:11', 1, '127.0.0.1', NULL, NULL, NULL),
(168, 'CAREPA', 5, 1, '2014-04-02 19:26:11', 1, '127.0.0.1', NULL, NULL, NULL),
(169, 'CARMEN DE APICALÁ', 73, 1, '2014-04-02 19:26:11', 1, '127.0.0.1', NULL, NULL, NULL),
(170, 'CARMEN DE CARUPA', 25, 1, '2014-04-02 19:26:11', 1, '127.0.0.1', NULL, NULL, NULL),
(171, 'CARMEN DEL DARIÉN', 27, 1, '2014-04-02 19:26:11', 1, '127.0.0.1', NULL, NULL, NULL),
(172, 'CAROLINA', 5, 1, '2014-04-02 19:26:11', 1, '127.0.0.1', NULL, NULL, NULL),
(173, 'CARTAGENA DE INDIAS', 13, 1, '2014-04-02 19:26:11', 1, '127.0.0.1', NULL, NULL, NULL),
(174, 'CARTAGENA DEL CHAIRÁ', 18, 1, '2014-04-02 19:26:11', 1, '127.0.0.1', NULL, NULL, NULL),
(175, 'CARTAGO', 76, 1, '2014-04-02 19:26:11', 1, '127.0.0.1', NULL, NULL, NULL),
(176, 'CARURÚ', 97, 1, '2014-04-02 19:26:11', 1, '127.0.0.1', NULL, NULL, NULL),
(177, 'CASABIANCA', 73, 1, '2014-04-02 19:26:11', 1, '127.0.0.1', NULL, NULL, NULL),
(178, 'CASTILLA LA NUEVA', 50, 1, '2014-04-02 19:26:11', 1, '127.0.0.1', NULL, NULL, NULL),
(179, 'CAUCASIA', 5, 1, '2014-04-02 19:26:11', 1, '127.0.0.1', NULL, NULL, NULL),
(180, 'CEPITÁ', 68, 1, '2014-04-02 19:26:11', 1, '127.0.0.1', NULL, NULL, NULL),
(181, 'CERETÉ', 23, 1, '2014-04-02 19:26:11', 1, '127.0.0.1', NULL, NULL, NULL),
(182, 'CERINZA', 15, 1, '2014-04-02 19:26:11', 1, '127.0.0.1', NULL, NULL, NULL),
(183, 'CERRITO', 68, 1, '2014-04-02 19:26:11', 1, '127.0.0.1', NULL, NULL, NULL),
(184, 'CERRO DE SAN ANTONIO', 47, 1, '2014-04-02 19:26:11', 1, '127.0.0.1', NULL, NULL, NULL),
(185, 'CÉRTEGUI', 27, 1, '2014-04-02 19:26:11', 1, '127.0.0.1', NULL, NULL, NULL),
(186, 'CHACHAGÜÍ', 52, 1, '2014-04-02 19:26:11', 1, '127.0.0.1', NULL, NULL, NULL),
(187, 'CHAGUANÍ', 25, 1, '2014-04-02 19:26:11', 1, '127.0.0.1', NULL, NULL, NULL),
(188, 'CHALÁN', 70, 1, '2014-04-02 19:26:11', 1, '127.0.0.1', NULL, NULL, NULL),
(189, 'CHÁMEZA', 85, 1, '2014-04-02 19:26:11', 1, '127.0.0.1', NULL, NULL, NULL),
(190, 'CHAPARRAL', 73, 1, '2014-04-02 19:26:11', 1, '127.0.0.1', NULL, NULL, NULL),
(191, 'CHARALÁ', 68, 1, '2014-04-02 19:26:11', 1, '127.0.0.1', NULL, NULL, NULL),
(192, 'CHARTA', 68, 1, '2014-04-02 19:26:11', 1, '127.0.0.1', NULL, NULL, NULL),
(193, 'CHÍA', 25, 1, '2014-04-02 19:26:11', 1, '127.0.0.1', NULL, NULL, NULL),
(194, 'CHIGORODÓ', 5, 1, '2014-04-02 19:26:11', 1, '127.0.0.1', NULL, NULL, NULL),
(195, 'CHIMA', 68, 1, '2014-04-02 19:26:11', 1, '127.0.0.1', NULL, NULL, NULL),
(196, 'CHIMÁ', 23, 1, '2014-04-02 19:26:11', 1, '127.0.0.1', NULL, NULL, NULL),
(197, 'CHIMICHAGUA', 20, 1, '2014-04-02 19:26:11', 1, '127.0.0.1', NULL, NULL, NULL),
(198, 'CHINÁCOTA', 54, 1, '2014-04-02 19:26:11', 1, '127.0.0.1', NULL, NULL, NULL),
(199, 'CHINAVITA', 15, 1, '2014-04-02 19:26:11', 1, '127.0.0.1', NULL, NULL, NULL),
(200, 'CHINCHINÁ', 17, 1, '2014-04-02 19:26:11', 1, '127.0.0.1', NULL, NULL, NULL),
(201, 'CHINÚ', 23, 1, '2014-04-02 19:26:11', 1, '127.0.0.1', NULL, NULL, NULL),
(202, 'CHIPAQUE', 25, 1, '2014-04-02 19:26:11', 1, '127.0.0.1', NULL, NULL, NULL),
(203, 'CHIPATÁ', 68, 1, '2014-04-02 19:26:11', 1, '127.0.0.1', NULL, NULL, NULL),
(204, 'CHIQUINQUIRÁ', 15, 1, '2014-04-02 19:26:11', 1, '127.0.0.1', NULL, NULL, NULL),
(205, 'CHÍQUIZA', 15, 1, '2014-04-02 19:26:11', 1, '127.0.0.1', NULL, NULL, NULL),
(206, 'CHIRIGUANÁ', 20, 1, '2014-04-02 19:26:11', 1, '127.0.0.1', NULL, NULL, NULL),
(207, 'CHISCAS', 15, 1, '2014-04-02 19:26:11', 1, '127.0.0.1', NULL, NULL, NULL),
(208, 'CHITA', 15, 1, '2014-04-02 19:26:11', 1, '127.0.0.1', NULL, NULL, NULL),
(209, 'CHITAGÁ', 54, 1, '2014-04-02 19:26:11', 1, '127.0.0.1', NULL, NULL, NULL),
(210, 'CHITARAQUE', 15, 1, '2014-04-02 19:26:11', 1, '127.0.0.1', NULL, NULL, NULL),
(211, 'CHIVATÁ', 15, 1, '2014-04-02 19:26:11', 1, '127.0.0.1', NULL, NULL, NULL),
(212, 'CHIVOLO', 47, 1, '2014-04-02 19:26:11', 1, '127.0.0.1', NULL, NULL, NULL),
(213, 'CHIVOR', 15, 1, '2014-04-02 19:26:11', 1, '127.0.0.1', NULL, NULL, NULL),
(214, 'CHOACHÍ', 25, 1, '2014-04-02 19:26:11', 1, '127.0.0.1', NULL, NULL, NULL),
(215, 'CHOCONTÁ', 25, 1, '2014-04-02 19:26:11', 1, '127.0.0.1', NULL, NULL, NULL),
(216, 'CICUCO', 13, 1, '2014-04-02 19:26:11', 1, '127.0.0.1', NULL, NULL, NULL),
(217, 'CIÉNAGA', 47, 1, '2014-04-02 19:26:11', 1, '127.0.0.1', NULL, NULL, NULL),
(218, 'CIÉNAGA DE ORO', 23, 1, '2014-04-02 19:26:11', 1, '127.0.0.1', NULL, NULL, NULL),
(219, 'CIÉNEGA', 15, 1, '2014-04-02 19:26:11', 1, '127.0.0.1', NULL, NULL, NULL),
(220, 'CIMITARRA', 68, 1, '2014-04-02 19:26:11', 1, '127.0.0.1', NULL, NULL, NULL),
(221, 'CIRCASIA', 63, 1, '2014-04-02 19:26:11', 1, '127.0.0.1', NULL, NULL, NULL),
(222, 'CISNEROS', 5, 1, '2014-04-02 19:26:11', 1, '127.0.0.1', NULL, NULL, NULL),
(223, 'CIUDAD BOLÍVAR', 5, 1, '2014-04-02 19:26:11', 1, '127.0.0.1', NULL, NULL, NULL),
(224, 'CLEMENCIA', 13, 1, '2014-04-02 19:26:11', 1, '127.0.0.1', NULL, NULL, NULL),
(225, 'COCORNÁ', 5, 1, '2014-04-02 19:26:11', 1, '127.0.0.1', NULL, NULL, NULL),
(226, 'COELLO', 73, 1, '2014-04-02 19:26:11', 1, '127.0.0.1', NULL, NULL, NULL),
(227, 'COGUA', 25, 1, '2014-04-02 19:26:11', 1, '127.0.0.1', NULL, NULL, NULL),
(228, 'COLOMBIA', 41, 1, '2014-04-02 19:26:11', 1, '127.0.0.1', NULL, NULL, NULL),
(229, 'COLÓN', 86, 1, '2014-04-02 19:26:11', 1, '127.0.0.1', NULL, NULL, NULL),
(230, 'COLÓN', 52, 1, '2014-04-02 19:26:11', 1, '127.0.0.1', NULL, NULL, NULL),
(231, 'COLOSÓ', 70, 1, '2014-04-02 19:26:11', 1, '127.0.0.1', NULL, NULL, NULL),
(232, 'CÓMBITA', 15, 1, '2014-04-02 19:26:11', 1, '127.0.0.1', NULL, NULL, NULL),
(233, 'CONCEPCIÓN', 5, 1, '2014-04-02 19:26:11', 1, '127.0.0.1', NULL, NULL, NULL),
(234, 'CONCEPCIÓN', 68, 1, '2014-04-02 19:26:11', 1, '127.0.0.1', NULL, NULL, NULL),
(235, 'CONCORDIA', 47, 1, '2014-04-02 19:26:11', 1, '127.0.0.1', NULL, NULL, NULL),
(236, 'CONCORDIA', 5, 1, '2014-04-02 19:26:11', 1, '127.0.0.1', NULL, NULL, NULL),
(237, 'CONDOTO', 27, 1, '2014-04-02 19:26:11', 1, '127.0.0.1', NULL, NULL, NULL),
(238, 'CONFINES', 68, 1, '2014-04-02 19:26:11', 1, '127.0.0.1', NULL, NULL, NULL),
(239, 'CONSACÁ', 52, 1, '2014-04-02 19:26:11', 1, '127.0.0.1', NULL, NULL, NULL),
(240, 'CONTADERO', 52, 1, '2014-04-02 19:26:11', 1, '127.0.0.1', NULL, NULL, NULL),
(241, 'CONTRATACIÓN', 68, 1, '2014-04-02 19:26:11', 1, '127.0.0.1', NULL, NULL, NULL),
(242, 'CONVENCIÓN', 54, 1, '2014-04-02 19:26:11', 1, '127.0.0.1', NULL, NULL, NULL),
(243, 'COPACABANA', 5, 1, '2014-04-02 19:26:11', 1, '127.0.0.1', NULL, NULL, NULL),
(244, 'COPER', 15, 1, '2014-04-02 19:26:11', 1, '127.0.0.1', NULL, NULL, NULL),
(245, 'CÓRDOBA', 13, 1, '2014-04-02 19:26:11', 1, '127.0.0.1', NULL, NULL, NULL),
(246, 'CÓRDOBA', 52, 1, '2014-04-02 19:26:11', 1, '127.0.0.1', NULL, NULL, NULL),
(247, 'CORINTO', 19, 1, '2014-04-02 19:26:11', 1, '127.0.0.1', NULL, NULL, NULL),
(248, 'COROMORO', 68, 1, '2014-04-02 19:26:11', 1, '127.0.0.1', NULL, NULL, NULL),
(249, 'COROZAL', 70, 1, '2014-04-02 19:26:11', 1, '127.0.0.1', NULL, NULL, NULL),
(250, 'CORRALES', 15, 1, '2014-04-02 19:26:11', 1, '127.0.0.1', NULL, NULL, NULL),
(251, 'COTA', 25, 1, '2014-04-02 19:26:11', 1, '127.0.0.1', NULL, NULL, NULL),
(252, 'COTORRA', 23, 1, '2014-04-02 19:26:11', 1, '127.0.0.1', NULL, NULL, NULL),
(253, 'COVARACHÍA', 15, 1, '2014-04-02 19:26:11', 1, '127.0.0.1', NULL, NULL, NULL),
(254, 'COVEÑAS', 70, 1, '2014-04-02 19:26:11', 1, '127.0.0.1', NULL, NULL, NULL),
(255, 'COYAIMA', 73, 1, '2014-04-02 19:26:11', 1, '127.0.0.1', NULL, NULL, NULL),
(256, 'CRAVO NORTE', 81, 1, '2014-04-02 19:26:11', 1, '127.0.0.1', NULL, NULL, NULL),
(257, 'CUASPÚD', 52, 1, '2014-04-02 19:26:11', 1, '127.0.0.1', NULL, NULL, NULL),
(258, 'CUBARÁ', 15, 1, '2014-04-02 19:26:11', 1, '127.0.0.1', NULL, NULL, NULL),
(259, 'CUBARRAL', 50, 1, '2014-04-02 19:26:11', 1, '127.0.0.1', NULL, NULL, NULL),
(260, 'CUCAITA', 15, 1, '2014-04-02 19:26:11', 1, '127.0.0.1', NULL, NULL, NULL),
(261, 'CUCUNUBÁ', 25, 1, '2014-04-02 19:26:11', 1, '127.0.0.1', NULL, NULL, NULL),
(262, 'CÚCUTA', 54, 1, '2014-04-02 19:26:11', 1, '127.0.0.1', NULL, NULL, NULL),
(263, 'CUCUTILLA', 54, 1, '2014-04-02 19:26:11', 1, '127.0.0.1', NULL, NULL, NULL),
(264, 'CUÍTIVA', 15, 1, '2014-04-02 19:26:11', 1, '127.0.0.1', NULL, NULL, NULL),
(265, 'CUMARAL', 50, 1, '2014-04-02 19:26:11', 1, '127.0.0.1', NULL, NULL, NULL),
(266, 'CUMARIBO', 99, 1, '2014-04-02 19:26:11', 1, '127.0.0.1', NULL, NULL, NULL),
(267, 'CUMBAL', 52, 1, '2014-04-02 19:26:11', 1, '127.0.0.1', NULL, NULL, NULL),
(268, 'CUMBITARA', 52, 1, '2014-04-02 19:26:11', 1, '127.0.0.1', NULL, NULL, NULL),
(269, 'CUNDAY', 73, 1, '2014-04-02 19:26:11', 1, '127.0.0.1', NULL, NULL, NULL),
(270, 'CURILLO', 18, 1, '2014-04-02 19:26:11', 1, '127.0.0.1', NULL, NULL, NULL),
(271, 'CURITÍ', 68, 1, '2014-04-02 19:26:11', 1, '127.0.0.1', NULL, NULL, NULL),
(272, 'CURUMANÍ', 20, 1, '2014-04-02 19:26:11', 1, '127.0.0.1', NULL, NULL, NULL),
(273, 'DABEIBA', 5, 1, '2014-04-02 19:26:11', 1, '127.0.0.1', NULL, NULL, NULL),
(274, 'DAGUA', 76, 1, '2014-04-02 19:26:11', 1, '127.0.0.1', NULL, NULL, NULL),
(275, 'DIBULLA', 44, 1, '2014-04-02 19:26:11', 1, '127.0.0.1', NULL, NULL, NULL),
(276, 'DISTRACCIÓN', 44, 1, '2014-04-02 19:26:11', 1, '127.0.0.1', NULL, NULL, NULL),
(277, 'DOLORES', 73, 1, '2014-04-02 19:26:11', 1, '127.0.0.1', NULL, NULL, NULL),
(278, 'DONMATÍAS', 5, 1, '2014-04-02 19:26:11', 1, '127.0.0.1', NULL, NULL, NULL),
(279, 'DOSQUEBRADAS', 66, 1, '2014-04-02 19:26:11', 1, '127.0.0.1', NULL, NULL, NULL),
(280, 'DUITAMA', 15, 1, '2014-04-02 19:26:11', 1, '127.0.0.1', NULL, NULL, NULL),
(281, 'DURANIA', 54, 1, '2014-04-02 19:26:11', 1, '127.0.0.1', NULL, NULL, NULL),
(282, 'EBÉJICO', 5, 1, '2014-04-02 19:26:11', 1, '127.0.0.1', NULL, NULL, NULL),
(283, 'EL ÁGUILA', 76, 1, '2014-04-02 19:26:11', 1, '127.0.0.1', NULL, NULL, NULL),
(284, 'EL BAGRE', 5, 1, '2014-04-02 19:26:11', 1, '127.0.0.1', NULL, NULL, NULL),
(285, 'EL BANCO', 47, 1, '2014-04-02 19:26:11', 1, '127.0.0.1', NULL, NULL, NULL),
(286, 'EL CAIRO', 76, 1, '2014-04-02 19:26:11', 1, '127.0.0.1', NULL, NULL, NULL),
(287, 'EL CALVARIO', 50, 1, '2014-04-02 19:26:11', 1, '127.0.0.1', NULL, NULL, NULL),
(288, 'EL CANTÓN DEL SAN PABLO', 27, 1, '2014-04-02 19:26:11', 1, '127.0.0.1', NULL, NULL, NULL),
(289, 'EL CARMEN', 54, 1, '2014-04-02 19:26:11', 1, '127.0.0.1', NULL, NULL, NULL),
(290, 'EL CARMEN DE ATRATO', 27, 1, '2014-04-02 19:26:11', 1, '127.0.0.1', NULL, NULL, NULL),
(291, 'EL CARMEN DE BOLÍVAR', 13, 1, '2014-04-02 19:26:11', 1, '127.0.0.1', NULL, NULL, NULL),
(292, 'EL CARMEN DE CHUCURÍ', 68, 1, '2014-04-02 19:26:11', 1, '127.0.0.1', NULL, NULL, NULL),
(293, 'EL CARMEN DE VIBORAL', 5, 1, '2014-04-02 19:26:11', 1, '127.0.0.1', NULL, NULL, NULL),
(294, 'EL CASTILLO', 50, 1, '2014-04-02 19:26:11', 1, '127.0.0.1', NULL, NULL, NULL),
(295, 'EL CERRITO', 76, 1, '2014-04-02 19:26:11', 1, '127.0.0.1', NULL, NULL, NULL),
(296, 'EL CHARCO', 52, 1, '2014-04-02 19:26:11', 1, '127.0.0.1', NULL, NULL, NULL),
(297, 'EL COCUY', 15, 1, '2014-04-02 19:26:11', 1, '127.0.0.1', NULL, NULL, NULL),
(298, 'EL COLEGIO', 25, 1, '2014-04-02 19:26:11', 1, '127.0.0.1', NULL, NULL, NULL),
(299, 'EL COPEY', 20, 1, '2014-04-02 19:26:11', 1, '127.0.0.1', NULL, NULL, NULL),
(300, 'EL DONCELLO', 18, 1, '2014-04-02 19:26:11', 1, '127.0.0.1', NULL, NULL, NULL),
(301, 'EL DORADO', 50, 1, '2014-04-02 19:26:11', 1, '127.0.0.1', NULL, NULL, NULL),
(302, 'EL DOVIO', 76, 1, '2014-04-02 19:26:11', 1, '127.0.0.1', NULL, NULL, NULL),
(303, 'EL ENCANTO', 91, 1, '2014-04-02 19:26:11', 1, '127.0.0.1', NULL, NULL, NULL),
(304, 'EL ESPINO', 15, 1, '2014-04-02 19:26:11', 1, '127.0.0.1', NULL, NULL, NULL),
(305, 'EL GUACAMAYO', 68, 1, '2014-04-02 19:26:11', 1, '127.0.0.1', NULL, NULL, NULL),
(306, 'EL GUAMO', 13, 1, '2014-04-02 19:26:11', 1, '127.0.0.1', NULL, NULL, NULL),
(307, 'EL LITORAL DEL SAN JUAN', 27, 1, '2014-04-02 19:26:11', 1, '127.0.0.1', NULL, NULL, NULL),
(308, 'EL MOLINO', 44, 1, '2014-04-02 19:26:11', 1, '127.0.0.1', NULL, NULL, NULL),
(309, 'EL PASO', 20, 1, '2014-04-02 19:26:11', 1, '127.0.0.1', NULL, NULL, NULL),
(310, 'EL PAUJÍL', 18, 1, '2014-04-02 19:26:11', 1, '127.0.0.1', NULL, NULL, NULL),
(311, 'EL PEÑOL', 52, 1, '2014-04-02 19:26:11', 1, '127.0.0.1', NULL, NULL, NULL),
(312, 'EL PEÑÓN', 68, 1, '2014-04-02 19:26:11', 1, '127.0.0.1', NULL, NULL, NULL),
(313, 'EL PEÑÓN', 25, 1, '2014-04-02 19:26:11', 1, '127.0.0.1', NULL, NULL, NULL),
(314, 'EL PEÑÓN', 13, 1, '2014-04-02 19:26:11', 1, '127.0.0.1', NULL, NULL, NULL),
(315, 'EL PIÑÓN', 47, 1, '2014-04-02 19:26:11', 1, '127.0.0.1', NULL, NULL, NULL),
(316, 'EL PLAYÓN', 68, 1, '2014-04-02 19:26:11', 1, '127.0.0.1', NULL, NULL, NULL),
(317, 'EL RETÉN', 47, 1, '2014-04-02 19:26:11', 1, '127.0.0.1', NULL, NULL, NULL),
(318, 'EL RETORNO', 95, 1, '2014-04-02 19:26:11', 1, '127.0.0.1', NULL, NULL, NULL),
(319, 'EL ROBLE', 70, 1, '2014-04-02 19:26:11', 1, '127.0.0.1', NULL, NULL, NULL),
(320, 'EL ROSAL', 25, 1, '2014-04-02 19:26:11', 1, '127.0.0.1', NULL, NULL, NULL),
(321, 'EL ROSARIO', 52, 1, '2014-04-02 19:26:11', 1, '127.0.0.1', NULL, NULL, NULL),
(322, 'EL SANTUARIO', 5, 1, '2014-04-02 19:26:11', 1, '127.0.0.1', NULL, NULL, NULL),
(323, 'EL TABLÓN DE GÓMEZ', 52, 1, '2014-04-02 19:26:11', 1, '127.0.0.1', NULL, NULL, NULL),
(324, 'EL TAMBO', 19, 1, '2014-04-02 19:26:11', 1, '127.0.0.1', NULL, NULL, NULL),
(325, 'EL TAMBO', 52, 1, '2014-04-02 19:26:11', 1, '127.0.0.1', NULL, NULL, NULL),
(326, 'EL TARRA', 54, 1, '2014-04-02 19:26:11', 1, '127.0.0.1', NULL, NULL, NULL),
(327, 'EL ZULIA', 54, 1, '2014-04-02 19:26:11', 1, '127.0.0.1', NULL, NULL, NULL),
(328, 'ELÍAS', 41, 1, '2014-04-02 19:26:11', 1, '127.0.0.1', NULL, NULL, NULL),
(329, 'ENCINO', 68, 1, '2014-04-02 19:26:11', 1, '127.0.0.1', NULL, NULL, NULL),
(330, 'ENCISO', 68, 1, '2014-04-02 19:26:11', 1, '127.0.0.1', NULL, NULL, NULL),
(331, 'ENTRERRÍOS', 5, 1, '2014-04-02 19:26:11', 1, '127.0.0.1', NULL, NULL, NULL),
(332, 'ENVIGADO', 5, 1, '2014-04-02 19:26:11', 1, '127.0.0.1', NULL, NULL, NULL),
(333, 'ESPINAL', 73, 1, '2014-04-02 19:26:11', 1, '127.0.0.1', NULL, NULL, NULL),
(334, 'FACATATIVÁ', 25, 1, '2014-04-02 19:26:11', 1, '127.0.0.1', NULL, NULL, NULL),
(335, 'FALAN', 73, 1, '2014-04-02 19:26:11', 1, '127.0.0.1', NULL, NULL, NULL),
(336, 'FILADELFIA', 17, 1, '2014-04-02 19:26:11', 1, '127.0.0.1', NULL, NULL, NULL),
(337, 'FILANDIA', 63, 1, '2014-04-02 19:26:11', 1, '127.0.0.1', NULL, NULL, NULL),
(338, 'FIRAVITOBA', 15, 1, '2014-04-02 19:26:11', 1, '127.0.0.1', NULL, NULL, NULL),
(339, 'FLANDES', 73, 1, '2014-04-02 19:26:11', 1, '127.0.0.1', NULL, NULL, NULL),
(340, 'FLORENCIA', 18, 1, '2014-04-02 19:26:11', 1, '127.0.0.1', NULL, NULL, NULL),
(341, 'FLORENCIA', 19, 1, '2014-04-02 19:26:11', 1, '127.0.0.1', NULL, NULL, NULL),
(342, 'FLORESTA', 15, 1, '2014-04-02 19:26:11', 1, '127.0.0.1', NULL, NULL, NULL),
(343, 'FLORIÁN', 68, 1, '2014-04-02 19:26:11', 1, '127.0.0.1', NULL, NULL, NULL),
(344, 'FLORIDA', 76, 1, '2014-04-02 19:26:11', 1, '127.0.0.1', NULL, NULL, NULL),
(345, 'FLORIDABLANCA', 68, 1, '2014-04-02 19:26:11', 1, '127.0.0.1', NULL, NULL, NULL),
(346, 'FÓMEQUE', 25, 1, '2014-04-02 19:26:11', 1, '127.0.0.1', NULL, NULL, NULL),
(347, 'FONSECA', 44, 1, '2014-04-02 19:26:11', 1, '127.0.0.1', NULL, NULL, NULL),
(348, 'FORTUL', 81, 1, '2014-04-02 19:26:11', 1, '127.0.0.1', NULL, NULL, NULL),
(349, 'FOSCA', 25, 1, '2014-04-02 19:26:11', 1, '127.0.0.1', NULL, NULL, NULL),
(350, 'FRANCISCO PIZARRO', 52, 1, '2014-04-02 19:26:11', 1, '127.0.0.1', NULL, NULL, NULL),
(351, 'FREDONIA', 5, 1, '2014-04-02 19:26:11', 1, '127.0.0.1', NULL, NULL, NULL),
(352, 'FRESNO', 73, 1, '2014-04-02 19:26:11', 1, '127.0.0.1', NULL, NULL, NULL),
(353, 'FRONTINO', 5, 1, '2014-04-02 19:26:11', 1, '127.0.0.1', NULL, NULL, NULL),
(354, 'FUENTE DE ORO', 50, 1, '2014-04-02 19:26:11', 1, '127.0.0.1', NULL, NULL, NULL),
(355, 'FUNDACIÓN', 47, 1, '2014-04-02 19:26:11', 1, '127.0.0.1', NULL, NULL, NULL),
(356, 'FUNES', 52, 1, '2014-04-02 19:26:11', 1, '127.0.0.1', NULL, NULL, NULL),
(357, 'FUNZA', 25, 1, '2014-04-02 19:26:11', 1, '127.0.0.1', NULL, NULL, NULL),
(358, 'FÚQUENE', 25, 1, '2014-04-02 19:26:11', 1, '127.0.0.1', NULL, NULL, NULL),
(359, 'FUSAGASUGÁ', 25, 1, '2014-04-02 19:26:11', 1, '127.0.0.1', NULL, NULL, NULL),
(360, 'GACHALÁ', 25, 1, '2014-04-02 19:26:11', 1, '127.0.0.1', NULL, NULL, NULL),
(361, 'GACHANCIPÁ', 25, 1, '2014-04-02 19:26:11', 1, '127.0.0.1', NULL, NULL, NULL),
(362, 'GACHANTIVÁ', 15, 1, '2014-04-02 19:26:11', 1, '127.0.0.1', NULL, NULL, NULL),
(363, 'GACHETÁ', 25, 1, '2014-04-02 19:26:11', 1, '127.0.0.1', NULL, NULL, NULL),
(364, 'GALÁN', 68, 1, '2014-04-02 19:26:11', 1, '127.0.0.1', NULL, NULL, NULL),
(365, 'GALAPA', 8, 1, '2014-04-02 19:26:11', 1, '127.0.0.1', NULL, NULL, NULL),
(366, 'GALERAS', 70, 1, '2014-04-02 19:26:11', 1, '127.0.0.1', NULL, NULL, NULL),
(367, 'GAMA', 25, 1, '2014-04-02 19:26:11', 1, '127.0.0.1', NULL, NULL, NULL),
(368, 'GAMARRA', 20, 1, '2014-04-02 19:26:11', 1, '127.0.0.1', NULL, NULL, NULL),
(369, 'GÁMBITA', 68, 1, '2014-04-02 19:26:11', 1, '127.0.0.1', NULL, NULL, NULL),
(370, 'GÁMEZA', 15, 1, '2014-04-02 19:26:11', 1, '127.0.0.1', NULL, NULL, NULL),
(371, 'GARAGOA', 15, 1, '2014-04-02 19:26:11', 1, '127.0.0.1', NULL, NULL, NULL),
(372, 'GARZÓN', 41, 1, '2014-04-02 19:26:11', 1, '127.0.0.1', NULL, NULL, NULL),
(373, 'GÉNOVA', 63, 1, '2014-04-02 19:26:11', 1, '127.0.0.1', NULL, NULL, NULL),
(374, 'GIGANTE', 41, 1, '2014-04-02 19:26:11', 1, '127.0.0.1', NULL, NULL, NULL),
(375, 'GINEBRA', 76, 1, '2014-04-02 19:26:11', 1, '127.0.0.1', NULL, NULL, NULL),
(376, 'GIRALDO', 5, 1, '2014-04-02 19:26:11', 1, '127.0.0.1', NULL, NULL, NULL),
(377, 'GIRARDOT', 25, 1, '2014-04-02 19:26:11', 1, '127.0.0.1', NULL, NULL, NULL),
(378, 'GIRARDOTA', 5, 1, '2014-04-02 19:26:11', 1, '127.0.0.1', NULL, NULL, NULL),
(379, 'GIRÓN', 68, 1, '2014-04-02 19:26:11', 1, '127.0.0.1', NULL, NULL, NULL),
(380, 'GÓMEZ PLATA', 5, 1, '2014-04-02 19:26:11', 1, '127.0.0.1', NULL, NULL, NULL),
(381, 'GONZÁLEZ', 20, 1, '2014-04-02 19:26:11', 1, '127.0.0.1', NULL, NULL, NULL),
(382, 'GRAMALOTE', 54, 1, '2014-04-02 19:26:11', 1, '127.0.0.1', NULL, NULL, NULL),
(383, 'GRANADA', 5, 1, '2014-04-02 19:26:11', 1, '127.0.0.1', NULL, NULL, NULL),
(384, 'GRANADA', 25, 1, '2014-04-02 19:26:11', 1, '127.0.0.1', NULL, NULL, NULL),
(385, 'GUACA', 68, 1, '2014-04-02 19:26:11', 1, '127.0.0.1', NULL, NULL, NULL),
(386, 'GUACAMAYAS', 15, 1, '2014-04-02 19:26:11', 1, '127.0.0.1', NULL, NULL, NULL),
(387, 'GUACARÍ', 76, 1, '2014-04-02 19:26:11', 1, '127.0.0.1', NULL, NULL, NULL),
(388, 'GUACHENÉ', 19, 1, '2014-04-02 19:26:11', 1, '127.0.0.1', NULL, NULL, NULL),
(389, 'GUACHETÁ', 25, 1, '2014-04-02 19:26:11', 1, '127.0.0.1', NULL, NULL, NULL),
(390, 'GUACHUCAL', 52, 1, '2014-04-02 19:26:11', 1, '127.0.0.1', NULL, NULL, NULL),
(391, 'GUADALAJARA DE BUGA', 76, 1, '2014-04-02 19:26:11', 1, '127.0.0.1', NULL, NULL, NULL),
(392, 'GUADALUPE', 5, 1, '2014-04-02 19:26:11', 1, '127.0.0.1', NULL, NULL, NULL),
(393, 'GUADALUPE', 41, 1, '2014-04-02 19:26:11', 1, '127.0.0.1', NULL, NULL, NULL),
(394, 'GUADALUPE', 68, 1, '2014-04-02 19:26:11', 1, '127.0.0.1', NULL, NULL, NULL),
(395, 'GUADUAS', 25, 1, '2014-04-02 19:26:11', 1, '127.0.0.1', NULL, NULL, NULL),
(396, 'GUAITARILLA', 52, 1, '2014-04-02 19:26:11', 1, '127.0.0.1', NULL, NULL, NULL),
(397, 'GUALMATÁN', 52, 1, '2014-04-02 19:26:11', 1, '127.0.0.1', NULL, NULL, NULL),
(398, 'GUAMAL', 47, 1, '2014-04-02 19:26:11', 1, '127.0.0.1', NULL, NULL, NULL),
(399, 'GUAMO', 73, 1, '2014-04-02 19:26:11', 1, '127.0.0.1', NULL, NULL, NULL),
(400, 'GUAPÍ', 19, 1, '2014-04-02 19:26:11', 1, '127.0.0.1', NULL, NULL, NULL),
(401, 'GUAPOTÁ', 68, 1, '2014-04-02 19:26:11', 1, '127.0.0.1', NULL, NULL, NULL),
(402, 'GUARANDA', 70, 1, '2014-04-02 19:26:11', 1, '127.0.0.1', NULL, NULL, NULL),
(403, 'GUARNE', 5, 1, '2014-04-02 19:26:11', 1, '127.0.0.1', NULL, NULL, NULL),
(404, 'GUASCA', 25, 1, '2014-04-02 19:26:11', 1, '127.0.0.1', NULL, NULL, NULL),
(405, 'GUATAPÉ', 5, 1, '2014-04-02 19:26:11', 1, '127.0.0.1', NULL, NULL, NULL),
(406, 'GUATAQUÍ', 25, 1, '2014-04-02 19:26:11', 1, '127.0.0.1', NULL, NULL, NULL),
(407, 'GUATAVITA', 25, 1, '2014-04-02 19:26:11', 1, '127.0.0.1', NULL, NULL, NULL),
(408, 'GUATEQUE', 15, 1, '2014-04-02 19:26:11', 1, '127.0.0.1', NULL, NULL, NULL),
(409, 'GUÁTICA', 66, 1, '2014-04-02 19:26:11', 1, '127.0.0.1', NULL, NULL, NULL),
(410, 'GUAVATÁ', 68, 1, '2014-04-02 19:26:11', 1, '127.0.0.1', NULL, NULL, NULL),
(411, 'GUAYABAL DE SÍQUIMA', 25, 1, '2014-04-02 19:26:11', 1, '127.0.0.1', NULL, NULL, NULL),
(412, 'GUAYABETAL', 25, 1, '2014-04-02 19:26:11', 1, '127.0.0.1', NULL, NULL, NULL),
(413, 'GUAYATÁ', 15, 1, '2014-04-02 19:26:11', 1, '127.0.0.1', NULL, NULL, NULL),
(414, 'GUTIÉRREZ', 25, 1, '2014-04-02 19:26:11', 1, '127.0.0.1', NULL, NULL, NULL),
(415, 'GÜEPSA', 68, 1, '2014-04-02 19:26:11', 1, '127.0.0.1', NULL, NULL, NULL),
(416, 'GÜICÁN', 15, 1, '2014-04-02 19:26:11', 1, '127.0.0.1', NULL, NULL, NULL),
(417, 'HACARÍ', 54, 1, '2014-04-02 19:26:11', 1, '127.0.0.1', NULL, NULL, NULL),
(418, 'HATILLO DE LOBA', 13, 1, '2014-04-02 19:26:11', 1, '127.0.0.1', NULL, NULL, NULL),
(419, 'HATO', 68, 1, '2014-04-02 19:26:11', 1, '127.0.0.1', NULL, NULL, NULL),
(420, 'HATO COROZAL', 85, 1, '2014-04-02 19:26:11', 1, '127.0.0.1', NULL, NULL, NULL),
(421, 'HATONUEVO', 44, 1, '2014-04-02 19:26:11', 1, '127.0.0.1', NULL, NULL, NULL),
(422, 'HELICONIA', 5, 1, '2014-04-02 19:26:11', 1, '127.0.0.1', NULL, NULL, NULL),
(423, 'HERRÁN', 54, 1, '2014-04-02 19:26:11', 1, '127.0.0.1', NULL, NULL, NULL),
(424, 'HERVEO', 73, 1, '2014-04-02 19:26:11', 1, '127.0.0.1', NULL, NULL, NULL),
(425, 'HISPANIA', 5, 1, '2014-04-02 19:26:11', 1, '127.0.0.1', NULL, NULL, NULL),
(426, 'HOBO', 41, 1, '2014-04-02 19:26:11', 1, '127.0.0.1', NULL, NULL, NULL),
(427, 'HONDA', 73, 1, '2014-04-02 19:26:11', 1, '127.0.0.1', NULL, NULL, NULL),
(428, 'IBAGUÉ', 73, 1, '2014-04-02 19:26:11', 1, '127.0.0.1', NULL, NULL, NULL),
(429, 'ICONONZO', 73, 1, '2014-04-02 19:26:11', 1, '127.0.0.1', NULL, NULL, NULL),
(430, 'ILES', 52, 1, '2014-04-02 19:26:11', 1, '127.0.0.1', NULL, NULL, NULL),
(431, 'IMUÉS', 52, 1, '2014-04-02 19:26:11', 1, '127.0.0.1', NULL, NULL, NULL),
(432, 'INÍRIDA', 94, 1, '2014-04-02 19:26:11', 1, '127.0.0.1', NULL, NULL, NULL),
(433, 'INZÁ', 19, 1, '2014-04-02 19:26:11', 1, '127.0.0.1', NULL, NULL, NULL),
(434, 'IPIALES', 52, 1, '2014-04-02 19:26:11', 1, '127.0.0.1', NULL, NULL, NULL),
(435, 'ÍQUIRA', 41, 1, '2014-04-02 19:26:11', 1, '127.0.0.1', NULL, NULL, NULL),
(436, 'ISNOS', 41, 1, '2014-04-02 19:26:11', 1, '127.0.0.1', NULL, NULL, NULL),
(437, 'ISTMINA', 27, 1, '2014-04-02 19:26:11', 1, '127.0.0.1', NULL, NULL, NULL),
(438, 'ITAGÜÍ', 5, 1, '2014-04-02 19:26:11', 1, '127.0.0.1', NULL, NULL, NULL),
(439, 'ITUANGO', 5, 1, '2014-04-02 19:26:11', 1, '127.0.0.1', NULL, NULL, NULL),
(440, 'IZA', 15, 1, '2014-04-02 19:26:11', 1, '127.0.0.1', NULL, NULL, NULL),
(441, 'JAMBALÓ', 19, 1, '2014-04-02 19:26:11', 1, '127.0.0.1', NULL, NULL, NULL),
(442, 'JAMUNDÍ', 76, 1, '2014-04-02 19:26:11', 1, '127.0.0.1', NULL, NULL, NULL),
(443, 'JARDÍN', 5, 1, '2014-04-02 19:26:11', 1, '127.0.0.1', NULL, NULL, NULL),
(444, 'JENESANO', 15, 1, '2014-04-02 19:26:11', 1, '127.0.0.1', NULL, NULL, NULL),
(445, 'JERICÓ', 5, 1, '2014-04-02 19:26:11', 1, '127.0.0.1', NULL, NULL, NULL),
(446, 'JERUSALÉN', 25, 1, '2014-04-02 19:26:11', 1, '127.0.0.1', NULL, NULL, NULL),
(447, 'JESÚS MARÍA', 68, 1, '2014-04-02 19:26:11', 1, '127.0.0.1', NULL, NULL, NULL),
(448, 'JORDÁN', 68, 1, '2014-04-02 19:26:11', 1, '127.0.0.1', NULL, NULL, NULL),
(449, 'JUAN DE ACOSTA', 8, 1, '2014-04-02 19:26:11', 1, '127.0.0.1', NULL, NULL, NULL),
(450, 'JUNÍN', 25, 1, '2014-04-02 19:26:11', 1, '127.0.0.1', NULL, NULL, NULL),
(451, 'JURADÓ', 27, 1, '2014-04-02 19:26:11', 1, '127.0.0.1', NULL, NULL, NULL),
(452, 'LA APARTADA', 23, 1, '2014-04-02 19:26:11', 1, '127.0.0.1', NULL, NULL, NULL),
(453, 'LA ARGENTINA', 41, 1, '2014-04-02 19:26:11', 1, '127.0.0.1', NULL, NULL, NULL),
(454, 'LA BELLEZA', 68, 1, '2014-04-02 19:26:11', 1, '127.0.0.1', NULL, NULL, NULL),
(455, 'LA CALERA', 25, 1, '2014-04-02 19:26:11', 1, '127.0.0.1', NULL, NULL, NULL),
(456, 'LA CAPILLA', 15, 1, '2014-04-02 19:26:11', 1, '127.0.0.1', NULL, NULL, NULL),
(457, 'LA CEJA', 5, 1, '2014-04-02 19:26:11', 1, '127.0.0.1', NULL, NULL, NULL),
(458, 'LA CELIA', 66, 1, '2014-04-02 19:26:11', 1, '127.0.0.1', NULL, NULL, NULL),
(459, 'LA CHORRERA', 91, 1, '2014-04-02 19:26:11', 1, '127.0.0.1', NULL, NULL, NULL),
(460, 'LA CRUZ', 52, 1, '2014-04-02 19:26:11', 1, '127.0.0.1', NULL, NULL, NULL),
(461, 'LA CUMBRE', 76, 1, '2014-04-02 19:26:11', 1, '127.0.0.1', NULL, NULL, NULL),
(462, 'LA DORADA', 17, 1, '2014-04-02 19:26:11', 1, '127.0.0.1', NULL, NULL, NULL),
(463, 'LA ESPERANZA', 54, 1, '2014-04-02 19:26:11', 1, '127.0.0.1', NULL, NULL, NULL),
(464, 'LA ESTRELLA', 5, 1, '2014-04-02 19:26:11', 1, '127.0.0.1', NULL, NULL, NULL),
(465, 'LA FLORIDA', 52, 1, '2014-04-02 19:26:11', 1, '127.0.0.1', NULL, NULL, NULL),
(466, 'LA GLORIA', 20, 1, '2014-04-02 19:26:11', 1, '127.0.0.1', NULL, NULL, NULL),
(467, 'LA GUADALUPE', 94, 1, '2014-04-02 19:26:11', 1, '127.0.0.1', NULL, NULL, NULL),
(468, 'LA JAGUA DE IBIRICO', 20, 1, '2014-04-02 19:26:11', 1, '127.0.0.1', NULL, NULL, NULL),
(469, 'LA JAGUA DEL PILAR', 44, 1, '2014-04-02 19:26:11', 1, '127.0.0.1', NULL, NULL, NULL),
(470, 'LA LLANADA', 52, 1, '2014-04-02 19:26:11', 1, '127.0.0.1', NULL, NULL, NULL),
(471, 'LA MACARENA', 50, 1, '2014-04-02 19:26:11', 1, '127.0.0.1', NULL, NULL, NULL),
(472, 'LA MERCED', 17, 1, '2014-04-02 19:26:11', 1, '127.0.0.1', NULL, NULL, NULL),
(473, 'LA MESA', 25, 1, '2014-04-02 19:26:11', 1, '127.0.0.1', NULL, NULL, NULL),
(474, 'LA MONTAÑITA', 18, 1, '2014-04-02 19:26:11', 1, '127.0.0.1', NULL, NULL, NULL),
(475, 'LA PALMA', 25, 1, '2014-04-02 19:26:11', 1, '127.0.0.1', NULL, NULL, NULL),
(476, 'LA PAZ', 20, 1, '2014-04-02 19:26:11', 1, '127.0.0.1', NULL, NULL, NULL),
(477, 'LA PAZ', 68, 1, '2014-04-02 19:26:11', 1, '127.0.0.1', NULL, NULL, NULL),
(478, 'LA PEDRERA', 91, 1, '2014-04-02 19:26:11', 1, '127.0.0.1', NULL, NULL, NULL),
(479, 'LA PEÑA', 25, 1, '2014-04-02 19:26:11', 1, '127.0.0.1', NULL, NULL, NULL),
(480, 'LA PINTADA', 5, 1, '2014-04-02 19:26:11', 1, '127.0.0.1', NULL, NULL, NULL),
(481, 'LA PLATA', 41, 1, '2014-04-02 19:26:11', 1, '127.0.0.1', NULL, NULL, NULL),
(482, 'LA PLAYA', 54, 1, '2014-04-02 19:26:11', 1, '127.0.0.1', NULL, NULL, NULL),
(483, 'LA PRIMAVERA', 99, 1, '2014-04-02 19:26:11', 1, '127.0.0.1', NULL, NULL, NULL),
(484, 'LA SALINA', 85, 1, '2014-04-02 19:26:11', 1, '127.0.0.1', NULL, NULL, NULL),
(485, 'LA SIERRA', 19, 1, '2014-04-02 19:26:11', 1, '127.0.0.1', NULL, NULL, NULL),
(486, 'LA TEBAIDA', 63, 1, '2014-04-02 19:26:11', 1, '127.0.0.1', NULL, NULL, NULL),
(487, 'LA TOLA', 52, 1, '2014-04-02 19:26:11', 1, '127.0.0.1', NULL, NULL, NULL),
(488, 'LA UNIÓN', 5, 1, '2014-04-02 19:26:11', 1, '127.0.0.1', NULL, NULL, NULL),
(489, 'LA UNIÓN', 52, 1, '2014-04-02 19:26:11', 1, '127.0.0.1', NULL, NULL, NULL),
(490, 'LA UVITA', 15, 1, '2014-04-02 19:26:11', 1, '127.0.0.1', NULL, NULL, NULL),
(491, 'LA VEGA', 25, 1, '2014-04-02 19:26:11', 1, '127.0.0.1', NULL, NULL, NULL),
(492, 'LA VEGA', 19, 1, '2014-04-02 19:26:11', 1, '127.0.0.1', NULL, NULL, NULL),
(493, 'LA VICTORIA', 15, 1, '2014-04-02 19:26:11', 1, '127.0.0.1', NULL, NULL, NULL),
(494, 'LA VICTORIA', 91, 1, '2014-04-02 19:26:11', 1, '127.0.0.1', NULL, NULL, NULL),
(495, 'LA VICTORIA', 76, 1, '2014-04-02 19:26:11', 1, '127.0.0.1', NULL, NULL, NULL),
(496, 'LA VIRGINIA', 66, 1, '2014-04-02 19:26:11', 1, '127.0.0.1', NULL, NULL, NULL),
(497, 'LABATECA', 54, 1, '2014-04-02 19:26:11', 1, '127.0.0.1', NULL, NULL, NULL),
(498, 'LABRANZAGRANDE', 15, 1, '2014-04-02 19:26:11', 1, '127.0.0.1', NULL, NULL, NULL),
(499, 'LANDÁZURI', 68, 1, '2014-04-02 19:26:11', 1, '127.0.0.1', NULL, NULL, NULL),
(500, 'LEBRIJA', 68, 1, '2014-04-02 19:26:11', 1, '127.0.0.1', NULL, NULL, NULL),
(501, 'LEIVA', 52, 1, '2014-04-02 19:26:11', 1, '127.0.0.1', NULL, NULL, NULL),
(502, 'LEJANÍAS', 50, 1, '2014-04-02 19:26:11', 1, '127.0.0.1', NULL, NULL, NULL),
(503, 'LENGUAZAQUE', 25, 1, '2014-04-02 19:26:11', 1, '127.0.0.1', NULL, NULL, NULL),
(504, 'LÉRIDA', 73, 1, '2014-04-02 19:26:11', 1, '127.0.0.1', NULL, NULL, NULL),
(505, 'LETICIA', 91, 1, '2014-04-02 19:26:11', 1, '127.0.0.1', NULL, NULL, NULL),
(506, 'LÍBANO', 73, 1, '2014-04-02 19:26:11', 1, '127.0.0.1', NULL, NULL, NULL),
(507, 'LIBORINA', 5, 1, '2014-04-02 19:26:11', 1, '127.0.0.1', NULL, NULL, NULL),
(508, 'LINARES', 52, 1, '2014-04-02 19:26:11', 1, '127.0.0.1', NULL, NULL, NULL),
(509, 'LLORÓ', 27, 1, '2014-04-02 19:26:11', 1, '127.0.0.1', NULL, NULL, NULL),
(510, 'LÓPEZ DE MICAY', 19, 1, '2014-04-02 19:26:11', 1, '127.0.0.1', NULL, NULL, NULL),
(511, 'LORICA', 23, 1, '2014-04-02 19:26:11', 1, '127.0.0.1', NULL, NULL, NULL),
(512, 'LOS ANDES', 52, 1, '2014-04-02 19:26:11', 1, '127.0.0.1', NULL, NULL, NULL),
(513, 'LOS CÓRDOBAS', 23, 1, '2014-04-02 19:26:11', 1, '127.0.0.1', NULL, NULL, NULL),
(514, 'LOS PALMITOS', 70, 1, '2014-04-02 19:26:11', 1, '127.0.0.1', NULL, NULL, NULL),
(515, 'LOS PATIOS', 54, 1, '2014-04-02 19:26:11', 1, '127.0.0.1', NULL, NULL, NULL),
(516, 'LOS SANTOS', 68, 1, '2014-04-02 19:26:11', 1, '127.0.0.1', NULL, NULL, NULL),
(517, 'LOURDES', 54, 1, '2014-04-02 19:26:11', 1, '127.0.0.1', NULL, NULL, NULL),
(518, 'LURUACO', 8, 1, '2014-04-02 19:26:11', 1, '127.0.0.1', NULL, NULL, NULL),
(519, 'MACANAL', 15, 1, '2014-04-02 19:26:11', 1, '127.0.0.1', NULL, NULL, NULL),
(520, 'MACARAVITA', 68, 1, '2014-04-02 19:26:11', 1, '127.0.0.1', NULL, NULL, NULL),
(521, 'MACEO', 5, 1, '2014-04-02 19:26:11', 1, '127.0.0.1', NULL, NULL, NULL),
(522, 'MACHETÁ', 25, 1, '2014-04-02 19:26:11', 1, '127.0.0.1', NULL, NULL, NULL),
(523, 'MADRID', 25, 1, '2014-04-02 19:26:11', 1, '127.0.0.1', NULL, NULL, NULL),
(524, 'MAGANGUÉ', 13, 1, '2014-04-02 19:26:11', 1, '127.0.0.1', NULL, NULL, NULL),
(525, 'MAGÜÍ', 52, 1, '2014-04-02 19:26:11', 1, '127.0.0.1', NULL, NULL, NULL),
(526, 'MAHATES', 13, 1, '2014-04-02 19:26:11', 1, '127.0.0.1', NULL, NULL, NULL),
(527, 'MAICAO', 44, 1, '2014-04-02 19:26:11', 1, '127.0.0.1', NULL, NULL, NULL),
(528, 'MAJAGUAL', 70, 1, '2014-04-02 19:26:11', 1, '127.0.0.1', NULL, NULL, NULL),
(529, 'MÁLAGA', 68, 1, '2014-04-02 19:26:11', 1, '127.0.0.1', NULL, NULL, NULL),
(530, 'MALAMBO', 8, 1, '2014-04-02 19:26:11', 1, '127.0.0.1', NULL, NULL, NULL),
(531, 'MALLAMA', 52, 1, '2014-04-02 19:26:11', 1, '127.0.0.1', NULL, NULL, NULL),
(532, 'MANATÍ', 8, 1, '2014-04-02 19:26:11', 1, '127.0.0.1', NULL, NULL, NULL),
(533, 'MANAURE', 44, 1, '2014-04-02 19:26:11', 1, '127.0.0.1', NULL, NULL, NULL),
(534, 'MANAURE BALCÓN DEL CESAR', 20, 1, '2014-04-02 19:26:11', 1, '127.0.0.1', NULL, NULL, NULL),
(535, 'MANÍ', 85, 1, '2014-04-02 19:26:11', 1, '127.0.0.1', NULL, NULL, NULL),
(536, 'MANIZALES', 17, 1, '2014-04-02 19:26:11', 1, '127.0.0.1', NULL, NULL, NULL),
(537, 'MANTA', 25, 1, '2014-04-02 19:26:11', 1, '127.0.0.1', NULL, NULL, NULL),
(538, 'MANZANARES', 17, 1, '2014-04-02 19:26:11', 1, '127.0.0.1', NULL, NULL, NULL),
(539, 'MAPIRIPÁN', 50, 1, '2014-04-02 19:26:11', 1, '127.0.0.1', NULL, NULL, NULL),
(540, 'MAPIRIPANA', 94, 1, '2014-04-02 19:26:11', 1, '127.0.0.1', NULL, NULL, NULL),
(541, 'MARGARITA', 13, 1, '2014-04-02 19:26:11', 1, '127.0.0.1', NULL, NULL, NULL),
(542, 'MARÍA LA BAJA', 13, 1, '2014-04-02 19:26:11', 1, '127.0.0.1', NULL, NULL, NULL),
(543, 'MARINILLA', 5, 1, '2014-04-02 19:26:11', 1, '127.0.0.1', NULL, NULL, NULL),
(544, 'MARIPÍ', 15, 1, '2014-04-02 19:26:11', 1, '127.0.0.1', NULL, NULL, NULL),
(545, 'MARMATO', 17, 1, '2014-04-02 19:26:11', 1, '127.0.0.1', NULL, NULL, NULL),
(546, 'MARQUETALIA', 17, 1, '2014-04-02 19:26:11', 1, '127.0.0.1', NULL, NULL, NULL),
(547, 'MARSELLA', 66, 1, '2014-04-02 19:26:11', 1, '127.0.0.1', NULL, NULL, NULL),
(548, 'MARULANDA', 17, 1, '2014-04-02 19:26:11', 1, '127.0.0.1', NULL, NULL, NULL),
(549, 'MATANZA', 68, 1, '2014-04-02 19:26:11', 1, '127.0.0.1', NULL, NULL, NULL),
(550, 'MEDELLÍN', 5, 1, '2014-04-02 19:26:11', 1, '127.0.0.1', NULL, NULL, NULL),
(551, 'MEDINA', 25, 1, '2014-04-02 19:26:11', 1, '127.0.0.1', NULL, NULL, NULL),
(552, 'MEDIO ATRATO', 27, 1, '2014-04-02 19:26:11', 1, '127.0.0.1', NULL, NULL, NULL),
(553, 'MEDIO BAUDÓ', 27, 1, '2014-04-02 19:26:11', 1, '127.0.0.1', NULL, NULL, NULL),
(554, 'MEDIO SAN JUAN', 27, 1, '2014-04-02 19:26:11', 1, '127.0.0.1', NULL, NULL, NULL),
(555, 'MELGAR', 73, 1, '2014-04-02 19:26:11', 1, '127.0.0.1', NULL, NULL, NULL),
(556, 'MERCADERES', 19, 1, '2014-04-02 19:26:11', 1, '127.0.0.1', NULL, NULL, NULL),
(557, 'MESETAS', 50, 1, '2014-04-02 19:26:11', 1, '127.0.0.1', NULL, NULL, NULL),
(558, 'MILÁN', 18, 1, '2014-04-02 19:26:11', 1, '127.0.0.1', NULL, NULL, NULL),
(559, 'MIRAFLORES', 95, 1, '2014-04-02 19:26:11', 1, '127.0.0.1', NULL, NULL, NULL),
(560, 'MIRAFLORES', 15, 1, '2014-04-02 19:26:11', 1, '127.0.0.1', NULL, NULL, NULL),
(561, 'MIRANDA', 19, 1, '2014-04-02 19:26:11', 1, '127.0.0.1', NULL, NULL, NULL),
(562, 'MIRITÍ - PARANÁ', 91, 1, '2014-04-02 19:26:11', 1, '127.0.0.1', NULL, NULL, NULL),
(563, 'MISTRATÓ', 66, 1, '2014-04-02 19:26:11', 1, '127.0.0.1', NULL, NULL, NULL),
(564, 'MITÚ', 97, 1, '2014-04-02 19:26:11', 1, '127.0.0.1', NULL, NULL, NULL),
(565, 'MOCOA', 86, 1, '2014-04-02 19:26:11', 1, '127.0.0.1', NULL, NULL, NULL),
(566, 'MOGOTES', 68, 1, '2014-04-02 19:26:11', 1, '127.0.0.1', NULL, NULL, NULL),
(567, 'MOLAGAVITA', 68, 1, '2014-04-02 19:26:11', 1, '127.0.0.1', NULL, NULL, NULL),
(568, 'MOMIL', 23, 1, '2014-04-02 19:26:11', 1, '127.0.0.1', NULL, NULL, NULL),
(569, 'MOMPÓS', 13, 1, '2014-04-02 19:26:11', 1, '127.0.0.1', NULL, NULL, NULL),
(570, 'MONGUA', 15, 1, '2014-04-02 19:26:11', 1, '127.0.0.1', NULL, NULL, NULL),
(571, 'MONGUÍ', 15, 1, '2014-04-02 19:26:11', 1, '127.0.0.1', NULL, NULL, NULL),
(572, 'MONIQUIRÁ', 15, 1, '2014-04-02 19:26:11', 1, '127.0.0.1', NULL, NULL, NULL),
(573, 'MOÑITOS', 23, 1, '2014-04-02 19:26:11', 1, '127.0.0.1', NULL, NULL, NULL),
(574, 'MONTEBELLO', 5, 1, '2014-04-02 19:26:11', 1, '127.0.0.1', NULL, NULL, NULL),
(575, 'MONTECRISTO', 13, 1, '2014-04-02 19:26:11', 1, '127.0.0.1', NULL, NULL, NULL),
(576, 'MONTELÍBANO', 23, 1, '2014-04-02 19:26:11', 1, '127.0.0.1', NULL, NULL, NULL),
(577, 'MONTENEGRO', 63, 1, '2014-04-02 19:26:11', 1, '127.0.0.1', NULL, NULL, NULL),
(578, 'MONTERÍA', 23, 1, '2014-04-02 19:26:11', 1, '127.0.0.1', NULL, NULL, NULL),
(579, 'MONTERREY', 85, 1, '2014-04-02 19:26:11', 1, '127.0.0.1', NULL, NULL, NULL),
(580, 'MORALES', 13, 1, '2014-04-02 19:26:11', 1, '127.0.0.1', NULL, NULL, NULL),
(581, 'MORELIA', 18, 1, '2014-04-02 19:26:11', 1, '127.0.0.1', NULL, NULL, NULL),
(582, 'MORICHAL', 94, 1, '2014-04-02 19:26:11', 1, '127.0.0.1', NULL, NULL, NULL),
(583, 'MORROA', 70, 1, '2014-04-02 19:26:11', 1, '127.0.0.1', NULL, NULL, NULL),
(584, 'MOSQUERA', 25, 1, '2014-04-02 19:26:11', 1, '127.0.0.1', NULL, NULL, NULL),
(585, 'MOTAVITA', 15, 1, '2014-04-02 19:26:11', 1, '127.0.0.1', NULL, NULL, NULL),
(586, 'MURILLO', 73, 1, '2014-04-02 19:26:11', 1, '127.0.0.1', NULL, NULL, NULL),
(587, 'MURINDÓ', 5, 1, '2014-04-02 19:26:11', 1, '127.0.0.1', NULL, NULL, NULL),
(588, 'MUTATÁ', 5, 1, '2014-04-02 19:26:11', 1, '127.0.0.1', NULL, NULL, NULL),
(589, 'MUTISCUA', 54, 1, '2014-04-02 19:26:11', 1, '127.0.0.1', NULL, NULL, NULL),
(590, 'MUZO', 15, 1, '2014-04-02 19:26:11', 1, '127.0.0.1', NULL, NULL, NULL),
(591, 'NARIÑO', 5, 1, '2014-04-02 19:26:11', 1, '127.0.0.1', NULL, NULL, NULL),
(592, 'NARIÑO', 52, 1, '2014-04-02 19:26:11', 1, '127.0.0.1', NULL, NULL, NULL),
(593, 'NÁTAGA', 41, 1, '2014-04-02 19:26:11', 1, '127.0.0.1', NULL, NULL, NULL),
(594, 'NATAGAIMA', 73, 1, '2014-04-02 19:26:11', 1, '127.0.0.1', NULL, NULL, NULL),
(595, 'NECHÍ', 5, 1, '2014-04-02 19:26:11', 1, '127.0.0.1', NULL, NULL, NULL),
(596, 'NECOCLÍ', 5, 1, '2014-04-02 19:26:11', 1, '127.0.0.1', NULL, NULL, NULL),
(597, 'NEIRA', 17, 1, '2014-04-02 19:26:11', 1, '127.0.0.1', NULL, NULL, NULL),
(598, 'NEIVA', 41, 1, '2014-04-02 19:26:11', 1, '127.0.0.1', NULL, NULL, NULL),
(599, 'NEMOCÓN', 25, 1, '2014-04-02 19:26:11', 1, '127.0.0.1', NULL, NULL, NULL),
(600, 'NILO', 25, 1, '2014-04-02 19:26:11', 1, '127.0.0.1', NULL, NULL, NULL),
(601, 'NIMAIMA', 25, 1, '2014-04-02 19:26:11', 1, '127.0.0.1', NULL, NULL, NULL),
(602, 'NOBSA', 15, 1, '2014-04-02 19:26:11', 1, '127.0.0.1', NULL, NULL, NULL),
(603, 'NOCAIMA', 25, 1, '2014-04-02 19:26:11', 1, '127.0.0.1', NULL, NULL, NULL),
(604, 'NORCASIA', 17, 1, '2014-04-02 19:26:11', 1, '127.0.0.1', NULL, NULL, NULL),
(605, 'NOROSÍ', 13, 1, '2014-04-02 19:26:11', 1, '127.0.0.1', NULL, NULL, NULL),
(606, 'NÓVITA', 27, 1, '2014-04-02 19:26:11', 1, '127.0.0.1', NULL, NULL, NULL),
(607, 'NUEVA GRANADA', 47, 1, '2014-04-02 19:26:11', 1, '127.0.0.1', NULL, NULL, NULL),
(608, 'NUEVO COLÓN', 15, 1, '2014-04-02 19:26:11', 1, '127.0.0.1', NULL, NULL, NULL),
(609, 'NUNCHÍA', 85, 1, '2014-04-02 19:26:11', 1, '127.0.0.1', NULL, NULL, NULL),
(610, 'NUQUÍ', 27, 1, '2014-04-02 19:26:11', 1, '127.0.0.1', NULL, NULL, NULL),
(611, 'OBANDO', 76, 1, '2014-04-02 19:26:11', 1, '127.0.0.1', NULL, NULL, NULL),
(612, 'OCAMONTE', 68, 1, '2014-04-02 19:26:11', 1, '127.0.0.1', NULL, NULL, NULL),
(613, 'OCAÑA', 54, 1, '2014-04-02 19:26:11', 1, '127.0.0.1', NULL, NULL, NULL),
(614, 'OIBA', 68, 1, '2014-04-02 19:26:11', 1, '127.0.0.1', NULL, NULL, NULL);
INSERT INTO `tec_ciudades` (`idciudad`, `ciudad`, `iddpto`, `edo_reg`, `fec_crea`, `usu_crea`, `ip_crea`, `fec_mod`, `usu_mod`, `ip_mod`) VALUES
(615, 'OICATÁ', 15, 1, '2014-04-02 19:26:11', 1, '127.0.0.1', NULL, NULL, NULL),
(616, 'OLAYA', 5, 1, '2014-04-02 19:26:11', 1, '127.0.0.1', NULL, NULL, NULL),
(617, 'OLAYA HERRERA', 52, 1, '2014-04-02 19:26:11', 1, '127.0.0.1', NULL, NULL, NULL),
(618, 'ONZAGA', 68, 1, '2014-04-02 19:26:11', 1, '127.0.0.1', NULL, NULL, NULL),
(619, 'OPORAPA', 41, 1, '2014-04-02 19:26:11', 1, '127.0.0.1', NULL, NULL, NULL),
(620, 'ORITO', 86, 1, '2014-04-02 19:26:11', 1, '127.0.0.1', NULL, NULL, NULL),
(621, 'OROCUÉ', 85, 1, '2014-04-02 19:26:11', 1, '127.0.0.1', NULL, NULL, NULL),
(622, 'ORTEGA', 73, 1, '2014-04-02 19:26:11', 1, '127.0.0.1', NULL, NULL, NULL),
(623, 'OSPINA', 52, 1, '2014-04-02 19:26:11', 1, '127.0.0.1', NULL, NULL, NULL),
(624, 'OTANCHE', 15, 1, '2014-04-02 19:26:11', 1, '127.0.0.1', NULL, NULL, NULL),
(625, 'OVEJAS', 70, 1, '2014-04-02 19:26:11', 1, '127.0.0.1', NULL, NULL, NULL),
(626, 'PACHAVITA', 15, 1, '2014-04-02 19:26:11', 1, '127.0.0.1', NULL, NULL, NULL),
(627, 'PACHO', 25, 1, '2014-04-02 19:26:11', 1, '127.0.0.1', NULL, NULL, NULL),
(628, 'PACOA', 97, 1, '2014-04-02 19:26:11', 1, '127.0.0.1', NULL, NULL, NULL),
(629, 'PÁCORA', 17, 1, '2014-04-02 19:26:11', 1, '127.0.0.1', NULL, NULL, NULL),
(630, 'PADILLA', 19, 1, '2014-04-02 19:26:11', 1, '127.0.0.1', NULL, NULL, NULL),
(631, 'PÁEZ', 19, 1, '2014-04-02 19:26:11', 1, '127.0.0.1', NULL, NULL, NULL),
(632, 'PÁEZ', 15, 1, '2014-04-02 19:26:11', 1, '127.0.0.1', NULL, NULL, NULL),
(633, 'PAICOL', 41, 1, '2014-04-02 19:26:11', 1, '127.0.0.1', NULL, NULL, NULL),
(634, 'PAILITAS', 20, 1, '2014-04-02 19:26:11', 1, '127.0.0.1', NULL, NULL, NULL),
(635, 'PAIME', 25, 1, '2014-04-02 19:26:11', 1, '127.0.0.1', NULL, NULL, NULL),
(636, 'PAIPA', 15, 1, '2014-04-02 19:26:11', 1, '127.0.0.1', NULL, NULL, NULL),
(637, 'PAJARITO', 15, 1, '2014-04-02 19:26:11', 1, '127.0.0.1', NULL, NULL, NULL),
(638, 'PALERMO', 41, 1, '2014-04-02 19:26:11', 1, '127.0.0.1', NULL, NULL, NULL),
(639, 'PALESTINA', 41, 1, '2014-04-02 19:26:11', 1, '127.0.0.1', NULL, NULL, NULL),
(640, 'PALESTINA', 17, 1, '2014-04-02 19:26:11', 1, '127.0.0.1', NULL, NULL, NULL),
(641, 'PALMAR', 68, 1, '2014-04-02 19:26:11', 1, '127.0.0.1', NULL, NULL, NULL),
(642, 'PALMAR DE VARELA', 8, 1, '2014-04-02 19:26:11', 1, '127.0.0.1', NULL, NULL, NULL),
(643, 'PALMAS DEL SOCORRO', 68, 1, '2014-04-02 19:26:11', 1, '127.0.0.1', NULL, NULL, NULL),
(644, 'PALMIRA', 76, 1, '2014-04-02 19:26:11', 1, '127.0.0.1', NULL, NULL, NULL),
(645, 'PALMITO', 70, 1, '2014-04-02 19:26:11', 1, '127.0.0.1', NULL, NULL, NULL),
(646, 'PALOCABILDO', 73, 1, '2014-04-02 19:26:11', 1, '127.0.0.1', NULL, NULL, NULL),
(647, 'PAMPLONA', 54, 1, '2014-04-02 19:26:11', 1, '127.0.0.1', NULL, NULL, NULL),
(648, 'PAMPLONITA', 54, 1, '2014-04-02 19:26:11', 1, '127.0.0.1', NULL, NULL, NULL),
(649, 'PANA PANA', 94, 1, '2014-04-02 19:26:11', 1, '127.0.0.1', NULL, NULL, NULL),
(650, 'PANDI', 25, 1, '2014-04-02 19:26:11', 1, '127.0.0.1', NULL, NULL, NULL),
(651, 'PANQUEBA', 15, 1, '2014-04-02 19:26:11', 1, '127.0.0.1', NULL, NULL, NULL),
(652, 'PAPUNAUA', 97, 1, '2014-04-02 19:26:11', 1, '127.0.0.1', NULL, NULL, NULL),
(653, 'PÁRAMO', 68, 1, '2014-04-02 19:26:11', 1, '127.0.0.1', NULL, NULL, NULL),
(654, 'PARATEBUENO', 25, 1, '2014-04-02 19:26:11', 1, '127.0.0.1', NULL, NULL, NULL),
(655, 'PASCA', 25, 1, '2014-04-02 19:26:11', 1, '127.0.0.1', NULL, NULL, NULL),
(656, 'PASTO', 52, 1, '2014-04-02 19:26:11', 1, '127.0.0.1', NULL, NULL, NULL),
(657, 'PATÍA', 19, 1, '2014-04-02 19:26:11', 1, '127.0.0.1', NULL, NULL, NULL),
(658, 'PAUNA', 15, 1, '2014-04-02 19:26:11', 1, '127.0.0.1', NULL, NULL, NULL),
(659, 'PAYA', 15, 1, '2014-04-02 19:26:11', 1, '127.0.0.1', NULL, NULL, NULL),
(660, 'PAZ DE ARIPORO', 85, 1, '2014-04-02 19:26:11', 1, '127.0.0.1', NULL, NULL, NULL),
(661, 'PAZ DE RÍO', 15, 1, '2014-04-02 19:26:11', 1, '127.0.0.1', NULL, NULL, NULL),
(662, 'PEDRAZA', 47, 1, '2014-04-02 19:26:11', 1, '127.0.0.1', NULL, NULL, NULL),
(663, 'PELAYA', 20, 1, '2014-04-02 19:26:11', 1, '127.0.0.1', NULL, NULL, NULL),
(664, 'PEÑOL', 5, 1, '2014-04-02 19:26:11', 1, '127.0.0.1', NULL, NULL, NULL),
(665, 'PENSILVANIA', 17, 1, '2014-04-02 19:26:11', 1, '127.0.0.1', NULL, NULL, NULL),
(666, 'PEQUE', 5, 1, '2014-04-02 19:26:11', 1, '127.0.0.1', NULL, NULL, NULL),
(667, 'PEREIRA', 66, 1, '2014-04-02 19:26:11', 1, '127.0.0.1', NULL, NULL, NULL),
(668, 'PESCA', 15, 1, '2014-04-02 19:26:11', 1, '127.0.0.1', NULL, NULL, NULL),
(669, 'PIAMONTE', 19, 1, '2014-04-02 19:26:11', 1, '127.0.0.1', NULL, NULL, NULL),
(670, 'PIEDECUESTA', 68, 1, '2014-04-02 19:26:11', 1, '127.0.0.1', NULL, NULL, NULL),
(671, 'PIEDRAS', 73, 1, '2014-04-02 19:26:11', 1, '127.0.0.1', NULL, NULL, NULL),
(672, 'PIENDAMÓ', 19, 1, '2014-04-02 19:26:11', 1, '127.0.0.1', NULL, NULL, NULL),
(673, 'PIJAO', 63, 1, '2014-04-02 19:26:11', 1, '127.0.0.1', NULL, NULL, NULL),
(674, 'PIJIÑO DEL CARMEN', 47, 1, '2014-04-02 19:26:11', 1, '127.0.0.1', NULL, NULL, NULL),
(675, 'PINCHOTE', 68, 1, '2014-04-02 19:26:11', 1, '127.0.0.1', NULL, NULL, NULL),
(676, 'PINILLOS', 13, 1, '2014-04-02 19:26:11', 1, '127.0.0.1', NULL, NULL, NULL),
(677, 'PIOJÓ', 8, 1, '2014-04-02 19:26:11', 1, '127.0.0.1', NULL, NULL, NULL),
(678, 'PISBA', 15, 1, '2014-04-02 19:26:11', 1, '127.0.0.1', NULL, NULL, NULL),
(679, 'PITAL', 41, 1, '2014-04-02 19:26:11', 1, '127.0.0.1', NULL, NULL, NULL),
(680, 'PITALITO', 41, 1, '2014-04-02 19:26:11', 1, '127.0.0.1', NULL, NULL, NULL),
(681, 'PIVIJAY', 47, 1, '2014-04-02 19:26:11', 1, '127.0.0.1', NULL, NULL, NULL),
(682, 'PLANADAS', 73, 1, '2014-04-02 19:26:11', 1, '127.0.0.1', NULL, NULL, NULL),
(683, 'PLANETA RICA', 23, 1, '2014-04-02 19:26:11', 1, '127.0.0.1', NULL, NULL, NULL),
(684, 'PLATO', 47, 1, '2014-04-02 19:26:11', 1, '127.0.0.1', NULL, NULL, NULL),
(685, 'POLICARPA', 52, 1, '2014-04-02 19:26:11', 1, '127.0.0.1', NULL, NULL, NULL),
(686, 'POLONUEVO', 8, 1, '2014-04-02 19:26:11', 1, '127.0.0.1', NULL, NULL, NULL),
(687, 'PONEDERA', 8, 1, '2014-04-02 19:26:11', 1, '127.0.0.1', NULL, NULL, NULL),
(688, 'POPAYÁN', 19, 1, '2014-04-02 19:26:11', 1, '127.0.0.1', NULL, NULL, NULL),
(689, 'PORE', 85, 1, '2014-04-02 19:26:11', 1, '127.0.0.1', NULL, NULL, NULL),
(690, 'POTOSÍ', 52, 1, '2014-04-02 19:26:11', 1, '127.0.0.1', NULL, NULL, NULL),
(691, 'PRADERA', 76, 1, '2014-04-02 19:26:11', 1, '127.0.0.1', NULL, NULL, NULL),
(692, 'PRADO', 73, 1, '2014-04-02 19:26:11', 1, '127.0.0.1', NULL, NULL, NULL),
(693, 'PROVIDENCIA', 88, 1, '2014-04-02 19:26:11', 1, '127.0.0.1', NULL, NULL, NULL),
(694, 'PROVIDENCIA', 52, 1, '2014-04-02 19:26:11', 1, '127.0.0.1', NULL, NULL, NULL),
(695, 'PUEBLO BELLO', 20, 1, '2014-04-02 19:26:11', 1, '127.0.0.1', NULL, NULL, NULL),
(696, 'PUEBLO NUEVO', 23, 1, '2014-04-02 19:26:11', 1, '127.0.0.1', NULL, NULL, NULL),
(697, 'PUEBLO RICO', 66, 1, '2014-04-02 19:26:11', 1, '127.0.0.1', NULL, NULL, NULL),
(698, 'PUEBLORRICO', 5, 1, '2014-04-02 19:26:11', 1, '127.0.0.1', NULL, NULL, NULL),
(699, 'PUEBLOVIEJO', 47, 1, '2014-04-02 19:26:11', 1, '127.0.0.1', NULL, NULL, NULL),
(700, 'PUENTE NACIONAL', 68, 1, '2014-04-02 19:26:11', 1, '127.0.0.1', NULL, NULL, NULL),
(701, 'PUERRES', 52, 1, '2014-04-02 19:26:11', 1, '127.0.0.1', NULL, NULL, NULL),
(702, 'PUERTO ALEGRÍA', 91, 1, '2014-04-02 19:26:11', 1, '127.0.0.1', NULL, NULL, NULL),
(703, 'PUERTO ARICA', 91, 1, '2014-04-02 19:26:11', 1, '127.0.0.1', NULL, NULL, NULL),
(704, 'PUERTO ASÍS', 86, 1, '2014-04-02 19:26:11', 1, '127.0.0.1', NULL, NULL, NULL),
(705, 'PUERTO BERRÍO', 5, 1, '2014-04-02 19:26:11', 1, '127.0.0.1', NULL, NULL, NULL),
(706, 'PUERTO BOYACÁ', 15, 1, '2014-04-02 19:26:11', 1, '127.0.0.1', NULL, NULL, NULL),
(707, 'PUERTO CAICEDO', 86, 1, '2014-04-02 19:26:11', 1, '127.0.0.1', NULL, NULL, NULL),
(708, 'PUERTO CARREÑO', 99, 1, '2014-04-02 19:26:11', 1, '127.0.0.1', NULL, NULL, NULL),
(709, 'PUERTO COLOMBIA', 8, 1, '2014-04-02 19:26:11', 1, '127.0.0.1', NULL, NULL, NULL),
(710, 'PUERTO COLOMBIA', 94, 1, '2014-04-02 19:26:11', 1, '127.0.0.1', NULL, NULL, NULL),
(711, 'PUERTO CONCORDIA', 50, 1, '2014-04-02 19:26:11', 1, '127.0.0.1', NULL, NULL, NULL),
(712, 'PUERTO ESCONDIDO', 23, 1, '2014-04-02 19:26:11', 1, '127.0.0.1', NULL, NULL, NULL),
(713, 'PUERTO GAITÁN', 50, 1, '2014-04-02 19:26:11', 1, '127.0.0.1', NULL, NULL, NULL),
(714, 'PUERTO GUZMÁN', 86, 1, '2014-04-02 19:26:11', 1, '127.0.0.1', NULL, NULL, NULL),
(715, 'PUERTO LEGUÍZAMO', 86, 1, '2014-04-02 19:26:11', 1, '127.0.0.1', NULL, NULL, NULL),
(716, 'PUERTO LIBERTADOR', 23, 1, '2014-04-02 19:26:11', 1, '127.0.0.1', NULL, NULL, NULL),
(717, 'PUERTO LLERAS', 50, 1, '2014-04-02 19:26:11', 1, '127.0.0.1', NULL, NULL, NULL),
(718, 'PUERTO LÓPEZ', 50, 1, '2014-04-02 19:26:11', 1, '127.0.0.1', NULL, NULL, NULL),
(719, 'PUERTO NARE', 5, 1, '2014-04-02 19:26:11', 1, '127.0.0.1', NULL, NULL, NULL),
(720, 'PUERTO NARIÑO', 91, 1, '2014-04-02 19:26:11', 1, '127.0.0.1', NULL, NULL, NULL),
(721, 'PUERTO PARRA', 68, 1, '2014-04-02 19:26:11', 1, '127.0.0.1', NULL, NULL, NULL),
(722, 'PUERTO RICO', 50, 1, '2014-04-02 19:26:11', 1, '127.0.0.1', NULL, NULL, NULL),
(723, 'PUERTO RICO', 18, 1, '2014-04-02 19:26:11', 1, '127.0.0.1', NULL, NULL, NULL),
(724, 'PUERTO RONDÓN', 81, 1, '2014-04-02 19:26:11', 1, '127.0.0.1', NULL, NULL, NULL),
(725, 'PUERTO SALGAR', 25, 1, '2014-04-02 19:26:11', 1, '127.0.0.1', NULL, NULL, NULL),
(726, 'PUERTO SANTANDER', 91, 1, '2014-04-02 19:26:11', 1, '127.0.0.1', NULL, NULL, NULL),
(727, 'PUERTO SANTANDER', 54, 1, '2014-04-02 19:26:11', 1, '127.0.0.1', NULL, NULL, NULL),
(728, 'PUERTO TEJADA', 19, 1, '2014-04-02 19:26:11', 1, '127.0.0.1', NULL, NULL, NULL),
(729, 'PUERTO TRIUNFO', 5, 1, '2014-04-02 19:26:11', 1, '127.0.0.1', NULL, NULL, NULL),
(730, 'PUERTO WILCHES', 68, 1, '2014-04-02 19:26:11', 1, '127.0.0.1', NULL, NULL, NULL),
(731, 'PULÍ', 25, 1, '2014-04-02 19:26:11', 1, '127.0.0.1', NULL, NULL, NULL),
(732, 'PUPIALES', 52, 1, '2014-04-02 19:26:11', 1, '127.0.0.1', NULL, NULL, NULL),
(733, 'PURACÉ', 19, 1, '2014-04-02 19:26:11', 1, '127.0.0.1', NULL, NULL, NULL),
(734, 'PURIFICACIÓN', 73, 1, '2014-04-02 19:26:11', 1, '127.0.0.1', NULL, NULL, NULL),
(735, 'PURÍSIMA DE LA CONCEPCIÓN', 23, 1, '2014-04-02 19:26:11', 1, '127.0.0.1', NULL, NULL, NULL),
(736, 'QUEBRADANEGRA', 25, 1, '2014-04-02 19:26:11', 1, '127.0.0.1', NULL, NULL, NULL),
(737, 'QUETAME', 25, 1, '2014-04-02 19:26:11', 1, '127.0.0.1', NULL, NULL, NULL),
(738, 'QUIBDÓ', 27, 1, '2014-04-02 19:26:11', 1, '127.0.0.1', NULL, NULL, NULL),
(739, 'QUIMBAYA', 63, 1, '2014-04-02 19:26:11', 1, '127.0.0.1', NULL, NULL, NULL),
(740, 'QUINCHÍA', 66, 1, '2014-04-02 19:26:11', 1, '127.0.0.1', NULL, NULL, NULL),
(741, 'QUÍPAMA', 15, 1, '2014-04-02 19:26:11', 1, '127.0.0.1', NULL, NULL, NULL),
(742, 'QUIPILE', 25, 1, '2014-04-02 19:26:11', 1, '127.0.0.1', NULL, NULL, NULL),
(743, 'RAGONVALIA', 54, 1, '2014-04-02 19:26:11', 1, '127.0.0.1', NULL, NULL, NULL),
(744, 'RAMIRIQUÍ', 15, 1, '2014-04-02 19:26:11', 1, '127.0.0.1', NULL, NULL, NULL),
(745, 'RÁQUIRA', 15, 1, '2014-04-02 19:26:11', 1, '127.0.0.1', NULL, NULL, NULL),
(746, 'RECETOR', 85, 1, '2014-04-02 19:26:11', 1, '127.0.0.1', NULL, NULL, NULL),
(747, 'REGIDOR', 13, 1, '2014-04-02 19:26:11', 1, '127.0.0.1', NULL, NULL, NULL),
(748, 'REMEDIOS', 5, 1, '2014-04-02 19:26:11', 1, '127.0.0.1', NULL, NULL, NULL),
(749, 'REMOLINO', 47, 1, '2014-04-02 19:26:11', 1, '127.0.0.1', NULL, NULL, NULL),
(750, 'REPELÓN', 8, 1, '2014-04-02 19:26:11', 1, '127.0.0.1', NULL, NULL, NULL),
(751, 'RESTREPO', 50, 1, '2014-04-02 19:26:11', 1, '127.0.0.1', NULL, NULL, NULL),
(752, 'RETIRO', 5, 1, '2014-04-02 19:26:11', 1, '127.0.0.1', NULL, NULL, NULL),
(753, 'RICAURTE', 25, 1, '2014-04-02 19:26:11', 1, '127.0.0.1', NULL, NULL, NULL),
(754, 'RÍO DE ORO', 20, 1, '2014-04-02 19:26:11', 1, '127.0.0.1', NULL, NULL, NULL),
(755, 'RÍO IRÓ', 27, 1, '2014-04-02 19:26:11', 1, '127.0.0.1', NULL, NULL, NULL),
(756, 'RÍO QUITO', 27, 1, '2014-04-02 19:26:11', 1, '127.0.0.1', NULL, NULL, NULL),
(757, 'RÍO VIEJO', 13, 1, '2014-04-02 19:26:11', 1, '127.0.0.1', NULL, NULL, NULL),
(758, 'RIOBLANCO', 73, 1, '2014-04-02 19:26:11', 1, '127.0.0.1', NULL, NULL, NULL),
(759, 'RIOFRÍO', 76, 1, '2014-04-02 19:26:11', 1, '127.0.0.1', NULL, NULL, NULL),
(760, 'RIOHACHA', 44, 1, '2014-04-02 19:26:11', 1, '127.0.0.1', NULL, NULL, NULL),
(761, 'RIONEGRO', 5, 1, '2014-04-02 19:26:11', 1, '127.0.0.1', NULL, NULL, NULL),
(762, 'RIOSUCIO', 27, 1, '2014-04-02 19:26:11', 1, '127.0.0.1', NULL, NULL, NULL),
(763, 'RIOSUCIO', 17, 1, '2014-04-02 19:26:11', 1, '127.0.0.1', NULL, NULL, NULL),
(764, 'RISARALDA', 17, 1, '2014-04-02 19:26:11', 1, '127.0.0.1', NULL, NULL, NULL),
(765, 'RIVERA', 41, 1, '2014-04-02 19:26:11', 1, '127.0.0.1', NULL, NULL, NULL),
(766, 'ROBERTO PAYÁN', 52, 1, '2014-04-02 19:26:11', 1, '127.0.0.1', NULL, NULL, NULL),
(767, 'ROLDANILLO', 76, 1, '2014-04-02 19:26:11', 1, '127.0.0.1', NULL, NULL, NULL),
(768, 'RONCESVALLES', 73, 1, '2014-04-02 19:26:11', 1, '127.0.0.1', NULL, NULL, NULL),
(769, 'RONDÓN', 15, 1, '2014-04-02 19:26:11', 1, '127.0.0.1', NULL, NULL, NULL),
(770, 'ROSAS', 19, 1, '2014-04-02 19:26:11', 1, '127.0.0.1', NULL, NULL, NULL),
(771, 'ROVIRA', 73, 1, '2014-04-02 19:26:11', 1, '127.0.0.1', NULL, NULL, NULL),
(772, 'SABANA DE TORRES', 68, 1, '2014-04-02 19:26:11', 1, '127.0.0.1', NULL, NULL, NULL),
(773, 'SABANAGRANDE', 8, 1, '2014-04-02 19:26:11', 1, '127.0.0.1', NULL, NULL, NULL),
(774, 'SABANALARGA', 8, 1, '2014-04-02 19:26:11', 1, '127.0.0.1', NULL, NULL, NULL),
(775, 'SABANALARGA', 85, 1, '2014-04-02 19:26:11', 1, '127.0.0.1', NULL, NULL, NULL),
(776, 'SABANALARGA', 5, 1, '2014-04-02 19:26:11', 1, '127.0.0.1', NULL, NULL, NULL),
(777, 'SABANAS DE SAN ÁNGEL', 47, 1, '2014-04-02 19:26:11', 1, '127.0.0.1', NULL, NULL, NULL),
(778, 'SABANETA', 5, 1, '2014-04-02 19:26:11', 1, '127.0.0.1', NULL, NULL, NULL),
(779, 'SABOYÁ', 15, 1, '2014-04-02 19:26:11', 1, '127.0.0.1', NULL, NULL, NULL),
(780, 'SÁCAMA', 85, 1, '2014-04-02 19:26:11', 1, '127.0.0.1', NULL, NULL, NULL),
(781, 'SÁCHICA', 15, 1, '2014-04-02 19:26:11', 1, '127.0.0.1', NULL, NULL, NULL),
(782, 'SAHAGÚN', 23, 1, '2014-04-02 19:26:11', 1, '127.0.0.1', NULL, NULL, NULL),
(783, 'SALADOBLANCO', 41, 1, '2014-04-02 19:26:11', 1, '127.0.0.1', NULL, NULL, NULL),
(784, 'SALAMINA', 47, 1, '2014-04-02 19:26:11', 1, '127.0.0.1', NULL, NULL, NULL),
(785, 'SALAMINA', 17, 1, '2014-04-02 19:26:11', 1, '127.0.0.1', NULL, NULL, NULL),
(786, 'SALAZAR', 54, 1, '2014-04-02 19:26:11', 1, '127.0.0.1', NULL, NULL, NULL),
(787, 'SALDAÑA', 73, 1, '2014-04-02 19:26:11', 1, '127.0.0.1', NULL, NULL, NULL),
(788, 'SALENTO', 63, 1, '2014-04-02 19:26:11', 1, '127.0.0.1', NULL, NULL, NULL),
(789, 'SALGAR', 5, 1, '2014-04-02 19:26:11', 1, '127.0.0.1', NULL, NULL, NULL),
(790, 'SAMACÁ', 15, 1, '2014-04-02 19:26:11', 1, '127.0.0.1', NULL, NULL, NULL),
(791, 'SAMANÁ', 17, 1, '2014-04-02 19:26:11', 1, '127.0.0.1', NULL, NULL, NULL),
(792, 'SAMANIEGO', 52, 1, '2014-04-02 19:26:11', 1, '127.0.0.1', NULL, NULL, NULL),
(793, 'SAMPUÉS', 70, 1, '2014-04-02 19:26:11', 1, '127.0.0.1', NULL, NULL, NULL),
(794, 'SAN AGUSTÍN', 41, 1, '2014-04-02 19:26:11', 1, '127.0.0.1', NULL, NULL, NULL),
(795, 'SAN ALBERTO', 20, 1, '2014-04-02 19:26:11', 1, '127.0.0.1', NULL, NULL, NULL),
(796, 'SAN ANDRÉS', 88, 1, '2014-04-02 19:26:11', 1, '127.0.0.1', NULL, NULL, NULL),
(797, 'SAN ANDRÉS', 68, 1, '2014-04-02 19:26:11', 1, '127.0.0.1', NULL, NULL, NULL),
(798, 'SAN ANDRÉS DE CUERQUÍA', 5, 1, '2014-04-02 19:26:11', 1, '127.0.0.1', NULL, NULL, NULL),
(799, 'SAN ANDRÉS DE SOTAVENTO', 23, 1, '2014-04-02 19:26:11', 1, '127.0.0.1', NULL, NULL, NULL),
(800, 'SAN ANDRÉS DE TUMACO', 52, 1, '2014-04-02 19:26:11', 1, '127.0.0.1', NULL, NULL, NULL),
(801, 'SAN ANTERO', 23, 1, '2014-04-02 19:26:11', 1, '127.0.0.1', NULL, NULL, NULL),
(802, 'SAN ANTONIO', 73, 1, '2014-04-02 19:26:11', 1, '127.0.0.1', NULL, NULL, NULL),
(803, 'SAN ANTONIO DEL TEQUENDAMA', 25, 1, '2014-04-02 19:26:11', 1, '127.0.0.1', NULL, NULL, NULL),
(804, 'SAN BENITO', 68, 1, '2014-04-02 19:26:11', 1, '127.0.0.1', NULL, NULL, NULL),
(805, 'SAN BENITO ABAD', 70, 1, '2014-04-02 19:26:11', 1, '127.0.0.1', NULL, NULL, NULL),
(806, 'SAN BERNARDO', 25, 1, '2014-04-02 19:26:11', 1, '127.0.0.1', NULL, NULL, NULL),
(807, 'SAN BERNARDO', 52, 1, '2014-04-02 19:26:11', 1, '127.0.0.1', NULL, NULL, NULL),
(808, 'SAN BERNARDO DEL VIENTO', 23, 1, '2014-04-02 19:26:11', 1, '127.0.0.1', NULL, NULL, NULL),
(809, 'SAN CALIXTO', 54, 1, '2014-04-02 19:26:11', 1, '127.0.0.1', NULL, NULL, NULL),
(810, 'SAN CARLOS', 5, 1, '2014-04-02 19:26:11', 1, '127.0.0.1', NULL, NULL, NULL),
(811, 'SAN CARLOS', 23, 1, '2014-04-02 19:26:11', 1, '127.0.0.1', NULL, NULL, NULL),
(812, 'SAN CARLOS DE GUAROA', 50, 1, '2014-04-02 19:26:11', 1, '127.0.0.1', NULL, NULL, NULL),
(813, 'SAN CAYETANO', 25, 1, '2014-04-02 19:26:11', 1, '127.0.0.1', NULL, NULL, NULL),
(814, 'SAN CAYETANO', 54, 1, '2014-04-02 19:26:11', 1, '127.0.0.1', NULL, NULL, NULL),
(815, 'SAN CRISTÓBAL', 13, 1, '2014-04-02 19:26:11', 1, '127.0.0.1', NULL, NULL, NULL),
(816, 'SAN DIEGO', 20, 1, '2014-04-02 19:26:11', 1, '127.0.0.1', NULL, NULL, NULL),
(817, 'SAN EDUARDO', 15, 1, '2014-04-02 19:26:11', 1, '127.0.0.1', NULL, NULL, NULL),
(818, 'SAN ESTANISLAO', 13, 1, '2014-04-02 19:26:11', 1, '127.0.0.1', NULL, NULL, NULL),
(819, 'SAN FELIPE', 94, 1, '2014-04-02 19:26:11', 1, '127.0.0.1', NULL, NULL, NULL),
(820, 'SAN FERNANDO', 13, 1, '2014-04-02 19:26:11', 1, '127.0.0.1', NULL, NULL, NULL),
(821, 'SAN FRANCISCO', 25, 1, '2014-04-02 19:26:11', 1, '127.0.0.1', NULL, NULL, NULL),
(822, 'SAN FRANCISCO', 5, 1, '2014-04-02 19:26:11', 1, '127.0.0.1', NULL, NULL, NULL),
(823, 'SAN FRANCISCO', 86, 1, '2014-04-02 19:26:11', 1, '127.0.0.1', NULL, NULL, NULL),
(824, 'SAN GIL', 68, 1, '2014-04-02 19:26:11', 1, '127.0.0.1', NULL, NULL, NULL),
(825, 'SAN JACINTO', 13, 1, '2014-04-02 19:26:11', 1, '127.0.0.1', NULL, NULL, NULL),
(826, 'SAN JACINTO DEL CAUCA', 13, 1, '2014-04-02 19:26:11', 1, '127.0.0.1', NULL, NULL, NULL),
(827, 'SAN JERÓNIMO', 5, 1, '2014-04-02 19:26:11', 1, '127.0.0.1', NULL, NULL, NULL),
(828, 'SAN JOAQUÍN', 68, 1, '2014-04-02 19:26:11', 1, '127.0.0.1', NULL, NULL, NULL),
(829, 'SAN JOSÉ', 17, 1, '2014-04-02 19:26:11', 1, '127.0.0.1', NULL, NULL, NULL),
(830, 'SAN JOSÉ DE LA MONTAÑA', 5, 1, '2014-04-02 19:26:11', 1, '127.0.0.1', NULL, NULL, NULL),
(831, 'SAN JOSÉ DE MIRANDA', 68, 1, '2014-04-02 19:26:11', 1, '127.0.0.1', NULL, NULL, NULL),
(832, 'SAN JOSÉ DE PARE', 15, 1, '2014-04-02 19:26:11', 1, '127.0.0.1', NULL, NULL, NULL),
(833, 'SAN JOSÉ DE URÉ', 23, 1, '2014-04-02 19:26:11', 1, '127.0.0.1', NULL, NULL, NULL),
(834, 'SAN JOSÉ DEL FRAGUA', 18, 1, '2014-04-02 19:26:11', 1, '127.0.0.1', NULL, NULL, NULL),
(835, 'SAN JOSÉ DEL GUAVIARE', 95, 1, '2014-04-02 19:26:11', 1, '127.0.0.1', NULL, NULL, NULL),
(836, 'SAN JOSÉ DEL PALMAR', 27, 1, '2014-04-02 19:26:11', 1, '127.0.0.1', NULL, NULL, NULL),
(837, 'SAN JUAN DE ARAMA', 50, 1, '2014-04-02 19:26:11', 1, '127.0.0.1', NULL, NULL, NULL),
(838, 'SAN JUAN DE BETULIA', 70, 1, '2014-04-02 19:26:11', 1, '127.0.0.1', NULL, NULL, NULL),
(839, 'SAN JUAN DE RIOSECO', 25, 1, '2014-04-02 19:26:11', 1, '127.0.0.1', NULL, NULL, NULL),
(840, 'SAN JUAN DE URABÁ', 5, 1, '2014-04-02 19:26:11', 1, '127.0.0.1', NULL, NULL, NULL),
(841, 'SAN JUAN DEL CESAR', 44, 1, '2014-04-02 19:26:11', 1, '127.0.0.1', NULL, NULL, NULL),
(842, 'SAN JUAN NEPOMUCENO', 13, 1, '2014-04-02 19:26:11', 1, '127.0.0.1', NULL, NULL, NULL),
(843, 'SAN JUANITO', 50, 1, '2014-04-02 19:26:11', 1, '127.0.0.1', NULL, NULL, NULL),
(844, 'SAN LORENZO', 52, 1, '2014-04-02 19:26:11', 1, '127.0.0.1', NULL, NULL, NULL),
(845, 'SAN LUIS', 5, 1, '2014-04-02 19:26:11', 1, '127.0.0.1', NULL, NULL, NULL),
(846, 'SAN LUIS', 73, 1, '2014-04-02 19:26:11', 1, '127.0.0.1', NULL, NULL, NULL),
(847, 'SAN LUIS DE GACENO', 15, 1, '2014-04-02 19:26:11', 1, '127.0.0.1', NULL, NULL, NULL),
(848, 'SAN LUIS DE PALENQUE', 85, 1, '2014-04-02 19:26:11', 1, '127.0.0.1', NULL, NULL, NULL),
(849, 'SAN LUIS DE SINCÉ', 70, 1, '2014-04-02 19:26:11', 1, '127.0.0.1', NULL, NULL, NULL),
(850, 'SAN MARCOS', 70, 1, '2014-04-02 19:26:11', 1, '127.0.0.1', NULL, NULL, NULL),
(851, 'SAN MARTÍN', 20, 1, '2014-04-02 19:26:11', 1, '127.0.0.1', NULL, NULL, NULL),
(852, 'SAN MARTÍN', 50, 1, '2014-04-02 19:26:11', 1, '127.0.0.1', NULL, NULL, NULL),
(853, 'SAN MARTÍN DE LOBA', 13, 1, '2014-04-02 19:26:11', 1, '127.0.0.1', NULL, NULL, NULL),
(854, 'SAN MATEO', 15, 1, '2014-04-02 19:26:11', 1, '127.0.0.1', NULL, NULL, NULL),
(855, 'SAN MIGUEL', 68, 1, '2014-04-02 19:26:11', 1, '127.0.0.1', NULL, NULL, NULL),
(856, 'SAN MIGUEL', 86, 1, '2014-04-02 19:26:11', 1, '127.0.0.1', NULL, NULL, NULL),
(857, 'SAN MIGUEL DE SEMA', 15, 1, '2014-04-02 19:26:11', 1, '127.0.0.1', NULL, NULL, NULL),
(858, 'SAN ONOFRE', 70, 1, '2014-04-02 19:26:11', 1, '127.0.0.1', NULL, NULL, NULL),
(859, 'SAN PABLO', 13, 1, '2014-04-02 19:26:11', 1, '127.0.0.1', NULL, NULL, NULL),
(860, 'SAN PABLO', 52, 1, '2014-04-02 19:26:11', 1, '127.0.0.1', NULL, NULL, NULL),
(861, 'SAN PABLO DE BORBUR', 15, 1, '2014-04-02 19:26:11', 1, '127.0.0.1', NULL, NULL, NULL),
(862, 'SAN PEDRO', 70, 1, '2014-04-02 19:26:11', 1, '127.0.0.1', NULL, NULL, NULL),
(863, 'SAN PEDRO', 76, 1, '2014-04-02 19:26:11', 1, '127.0.0.1', NULL, NULL, NULL),
(864, 'SAN PEDRO DE CARTAGO', 52, 1, '2014-04-02 19:26:11', 1, '127.0.0.1', NULL, NULL, NULL),
(865, 'SAN PEDRO DE LOS MILAGROS', 5, 1, '2014-04-02 19:26:11', 1, '127.0.0.1', NULL, NULL, NULL),
(866, 'SAN PEDRO DE URABÁ', 5, 1, '2014-04-02 19:26:11', 1, '127.0.0.1', NULL, NULL, NULL),
(867, 'SAN PELAYO', 23, 1, '2014-04-02 19:26:11', 1, '127.0.0.1', NULL, NULL, NULL),
(868, 'SAN RAFAEL', 5, 1, '2014-04-02 19:26:11', 1, '127.0.0.1', NULL, NULL, NULL),
(869, 'SAN ROQUE', 5, 1, '2014-04-02 19:26:11', 1, '127.0.0.1', NULL, NULL, NULL),
(870, 'SAN SEBASTIÁN', 19, 1, '2014-04-02 19:26:11', 1, '127.0.0.1', NULL, NULL, NULL),
(871, 'SAN SEBASTIÁN DE BUENAVISTA', 47, 1, '2014-04-02 19:26:11', 1, '127.0.0.1', NULL, NULL, NULL),
(872, 'SAN SEBASTIÁN DE MARIQUITA', 73, 1, '2014-04-02 19:26:11', 1, '127.0.0.1', NULL, NULL, NULL),
(873, 'SAN VICENTE DE CHUCURÍ', 68, 1, '2014-04-02 19:26:11', 1, '127.0.0.1', NULL, NULL, NULL),
(874, 'SAN VICENTE DEL CAGUÁN', 18, 1, '2014-04-02 19:26:11', 1, '127.0.0.1', NULL, NULL, NULL),
(875, 'SAN VICENTE FERRER', 5, 1, '2014-04-02 19:26:11', 1, '127.0.0.1', NULL, NULL, NULL),
(876, 'SAN ZENÓN', 47, 1, '2014-04-02 19:26:11', 1, '127.0.0.1', NULL, NULL, NULL),
(877, 'SANDONÁ', 52, 1, '2014-04-02 19:26:11', 1, '127.0.0.1', NULL, NULL, NULL),
(878, 'SANTA ANA', 47, 1, '2014-04-02 19:26:11', 1, '127.0.0.1', NULL, NULL, NULL),
(879, 'SANTA BÁRBARA', 5, 1, '2014-04-02 19:26:11', 1, '127.0.0.1', NULL, NULL, NULL),
(880, 'SANTA BÁRBARA', 52, 1, '2014-04-02 19:26:11', 1, '127.0.0.1', NULL, NULL, NULL),
(881, 'SANTA BÁRBARA', 68, 1, '2014-04-02 19:26:11', 1, '127.0.0.1', NULL, NULL, NULL),
(882, 'SANTA BÁRBARA DE PINTO', 47, 1, '2014-04-02 19:26:11', 1, '127.0.0.1', NULL, NULL, NULL),
(883, 'SANTA CATALINA', 13, 1, '2014-04-02 19:26:11', 1, '127.0.0.1', NULL, NULL, NULL),
(884, 'SANTA FÉ DE ANTIOQUIA', 5, 1, '2014-04-02 19:26:11', 1, '127.0.0.1', NULL, NULL, NULL),
(885, 'SANTA HELENA DEL OPÓN', 68, 1, '2014-04-02 19:26:11', 1, '127.0.0.1', NULL, NULL, NULL),
(886, 'SANTA ISABEL', 73, 1, '2014-04-02 19:26:11', 1, '127.0.0.1', NULL, NULL, NULL),
(887, 'SANTA LUCÍA', 8, 1, '2014-04-02 19:26:11', 1, '127.0.0.1', NULL, NULL, NULL),
(888, 'SANTA MARÍA', 15, 1, '2014-04-02 19:26:11', 1, '127.0.0.1', NULL, NULL, NULL),
(889, 'SANTA MARÍA', 41, 1, '2014-04-02 19:26:11', 1, '127.0.0.1', NULL, NULL, NULL),
(890, 'SANTA MARTA', 47, 1, '2014-04-02 19:26:11', 1, '127.0.0.1', NULL, NULL, NULL),
(891, 'SANTA ROSA', 13, 1, '2014-04-02 19:26:11', 1, '127.0.0.1', NULL, NULL, NULL),
(892, 'SANTA ROSA', 19, 1, '2014-04-02 19:26:11', 1, '127.0.0.1', NULL, NULL, NULL),
(893, 'SANTA ROSA DE CABAL', 66, 1, '2014-04-02 19:26:11', 1, '127.0.0.1', NULL, NULL, NULL),
(894, 'SANTA ROSA DE OSOS', 5, 1, '2014-04-02 19:26:11', 1, '127.0.0.1', NULL, NULL, NULL),
(895, 'SANTA ROSA DE VITERBO', 15, 1, '2014-04-02 19:26:11', 1, '127.0.0.1', NULL, NULL, NULL),
(896, 'SANTA ROSA DEL SUR', 13, 1, '2014-04-02 19:26:11', 1, '127.0.0.1', NULL, NULL, NULL),
(897, 'SANTA ROSALÍA', 99, 1, '2014-04-02 19:26:11', 1, '127.0.0.1', NULL, NULL, NULL),
(898, 'SANTA SOFÍA', 15, 1, '2014-04-02 19:26:11', 1, '127.0.0.1', NULL, NULL, NULL),
(899, 'SANTACRUZ', 52, 1, '2014-04-02 19:26:11', 1, '127.0.0.1', NULL, NULL, NULL),
(900, 'SANTANA', 15, 1, '2014-04-02 19:26:11', 1, '127.0.0.1', NULL, NULL, NULL),
(901, 'SANTANDER DE QUILICHAO', 19, 1, '2014-04-02 19:26:11', 1, '127.0.0.1', NULL, NULL, NULL),
(902, 'SANTIAGO', 86, 1, '2014-04-02 19:26:11', 1, '127.0.0.1', NULL, NULL, NULL),
(903, 'SANTIAGO', 54, 1, '2014-04-02 19:26:11', 1, '127.0.0.1', NULL, NULL, NULL),
(904, 'SANTIAGO DE TOLÚ', 70, 1, '2014-04-02 19:26:11', 1, '127.0.0.1', NULL, NULL, NULL),
(905, 'SANTO DOMINGO', 5, 1, '2014-04-02 19:26:11', 1, '127.0.0.1', NULL, NULL, NULL),
(906, 'SANTO TOMÁS', 8, 1, '2014-04-02 19:26:11', 1, '127.0.0.1', NULL, NULL, NULL),
(907, 'SANTUARIO', 66, 1, '2014-04-02 19:26:11', 1, '127.0.0.1', NULL, NULL, NULL),
(908, 'SAPUYES', 52, 1, '2014-04-02 19:26:11', 1, '127.0.0.1', NULL, NULL, NULL),
(909, 'SARAVENA', 81, 1, '2014-04-02 19:26:11', 1, '127.0.0.1', NULL, NULL, NULL),
(910, 'SARDINATA', 54, 1, '2014-04-02 19:26:11', 1, '127.0.0.1', NULL, NULL, NULL),
(911, 'SASAIMA', 25, 1, '2014-04-02 19:26:11', 1, '127.0.0.1', NULL, NULL, NULL),
(912, 'SATIVANORTE', 15, 1, '2014-04-02 19:26:11', 1, '127.0.0.1', NULL, NULL, NULL),
(913, 'SATIVASUR', 15, 1, '2014-04-02 19:26:11', 1, '127.0.0.1', NULL, NULL, NULL),
(914, 'SEGOVIA', 5, 1, '2014-04-02 19:26:11', 1, '127.0.0.1', NULL, NULL, NULL),
(915, 'SESQUILÉ', 25, 1, '2014-04-02 19:26:11', 1, '127.0.0.1', NULL, NULL, NULL),
(916, 'SEVILLA', 76, 1, '2014-04-02 19:26:11', 1, '127.0.0.1', NULL, NULL, NULL),
(917, 'SIACHOQUE', 15, 1, '2014-04-02 19:26:11', 1, '127.0.0.1', NULL, NULL, NULL),
(918, 'SIBATÉ', 25, 1, '2014-04-02 19:26:11', 1, '127.0.0.1', NULL, NULL, NULL),
(919, 'SIBUNDOY', 86, 1, '2014-04-02 19:26:11', 1, '127.0.0.1', NULL, NULL, NULL),
(920, 'SILOS', 54, 1, '2014-04-02 19:26:11', 1, '127.0.0.1', NULL, NULL, NULL),
(921, 'SILVANIA', 25, 1, '2014-04-02 19:26:11', 1, '127.0.0.1', NULL, NULL, NULL),
(922, 'SILVIA', 19, 1, '2014-04-02 19:26:11', 1, '127.0.0.1', NULL, NULL, NULL),
(923, 'SIMACOTA', 68, 1, '2014-04-02 19:26:11', 1, '127.0.0.1', NULL, NULL, NULL),
(924, 'SIMIJACA', 25, 1, '2014-04-02 19:26:11', 1, '127.0.0.1', NULL, NULL, NULL),
(925, 'SIMITÍ', 13, 1, '2014-04-02 19:26:11', 1, '127.0.0.1', NULL, NULL, NULL),
(926, 'SINCELEJO', 70, 1, '2014-04-02 19:26:11', 1, '127.0.0.1', NULL, NULL, NULL),
(927, 'SIPÍ', 27, 1, '2014-04-02 19:26:11', 1, '127.0.0.1', NULL, NULL, NULL),
(928, 'SITIONUEVO', 47, 1, '2014-04-02 19:26:11', 1, '127.0.0.1', NULL, NULL, NULL),
(929, 'SOACHA', 25, 1, '2014-04-02 19:26:11', 1, '127.0.0.1', NULL, NULL, NULL),
(930, 'SOATÁ', 15, 1, '2014-04-02 19:26:11', 1, '127.0.0.1', NULL, NULL, NULL),
(931, 'SOCHA', 15, 1, '2014-04-02 19:26:11', 1, '127.0.0.1', NULL, NULL, NULL),
(932, 'SOCORRO', 68, 1, '2014-04-02 19:26:11', 1, '127.0.0.1', NULL, NULL, NULL),
(933, 'SOCOTÁ', 15, 1, '2014-04-02 19:26:11', 1, '127.0.0.1', NULL, NULL, NULL),
(934, 'SOGAMOSO', 15, 1, '2014-04-02 19:26:11', 1, '127.0.0.1', NULL, NULL, NULL),
(935, 'SOLANO', 18, 1, '2014-04-02 19:26:11', 1, '127.0.0.1', NULL, NULL, NULL),
(936, 'SOLEDAD', 8, 1, '2014-04-02 19:26:11', 1, '127.0.0.1', NULL, NULL, NULL),
(937, 'SOLITA', 18, 1, '2014-04-02 19:26:11', 1, '127.0.0.1', NULL, NULL, NULL),
(938, 'SOMONDOCO', 15, 1, '2014-04-02 19:26:11', 1, '127.0.0.1', NULL, NULL, NULL),
(939, 'SONSÓN', 5, 1, '2014-04-02 19:26:11', 1, '127.0.0.1', NULL, NULL, NULL),
(940, 'SOPETRÁN', 5, 1, '2014-04-02 19:26:11', 1, '127.0.0.1', NULL, NULL, NULL),
(941, 'SOPLAVIENTO', 13, 1, '2014-04-02 19:26:11', 1, '127.0.0.1', NULL, NULL, NULL),
(942, 'SOPÓ', 25, 1, '2014-04-02 19:26:11', 1, '127.0.0.1', NULL, NULL, NULL),
(943, 'SORA', 15, 1, '2014-04-02 19:26:11', 1, '127.0.0.1', NULL, NULL, NULL),
(944, 'SORACÁ', 15, 1, '2014-04-02 19:26:11', 1, '127.0.0.1', NULL, NULL, NULL),
(945, 'SOTAQUIRÁ', 15, 1, '2014-04-02 19:26:11', 1, '127.0.0.1', NULL, NULL, NULL),
(946, 'SOTARA', 19, 1, '2014-04-02 19:26:11', 1, '127.0.0.1', NULL, NULL, NULL),
(947, 'SUAITA', 68, 1, '2014-04-02 19:26:11', 1, '127.0.0.1', NULL, NULL, NULL),
(948, 'SUAN', 8, 1, '2014-04-02 19:26:11', 1, '127.0.0.1', NULL, NULL, NULL),
(949, 'SUÁREZ', 19, 1, '2014-04-02 19:26:11', 1, '127.0.0.1', NULL, NULL, NULL),
(950, 'SUÁREZ', 73, 1, '2014-04-02 19:26:11', 1, '127.0.0.1', NULL, NULL, NULL),
(951, 'SUAZA', 41, 1, '2014-04-02 19:26:11', 1, '127.0.0.1', NULL, NULL, NULL),
(952, 'SUBACHOQUE', 25, 1, '2014-04-02 19:26:11', 1, '127.0.0.1', NULL, NULL, NULL),
(953, 'SUCRE', 19, 1, '2014-04-02 19:26:11', 1, '127.0.0.1', NULL, NULL, NULL),
(954, 'SUCRE', 70, 1, '2014-04-02 19:26:11', 1, '127.0.0.1', NULL, NULL, NULL),
(955, 'SUCRE', 68, 1, '2014-04-02 19:26:11', 1, '127.0.0.1', NULL, NULL, NULL),
(956, 'SUESCA', 25, 1, '2014-04-02 19:26:11', 1, '127.0.0.1', NULL, NULL, NULL),
(957, 'SUPATÁ', 25, 1, '2014-04-02 19:26:11', 1, '127.0.0.1', NULL, NULL, NULL),
(958, 'SUPÍA', 17, 1, '2014-04-02 19:26:11', 1, '127.0.0.1', NULL, NULL, NULL),
(959, 'SURATÁ', 68, 1, '2014-04-02 19:26:11', 1, '127.0.0.1', NULL, NULL, NULL),
(960, 'SUSA', 25, 1, '2014-04-02 19:26:11', 1, '127.0.0.1', NULL, NULL, NULL),
(961, 'SUSACÓN', 15, 1, '2014-04-02 19:26:11', 1, '127.0.0.1', NULL, NULL, NULL),
(962, 'SUTAMARCHÁN', 15, 1, '2014-04-02 19:26:11', 1, '127.0.0.1', NULL, NULL, NULL),
(963, 'SUTATAUSA', 25, 1, '2014-04-02 19:26:11', 1, '127.0.0.1', NULL, NULL, NULL),
(964, 'SUTATENZA', 15, 1, '2014-04-02 19:26:11', 1, '127.0.0.1', NULL, NULL, NULL),
(965, 'TABIO', 25, 1, '2014-04-02 19:26:11', 1, '127.0.0.1', NULL, NULL, NULL),
(966, 'TADÓ', 27, 1, '2014-04-02 19:26:11', 1, '127.0.0.1', NULL, NULL, NULL),
(967, 'TALAIGUA NUEVO', 13, 1, '2014-04-02 19:26:11', 1, '127.0.0.1', NULL, NULL, NULL),
(968, 'TAMALAMEQUE', 20, 1, '2014-04-02 19:26:11', 1, '127.0.0.1', NULL, NULL, NULL),
(969, 'TÁMARA', 85, 1, '2014-04-02 19:26:11', 1, '127.0.0.1', NULL, NULL, NULL),
(970, 'TAME', 81, 1, '2014-04-02 19:26:11', 1, '127.0.0.1', NULL, NULL, NULL),
(971, 'TÁMESIS', 5, 1, '2014-04-02 19:26:11', 1, '127.0.0.1', NULL, NULL, NULL),
(972, 'TAMINANGO', 52, 1, '2014-04-02 19:26:11', 1, '127.0.0.1', NULL, NULL, NULL),
(973, 'TANGUA', 52, 1, '2014-04-02 19:26:11', 1, '127.0.0.1', NULL, NULL, NULL),
(974, 'TARAIRA', 97, 1, '2014-04-02 19:26:11', 1, '127.0.0.1', NULL, NULL, NULL),
(975, 'TARAPACÁ', 91, 1, '2014-04-02 19:26:11', 1, '127.0.0.1', NULL, NULL, NULL),
(976, 'TARAZÁ', 5, 1, '2014-04-02 19:26:11', 1, '127.0.0.1', NULL, NULL, NULL),
(977, 'TARQUI', 41, 1, '2014-04-02 19:26:11', 1, '127.0.0.1', NULL, NULL, NULL),
(978, 'TARSO', 5, 1, '2014-04-02 19:26:11', 1, '127.0.0.1', NULL, NULL, NULL),
(979, 'TASCO', 15, 1, '2014-04-02 19:26:11', 1, '127.0.0.1', NULL, NULL, NULL),
(980, 'TAURAMENA', 85, 1, '2014-04-02 19:26:11', 1, '127.0.0.1', NULL, NULL, NULL),
(981, 'TAUSA', 25, 1, '2014-04-02 19:26:11', 1, '127.0.0.1', NULL, NULL, NULL),
(982, 'TELLO', 41, 1, '2014-04-02 19:26:11', 1, '127.0.0.1', NULL, NULL, NULL),
(983, 'TENA', 25, 1, '2014-04-02 19:26:11', 1, '127.0.0.1', NULL, NULL, NULL),
(984, 'TENERIFE', 47, 1, '2014-04-02 19:26:11', 1, '127.0.0.1', NULL, NULL, NULL),
(985, 'TENJO', 25, 1, '2014-04-02 19:26:11', 1, '127.0.0.1', NULL, NULL, NULL),
(986, 'TENZA', 15, 1, '2014-04-02 19:26:11', 1, '127.0.0.1', NULL, NULL, NULL),
(987, 'TEORAMA', 54, 1, '2014-04-02 19:26:11', 1, '127.0.0.1', NULL, NULL, NULL),
(988, 'TERUEL', 41, 1, '2014-04-02 19:26:11', 1, '127.0.0.1', NULL, NULL, NULL),
(989, 'TESALIA', 41, 1, '2014-04-02 19:26:11', 1, '127.0.0.1', NULL, NULL, NULL),
(990, 'TIBACUY', 25, 1, '2014-04-02 19:26:11', 1, '127.0.0.1', NULL, NULL, NULL),
(991, 'TIBANÁ', 15, 1, '2014-04-02 19:26:11', 1, '127.0.0.1', NULL, NULL, NULL),
(992, 'TIBASOSA', 15, 1, '2014-04-02 19:26:11', 1, '127.0.0.1', NULL, NULL, NULL),
(993, 'TIBIRITA', 25, 1, '2014-04-02 19:26:11', 1, '127.0.0.1', NULL, NULL, NULL),
(994, 'TIBÚ', 54, 1, '2014-04-02 19:26:11', 1, '127.0.0.1', NULL, NULL, NULL),
(995, 'TIERRALTA', 23, 1, '2014-04-02 19:26:11', 1, '127.0.0.1', NULL, NULL, NULL),
(996, 'TIMANÁ', 41, 1, '2014-04-02 19:26:11', 1, '127.0.0.1', NULL, NULL, NULL),
(997, 'TIMBÍO', 19, 1, '2014-04-02 19:26:11', 1, '127.0.0.1', NULL, NULL, NULL),
(998, 'TIMBIQUÍ', 19, 1, '2014-04-02 19:26:11', 1, '127.0.0.1', NULL, NULL, NULL),
(999, 'TINJACÁ', 15, 1, '2014-04-02 19:26:11', 1, '127.0.0.1', NULL, NULL, NULL),
(1000, 'TIPACOQUE', 15, 1, '2014-04-02 19:26:11', 1, '127.0.0.1', NULL, NULL, NULL);

-- --------------------------------------------------------

--
-- Table structure for table `tec_company`
--

CREATE TABLE `tec_company` (
  `id` int(10) UNSIGNED NOT NULL,
  `name` varchar(255) NOT NULL,
  `address` text NOT NULL,
  `phone` varchar(255) NOT NULL,
  `email` varchar(45) NOT NULL,
  `edo_reg` int(10) UNSIGNED NOT NULL COMMENT 'Estado del registro',
  `fec_crea` datetime NOT NULL COMMENT 'Fecha de creación del registro',
  `usu_crea` int(10) UNSIGNED NOT NULL COMMENT 'Usuario que crea el registro',
  `ip_crea` varchar(15) NOT NULL COMMENT 'Ip de donde se crea el registro',
  `fec_mod` datetime DEFAULT NULL COMMENT 'Fecha de modificación del registro',
  `usu_mod` int(10) UNSIGNED DEFAULT NULL COMMENT 'Usuario que modifica el artículo',
  `ip_mod` varchar(15) DEFAULT NULL COMMENT 'Ip de donde se modifica el registro'
) ENGINE=InnoDB DEFAULT CHARSET=latin1;

--
-- Dumping data for table `tec_company`
--

INSERT INTO `tec_company` (`id`, `name`, `address`, `phone`, `email`, `edo_reg`, `fec_crea`, `usu_crea`, `ip_crea`, `fec_mod`, `usu_mod`, `ip_mod`) VALUES
(1, 'DEMO (No usar)', '', '', '', 0, '2020-01-13 12:52:09', 1, '::1', '2020-01-15 10:02:39', 2, '::1'),
(2, 'Drummond Ltd', '', '', '', 1, '2020-01-15 09:57:08', 2, '10.25.5.166', NULL, NULL, NULL),
(3, 'PRODECO', '', '', '', 1, '2020-01-15 09:57:56', 2, '10.25.5.166', NULL, NULL, NULL),
(4, 'Cerrejón', '', '', '', 1, '2020-01-15 09:58:40', 2, '10.25.5.166', NULL, NULL, NULL);

-- --------------------------------------------------------

--
-- Table structure for table `tec_components`
--

CREATE TABLE `tec_components` (
  `id` int(10) UNSIGNED NOT NULL,
  `siteId` int(10) UNSIGNED NOT NULL,
  `idComponent` int(10) UNSIGNED NOT NULL,
  `idTySys` int(10) UNSIGNED NOT NULL,
  `edo_reg` int(10) UNSIGNED NOT NULL COMMENT 'Estado del registro (0 desmontado, 1, activo, 2 asignado)',
  `fec_crea` datetime NOT NULL COMMENT 'Fecha de creación del registro',
  `usu_crea` int(10) UNSIGNED NOT NULL COMMENT 'Usuario que crea el registro',
  `ip_crea` varchar(15) NOT NULL COMMENT 'Ip de donde se crea el registro',
  `fec_mod` datetime DEFAULT NULL COMMENT 'Fecha de modificación del registro',
  `usu_mod` int(10) UNSIGNED DEFAULT NULL COMMENT 'Usuario que modifica el artículo',
  `ip_mod` varchar(15) DEFAULT NULL COMMENT 'Ip de donde se modifica el registro'
) ENGINE=InnoDB DEFAULT CHARSET=latin1;

--
-- Dumping data for table `tec_components`
--

INSERT INTO `tec_components` (`id`, `siteId`, `idComponent`, `idTySys`, `edo_reg`, `fec_crea`, `usu_crea`, `ip_crea`, `fec_mod`, `usu_mod`, `ip_mod`) VALUES
(1, 2, 1, 49, 2, '2020-01-20 19:14:19', 2, '10.25.5.166', '2020-01-20 19:15:53', 2, '10.25.5.166'),
(2, 2, 1, 49, 2, '2020-01-20 19:14:50', 2, '10.25.5.166', NULL, NULL, NULL),
(3, 2, 1, 49, 2, '2020-01-20 19:17:01', 2, '10.25.5.166', NULL, NULL, NULL),
(4, 2, 2, 49, 2, '2020-01-20 19:19:20', 2, '10.25.5.166', NULL, NULL, NULL),
(5, 2, 2, 49, 2, '2020-01-20 19:19:51', 2, '10.25.5.166', NULL, NULL, NULL),
(6, 2, 2, 49, 2, '2020-01-20 19:20:44', 2, '10.25.5.166', NULL, NULL, NULL),
(7, 4, 1, 49, 0, '2020-01-31 11:53:30', 13, '10.25.5.200', '2020-02-18 16:06:40', 2, '10.25.5.200'),
(8, 2, 1, 49, 2, '2020-02-06 17:23:27', 6, '186.169.146.96', '2020-02-06 17:59:51', 7, '186.169.146.96'),
(9, 2, 1, 49, 1, '2020-02-18 12:09:21', 2, '10.25.5.200', '2020-02-20 09:40:44', 2, '::1'),
(10, 2, 1, 49, 2, '2020-02-18 12:10:18', 2, '10.25.5.200', NULL, NULL, NULL),
(11, 2, 1, 49, 2, '2020-02-18 12:10:53', 2, '10.25.5.200', NULL, NULL, NULL),
(12, 2, 1, 49, 2, '2020-02-18 12:12:02', 2, '10.25.5.200', NULL, NULL, NULL),
(13, 2, 2, 49, 2, '2020-02-18 12:15:55', 2, '10.25.5.200', NULL, NULL, NULL),
(14, 2, 2, 49, 2, '2020-02-18 12:16:31', 2, '10.25.5.200', NULL, NULL, NULL),
(15, 2, 2, 49, 2, '2020-02-18 12:17:00', 2, '10.25.5.200', NULL, NULL, NULL),
(16, 2, 2, 49, 2, '2020-02-18 12:17:31', 2, '10.25.5.200', NULL, NULL, NULL),
(17, 2, 6, 50, 2, '2020-02-18 12:22:33', 2, '10.25.5.200', '2020-02-18 15:18:49', 2, '190.84.118.95');

-- --------------------------------------------------------

--
-- Table structure for table `tec_compo_vals`
--

CREATE TABLE `tec_compo_vals` (
  `id` int(10) UNSIGNED NOT NULL,
  `idComponent` int(10) UNSIGNED NOT NULL,
  `idField` int(10) UNSIGNED NOT NULL,
  `valField` varchar(255) NOT NULL,
  `edo_reg` int(10) UNSIGNED NOT NULL COMMENT 'Estado del registro',
  `fec_crea` datetime NOT NULL COMMENT 'Fecha de creación del registro',
  `usu_crea` int(10) UNSIGNED NOT NULL COMMENT 'Usuario que crea el registro',
  `ip_crea` varchar(15) NOT NULL COMMENT 'Ip de donde se crea el registro',
  `fec_mod` datetime DEFAULT NULL COMMENT 'Fecha de modificación del registro',
  `usu_mod` int(10) UNSIGNED DEFAULT NULL COMMENT 'Usuario que modifica el artículo',
  `ip_mod` varchar(15) DEFAULT NULL COMMENT 'Ip de donde se modifica el registro'
) ENGINE=InnoDB DEFAULT CHARSET=latin1;

--
-- Dumping data for table `tec_compo_vals`
--

INSERT INTO `tec_compo_vals` (`id`, `idComponent`, `idField`, `valField`, `edo_reg`, `fec_crea`, `usu_crea`, `ip_crea`, `fec_mod`, `usu_mod`, `ip_mod`) VALUES
(1, 1, 33, '200', 1, '2020-01-20 19:14:19', 2, '10.25.5.166', '2020-01-20 19:15:53', 2, '10.25.5.166'),
(2, 1, 31, '997', 1, '2020-01-20 19:14:19', 2, '10.25.5.166', '2020-01-20 19:15:53', 2, '10.25.5.166'),
(3, 1, 32, '2020-12-31', 1, '2020-01-20 19:14:19', 2, '10.25.5.166', NULL, NULL, NULL),
(4, 2, 33, '200', 1, '2020-01-20 19:14:50', 2, '10.25.5.166', NULL, NULL, NULL),
(5, 2, 31, '998', 1, '2020-01-20 19:14:50', 2, '10.25.5.166', NULL, NULL, NULL),
(6, 2, 32, '2029-12-31', 1, '2020-01-20 19:14:50', 2, '10.25.5.166', NULL, NULL, NULL),
(7, 3, 33, '200', 1, '2020-01-20 19:17:01', 2, '10.25.5.166', NULL, NULL, NULL),
(8, 3, 31, '999', 1, '2020-01-20 19:17:01', 2, '10.25.5.166', NULL, NULL, NULL),
(9, 3, 32, '2029-12-31', 1, '2020-01-20 19:17:01', 2, '10.25.5.166', NULL, NULL, NULL),
(10, 4, 34, 'XJ12B45', 1, '2020-01-20 19:19:20', 2, '10.25.5.166', NULL, NULL, NULL),
(11, 4, 32, '2029-12-31', 1, '2020-01-20 19:19:20', 2, '10.25.5.166', NULL, NULL, NULL),
(12, 4, 36, '3000', 1, '2020-01-20 19:19:20', 2, '10.25.5.166', NULL, NULL, NULL),
(13, 4, 35, '3002', 1, '2020-01-20 19:19:20', 2, '10.25.5.166', NULL, NULL, NULL),
(14, 5, 34, 'XJ12B46', 1, '2020-01-20 19:19:51', 2, '10.25.5.166', NULL, NULL, NULL),
(15, 5, 32, '2029-12-31', 1, '2020-01-20 19:19:51', 2, '10.25.5.166', NULL, NULL, NULL),
(16, 5, 36, '3000', 1, '2020-01-20 19:19:51', 2, '10.25.5.166', NULL, NULL, NULL),
(17, 5, 35, '2998', 1, '2020-01-20 19:19:51', 2, '10.25.5.166', NULL, NULL, NULL),
(18, 6, 34, 'XJ12B47', 1, '2020-01-20 19:20:44', 2, '10.25.5.166', NULL, NULL, NULL),
(19, 6, 32, '2029-12-31', 1, '2020-01-20 19:20:44', 2, '10.25.5.166', NULL, NULL, NULL),
(20, 6, 36, '3000', 1, '2020-01-20 19:20:44', 2, '10.25.5.166', NULL, NULL, NULL),
(21, 6, 35, '3000', 1, '2020-01-20 19:20:44', 2, '10.25.5.166', NULL, NULL, NULL),
(22, 7, 33, '5', 1, '2020-01-31 11:53:30', 13, '10.25.5.200', NULL, NULL, NULL),
(23, 7, 31, '0000', 1, '2020-01-31 11:53:30', 13, '10.25.5.200', NULL, NULL, NULL),
(24, 7, 32, '2019-12-31', 1, '2020-01-31 11:53:30', 13, '10.25.5.200', NULL, NULL, NULL),
(25, 8, 33, '7.5', 1, '2020-02-06 17:23:27', 6, '186.169.146.96', '2020-02-06 18:00:18', 7, '186.169.146.96'),
(26, 8, 31, '2311', 1, '2020-02-06 17:23:27', 6, '186.169.146.96', '2020-02-06 18:00:18', 7, '186.169.146.96'),
(27, 8, 32, '2009-12-31', 1, '2020-02-06 17:23:27', 6, '186.169.146.96', NULL, NULL, NULL),
(28, 9, 33, '0', 1, '2020-02-18 12:09:21', 2, '10.25.5.200', '2020-02-20 09:40:44', 2, '::1'),
(29, 9, 31, '3204', 1, '2020-02-18 12:09:21', 2, '10.25.5.200', '2020-02-20 09:40:44', 2, '::1'),
(30, 9, 32, '2017-12-31', 1, '2020-02-18 12:09:21', 2, '10.25.5.200', '2020-02-20 09:40:44', 2, '::1'),
(31, 10, 33, '0', 1, '2020-02-18 12:10:18', 2, '10.25.5.200', NULL, NULL, NULL),
(32, 10, 31, '3205', 1, '2020-02-18 12:10:18', 2, '10.25.5.200', NULL, NULL, NULL),
(33, 10, 32, '2011-12-31', 1, '2020-02-18 12:10:18', 2, '10.25.5.200', NULL, NULL, NULL),
(34, 11, 33, '0', 1, '2020-02-18 12:10:53', 2, '10.25.5.200', NULL, NULL, NULL),
(35, 11, 31, '3206', 1, '2020-02-18 12:10:53', 2, '10.25.5.200', NULL, NULL, NULL),
(36, 11, 32, '2011-12-31', 1, '2020-02-18 12:10:53', 2, '10.25.5.200', NULL, NULL, NULL),
(37, 12, 33, '0', 1, '2020-02-18 12:12:03', 2, '10.25.5.200', NULL, NULL, NULL),
(38, 12, 31, '3207', 1, '2020-02-18 12:12:03', 2, '10.25.5.200', NULL, NULL, NULL),
(39, 12, 32, '2011-12-31', 1, '2020-02-18 12:12:03', 2, '10.25.5.200', NULL, NULL, NULL),
(40, 13, 34, '17W183165', 1, '2020-02-18 12:15:55', 2, '10.25.5.200', NULL, NULL, NULL),
(41, 13, 32, '2017-04-30', 1, '2020-02-18 12:15:55', 2, '10.25.5.200', NULL, NULL, NULL),
(42, 13, 36, '0', 1, '2020-02-18 12:15:55', 2, '10.25.5.200', NULL, NULL, NULL),
(43, 13, 35, '0', 1, '2020-02-18 12:15:55', 2, '10.25.5.200', NULL, NULL, NULL),
(44, 14, 34, '11D180004', 1, '2020-02-18 12:16:31', 2, '10.25.5.200', NULL, NULL, NULL),
(45, 14, 32, '2011-06-30', 1, '2020-02-18 12:16:32', 2, '10.25.5.200', NULL, NULL, NULL),
(46, 14, 36, '0', 1, '2020-02-18 12:16:32', 2, '10.25.5.200', NULL, NULL, NULL),
(47, 14, 35, '0', 1, '2020-02-18 12:16:32', 2, '10.25.5.200', NULL, NULL, NULL),
(48, 15, 34, '11D187190', 1, '2020-02-18 12:17:00', 2, '10.25.5.200', NULL, NULL, NULL),
(49, 15, 32, '2011-06-30', 1, '2020-02-18 12:17:00', 2, '10.25.5.200', NULL, NULL, NULL),
(50, 15, 36, '0', 1, '2020-02-18 12:17:00', 2, '10.25.5.200', NULL, NULL, NULL),
(51, 15, 35, '0', 1, '2020-02-18 12:17:00', 2, '10.25.5.200', NULL, NULL, NULL),
(52, 16, 34, '11D180153', 1, '2020-02-18 12:17:31', 2, '10.25.5.200', NULL, NULL, NULL),
(53, 16, 32, '2011-06-30', 1, '2020-02-18 12:17:31', 2, '10.25.5.200', NULL, NULL, NULL),
(54, 16, 36, '0', 1, '2020-02-18 12:17:31', 2, '10.25.5.200', NULL, NULL, NULL),
(55, 16, 35, '0', 1, '2020-02-18 12:17:31', 2, '10.25.5.200', NULL, NULL, NULL),
(56, 17, 34, 'C1138-91218', 1, '2020-02-18 12:22:33', 2, '10.25.5.200', '2020-02-18 15:18:49', 2, '190.84.118.95'),
(57, 17, 37, '1999-01-31', 1, '2020-02-18 12:22:33', 2, '10.25.5.200', '2020-02-18 15:18:49', 2, '190.84.118.95');

-- --------------------------------------------------------

--
-- Table structure for table `tec_dptos`
--

CREATE TABLE `tec_dptos` (
  `iddpto` int(10) UNSIGNED NOT NULL COMMENT 'Id del departamento',
  `dpto` varchar(255) NOT NULL COMMENT 'Nombre del departamento',
  `idpais` int(10) UNSIGNED NOT NULL COMMENT 'Id del país al que pertenece dicho departamento',
  `edo_reg` int(10) UNSIGNED NOT NULL COMMENT 'Estado del registro',
  `fec_crea` datetime NOT NULL COMMENT 'Fecha de creación del registro',
  `usu_crea` int(10) UNSIGNED NOT NULL COMMENT 'Usuario que crea el registro',
  `ip_crea` varchar(15) NOT NULL COMMENT 'Ip de donde se crea el registro',
  `fec_mod` datetime DEFAULT NULL COMMENT 'Fecha de modificación del registro',
  `usu_mod` int(10) UNSIGNED DEFAULT NULL COMMENT 'Usuario que modifica el artículo',
  `ip_mod` varchar(15) DEFAULT NULL COMMENT 'Ip de donde se modifica el registro'
) ENGINE=InnoDB DEFAULT CHARSET=latin1;

--
-- Dumping data for table `tec_dptos`
--

INSERT INTO `tec_dptos` (`iddpto`, `dpto`, `idpais`, `edo_reg`, `fec_crea`, `usu_crea`, `ip_crea`, `fec_mod`, `usu_mod`, `ip_mod`) VALUES
(0, 'N/A', 1, 1, '2014-08-13 19:26:12', 1, '127.0.0.1', NULL, NULL, NULL),
(5, 'ANTIOQUIA', 1, 1, '2014-04-02 19:26:05', 1, '127.0.0.1', NULL, NULL, NULL),
(8, 'ATLÁNTICO', 1, 1, '2014-04-02 19:26:05', 1, '127.0.0.1', NULL, NULL, NULL),
(11, 'BOGOTÁ, D.C.', 1, 1, '2014-04-02 19:26:05', 1, '127.0.0.1', NULL, NULL, NULL),
(13, 'BOLÍVAR', 1, 1, '2014-04-02 19:26:05', 1, '127.0.0.1', NULL, NULL, NULL),
(15, 'BOYACÁ', 1, 1, '2014-04-02 19:26:05', 1, '127.0.0.1', NULL, NULL, NULL),
(17, 'CALDAS', 1, 1, '2014-04-02 19:26:05', 1, '127.0.0.1', NULL, NULL, NULL),
(18, 'CAQUETÁ', 1, 1, '2014-04-02 19:26:05', 1, '127.0.0.1', NULL, NULL, NULL),
(19, 'CAUCA', 1, 1, '2014-04-02 19:26:05', 1, '127.0.0.1', NULL, NULL, NULL),
(20, 'CESAR', 1, 1, '2014-04-02 19:26:05', 1, '127.0.0.1', NULL, NULL, NULL),
(23, 'CÓRDOBA', 1, 1, '2014-04-02 19:26:05', 1, '127.0.0.1', NULL, NULL, NULL),
(25, 'CUNDINAMARCA', 1, 1, '2014-04-02 19:26:05', 1, '127.0.0.1', NULL, NULL, NULL),
(27, 'CHOCÓ', 1, 1, '2014-04-02 19:26:05', 1, '127.0.0.1', NULL, NULL, NULL),
(41, 'HUILA', 1, 1, '2014-04-02 19:26:05', 1, '127.0.0.1', NULL, NULL, NULL),
(44, 'LA GUAJIRA', 1, 1, '2014-04-02 19:26:05', 1, '127.0.0.1', NULL, NULL, NULL),
(47, 'MAGDALENA', 1, 1, '2014-04-02 19:26:05', 1, '127.0.0.1', NULL, NULL, NULL),
(50, 'META', 1, 1, '2014-04-02 19:26:05', 1, '127.0.0.1', NULL, NULL, NULL),
(52, 'NARIÑO', 1, 1, '2014-04-02 19:26:05', 1, '127.0.0.1', NULL, NULL, NULL),
(54, 'NORTE DE SANTANDER', 1, 1, '2014-04-02 19:26:05', 1, '127.0.0.1', NULL, NULL, NULL),
(63, 'QUINDIO', 1, 1, '2014-04-02 19:26:05', 1, '127.0.0.1', NULL, NULL, NULL),
(66, 'RISARALDA', 1, 1, '2014-04-02 19:26:05', 1, '127.0.0.1', NULL, NULL, NULL),
(68, 'SANTANDER', 1, 1, '2014-04-02 19:26:05', 1, '127.0.0.1', NULL, NULL, NULL),
(70, 'SUCRE', 1, 1, '2014-04-02 19:26:05', 1, '127.0.0.1', NULL, NULL, NULL),
(73, 'TOLIMA', 1, 1, '2014-04-02 19:26:05', 1, '127.0.0.1', NULL, NULL, NULL),
(76, 'VALLE DEL CAUCA', 1, 1, '2014-04-02 19:26:05', 1, '127.0.0.1', NULL, NULL, NULL),
(81, 'ARAUCA', 1, 1, '2014-04-02 19:26:05', 1, '127.0.0.1', NULL, NULL, NULL),
(85, 'CASANARE', 1, 1, '2014-04-02 19:26:05', 1, '127.0.0.1', NULL, NULL, NULL),
(86, 'PUTUMAYO', 1, 1, '2014-04-02 19:26:05', 1, '127.0.0.1', NULL, NULL, NULL),
(88, 'SAN ANDRÉS', 1, 1, '2014-04-02 19:26:05', 1, '127.0.0.1', NULL, NULL, NULL),
(91, 'AMAZONAS', 1, 1, '2014-04-02 19:26:05', 1, '127.0.0.1', NULL, NULL, NULL),
(94, 'GUAINÍA', 1, 1, '2014-04-02 19:26:05', 1, '127.0.0.1', NULL, NULL, NULL),
(95, 'GUAVIARE', 1, 1, '2014-04-02 19:26:05', 1, '127.0.0.1', NULL, NULL, NULL),
(97, 'VAUPÉS', 1, 1, '2014-04-02 19:26:05', 1, '127.0.0.1', NULL, NULL, NULL),
(99, 'VICHADA', 1, 1, '2014-04-02 19:26:05', 1, '127.0.0.1', NULL, NULL, NULL),
(100, 'PRUEBA', 1, 1, '2014-08-13 19:26:12', 1, '127.0.0.1', NULL, NULL, NULL);

-- --------------------------------------------------------

--
-- Table structure for table `tec_entidades`
--

CREATE TABLE `tec_entidades` (
  `identidad` int(10) UNSIGNED NOT NULL COMMENT 'Id de la entidad a la que pertenecen los usuarios',
  `tpdoc` int(10) UNSIGNED NOT NULL COMMENT 'Tipo de documento de la entidad 1 NIT, 2 Cédula',
  `documento` varchar(45) NOT NULL COMMENT 'Número de documento que identifica a la entidad',
  `entidad` varchar(255) NOT NULL COMMENT 'Nombre de la entidad',
  `edo_reg` int(10) UNSIGNED NOT NULL COMMENT 'Estado del registro',
  `fec_crea` datetime NOT NULL COMMENT 'Fecha de creación del registro',
  `usu_crea` int(10) UNSIGNED NOT NULL COMMENT 'Usuario que crea el registro',
  `ip_crea` varchar(15) NOT NULL COMMENT 'Ip de donde se crea el registro',
  `fec_mod` datetime DEFAULT NULL COMMENT 'Fecha de modificación del registro',
  `usu_mod` int(10) UNSIGNED DEFAULT NULL COMMENT 'Usuario que modifica el artículo',
  `ip_mod` varchar(15) DEFAULT NULL COMMENT 'Ip de donde se modifica el registro'
) ENGINE=InnoDB DEFAULT CHARSET=latin1;

--
-- Dumping data for table `tec_entidades`
--

INSERT INTO `tec_entidades` (`identidad`, `tpdoc`, `documento`, `entidad`, `edo_reg`, `fec_crea`, `usu_crea`, `ip_crea`, `fec_mod`, `usu_mod`, `ip_mod`) VALUES
(1, 1, '900000000', 'SOME COMPANY S.A.S.', 1, '2019-05-07 23:53:46', 1, '::1', '2019-05-08 00:04:35', 1, '::1'),
(2, 1, '956789098-1', 'PRÉSTAMO A SU ALCANCE', 1, '2019-05-08 16:24:48', 1, '181.49.92.81', NULL, NULL, NULL);

-- --------------------------------------------------------

--
-- Table structure for table `tec_equipment`
--

CREATE TABLE `tec_equipment` (
  `id` int(10) UNSIGNED NOT NULL,
  `siteId` int(10) UNSIGNED NOT NULL,
  `typeEquipamentId` int(10) UNSIGNED NOT NULL,
  `idModel` int(10) UNSIGNED NOT NULL,
  `extinctionSystem` enum('S','N') NOT NULL,
  `detectionSystem` enum('S','N') NOT NULL,
  `internalNumber` varchar(45) NOT NULL,
  `serial` varchar(45) DEFAULT NULL,
  `horometer` float DEFAULT NULL,
  `edo_reg` int(10) UNSIGNED NOT NULL COMMENT 'Estado del registro',
  `fec_crea` datetime NOT NULL COMMENT 'Fecha de creación del registro',
  `usu_crea` int(10) UNSIGNED NOT NULL COMMENT 'Usuario que crea el registro',
  `ip_crea` varchar(15) NOT NULL COMMENT 'Ip de donde se crea el registro',
  `fec_mod` datetime DEFAULT NULL COMMENT 'Fecha de modificación del registro',
  `usu_mod` int(10) UNSIGNED DEFAULT NULL COMMENT 'Usuario que modifica el artículo',
  `ip_mod` varchar(15) DEFAULT NULL COMMENT 'Ip de donde se modifica el registro'
) ENGINE=InnoDB DEFAULT CHARSET=latin1;

--
-- Dumping data for table `tec_equipment`
--

INSERT INTO `tec_equipment` (`id`, `siteId`, `typeEquipamentId`, `idModel`, `extinctionSystem`, `detectionSystem`, `internalNumber`, `serial`, `horometer`, `edo_reg`, `fec_crea`, `usu_crea`, `ip_crea`, `fec_mod`, `usu_mod`, `ip_mod`) VALUES
(1, 2, 81, 84, 'S', 'S', '2221', '4AR00149', 0, 1, '2020-01-21 16:46:54', 2, '10.25.5.166', '2020-02-05 12:17:53', 5, '186.169.149.137'),
(2, 5, 81, 84, 'S', 'S', 'DT020', '0ATY00811', 0, 1, '2020-01-31 09:51:07', 10, '10.25.5.200', NULL, NULL, NULL),
(3, 5, 81, 84, 'S', 'S', 'DT021', '0ATY00812', 0, 1, '2020-01-31 09:53:13', 10, '10.25.5.200', NULL, NULL, NULL),
(4, 5, 81, 84, 'S', 'S', 'DT022', '0ATY00813', 0, 1, '2020-01-31 09:54:40', 10, '10.25.5.200', NULL, NULL, NULL),
(5, 4, 81, 88, 'S', 'S', 'DT378', '', 0, 1, '2020-01-31 09:55:36', 9, '10.25.5.200', '2020-02-04 07:58:02', 9, '190.126.172.131'),
(6, 5, 81, 84, 'S', 'S', 'DT023', '0ATY00814', 0, 1, '2020-01-31 09:56:01', 10, '10.25.5.200', '2020-01-31 09:57:47', 10, '10.25.5.200'),
(7, 4, 81, 88, 'S', 'S', 'DT500', '', 0, 1, '2020-01-31 09:56:11', 13, '10.25.5.200', NULL, NULL, NULL),
(8, 4, 81, 88, 'S', 'S', 'DT090', '', 0, 1, '2020-01-31 09:57:33', 9, '10.25.5.200', NULL, NULL, NULL),
(9, 4, 81, 88, 'S', 'S', 'DT501', '', 0, 1, '2020-01-31 09:57:38', 13, '10.25.5.200', NULL, NULL, NULL),
(10, 6, 81, 88, 'S', 'S', '499-PRUEBA', '12345', 0, 1, '2020-01-31 09:58:03', 11, '10.25.5.200', '2020-01-31 10:00:16', 11, '10.25.5.200'),
(11, 3, 90, 91, 'S', 'S', '5740', '', 0, 1, '2020-01-31 09:58:27', 3, '10.25.5.200', NULL, NULL, NULL),
(12, 4, 81, 88, 'S', 'S', 'DT502', '', 0, 1, '2020-01-31 09:58:36', 13, '10.25.5.200', NULL, NULL, NULL),
(13, 5, 81, 84, 'S', 'S', 'DT024', '0ATY00899', 0, 1, '2020-01-31 09:58:37', 10, '10.25.5.200', NULL, NULL, NULL),
(14, 5, 81, 84, 'S', 'S', 'DT025', '0ATY00900', 0, 1, '2020-01-31 09:59:21', 10, '10.25.5.200', NULL, NULL, NULL),
(15, 4, 81, 88, 'S', 'S', 'DT503', '', 0, 1, '2020-01-31 09:59:52', 13, '10.25.5.200', NULL, NULL, NULL),
(16, 6, 81, 84, 'S', 'S', '393-PRUEBA', '12345', 0, 1, '2020-01-31 09:59:59', 11, '10.25.5.200', NULL, NULL, NULL),
(17, 3, 90, 91, 'S', 'S', '5671', '', 0, 1, '2020-01-31 10:00:39', 3, '10.25.5.200', NULL, NULL, NULL),
(18, 4, 81, 88, 'S', 'S', 'DT091', '', 0, 1, '2020-01-31 10:01:24', 9, '10.25.5.200', NULL, NULL, NULL),
(19, 4, 81, 88, 'S', 'S', 'DT504', '', 0, 1, '2020-01-31 10:02:34', 13, '10.25.5.200', NULL, NULL, NULL),
(20, 3, 90, 91, 'S', 'S', '5702', '', 0, 1, '2020-01-31 10:02:45', 3, '10.25.5.200', NULL, NULL, NULL),
(21, 5, 81, 84, 'S', 'S', 'DT120', 'ATY00190', 0, 1, '2020-01-31 10:03:15', 10, '10.25.5.200', '2020-01-31 10:06:06', 10, '10.25.5.200'),
(22, 4, 81, 88, 'S', 'S', 'DT505', '', 0, 1, '2020-01-31 10:03:33', 13, '10.25.5.200', NULL, NULL, NULL),
(23, 3, 90, 91, 'S', 'S', '5721', '', 0, 1, '2020-01-31 10:03:55', 3, '10.25.5.200', NULL, NULL, NULL),
(24, 4, 81, 88, 'S', 'S', 'DT506', '', 0, 1, '2020-01-31 10:04:39', 13, '10.25.5.200', NULL, NULL, NULL),
(25, 4, 81, 88, 'S', 'S', 'DT507', '', 0, 1, '2020-01-31 10:05:41', 13, '10.25.5.200', NULL, NULL, NULL),
(26, 5, 81, 84, 'S', 'S', 'DT121', 'ATY00188', 0, 1, '2020-01-31 10:07:48', 10, '10.25.5.200', NULL, NULL, NULL),
(27, 4, 81, 88, 'S', 'S', 'DT508', '', 0, 1, '2020-01-31 10:08:26', 13, '10.25.5.200', NULL, NULL, NULL),
(28, 4, 81, 88, 'S', 'S', 'DT509', '', 0, 1, '2020-01-31 10:10:22', 13, '10.25.5.200', NULL, NULL, NULL),
(29, 4, 81, 88, 'S', 'S', 'DT510', '', 0, 1, '2020-01-31 10:13:14', 13, '10.25.5.200', NULL, NULL, NULL),
(30, 5, 81, 84, 'S', 'S', 'DT122', 'ATY00417', 0, 1, '2020-01-31 10:14:21', 10, '10.25.5.200', NULL, NULL, NULL),
(31, 6, 81, 88, 'S', 'S', '512- PRUEBA', '12345', 0, 1, '2020-01-31 10:14:34', 11, '10.25.5.200', NULL, NULL, NULL),
(32, 5, 81, 84, 'S', 'S', 'DT125', 'ATY00750', 0, 1, '2020-01-31 10:15:01', 10, '10.25.5.200', '2020-01-31 10:18:58', 10, '10.25.5.200'),
(33, 3, 93, 100, 'S', 'S', '7195', '', 0, 1, '2020-01-31 10:19:06', 3, '10.25.5.200', NULL, NULL, NULL),
(34, 5, 81, 84, 'S', 'S', 'DT126', 'ATY00751', 0, 1, '2020-01-31 10:20:00', 10, '10.25.5.200', NULL, NULL, NULL),
(35, 5, 81, 84, 'S', 'S', 'DT127', 'ATY00754', 0, 1, '2020-01-31 10:20:41', 10, '10.25.5.200', NULL, NULL, NULL),
(36, 4, 81, 88, 'S', 'S', 'DT092', '', 0, 1, '2020-01-31 10:20:58', 9, '10.25.5.200', NULL, NULL, NULL),
(37, 3, 106, 91, 'S', 'S', '7251', '', 0, 1, '2020-01-31 10:21:27', 3, '10.25.5.200', NULL, NULL, NULL),
(38, 6, 81, 88, 'S', 'S', '422-PRUEBA', '12345', 0, 1, '2020-01-31 10:21:59', 11, '10.25.5.200', NULL, NULL, NULL),
(39, 4, 81, 88, 'S', 'S', 'DT093', '', 0, 1, '2020-01-31 10:22:00', 9, '10.25.5.200', NULL, NULL, NULL),
(40, 4, 81, 88, 'S', 'S', 'DT094', '', 0, 1, '2020-01-31 10:22:58', 9, '10.25.5.200', '2020-01-31 10:23:40', 9, '10.25.5.200'),
(41, 3, 106, 100, 'S', 'S', '7291', '', 0, 1, '2020-01-31 10:26:17', 3, '10.25.5.200', NULL, NULL, NULL),
(42, 6, 81, 88, 'S', 'S', '485-PRUEBA', '12345', 0, 1, '2020-01-31 10:26:46', 11, '10.25.5.200', NULL, NULL, NULL),
(43, 4, 81, 88, 'S', 'S', 'DT095', '', 0, 1, '2020-02-04 08:03:15', 9, '190.126.172.131', NULL, NULL, NULL),
(44, 4, 81, 88, 'S', 'S', 'DT135', '', 0, 1, '2020-02-04 08:04:09', 9, '190.126.172.131', NULL, NULL, NULL),
(45, 4, 81, 88, 'S', 'S', 'DT481', '', 0, 1, '2020-02-04 08:05:40', 9, '190.126.172.131', NULL, NULL, NULL),
(46, 4, 81, 88, 'S', 'S', 'DT482', '', 0, 1, '2020-02-04 08:07:29', 9, '190.126.172.131', NULL, NULL, NULL),
(47, 4, 81, 88, 'S', 'S', 'DT511', '', 0, 1, '2020-02-04 08:10:05', 9, '190.126.172.131', NULL, NULL, NULL),
(48, 4, 81, 88, 'S', 'S', 'DT512', '', 0, 1, '2020-02-04 08:12:15', 9, '190.126.172.131', NULL, NULL, NULL),
(49, 4, 81, 88, 'S', 'S', 'DT513', '', 0, 1, '2020-02-04 08:13:17', 9, '190.126.172.131', NULL, NULL, NULL),
(50, 4, 81, 88, 'S', 'S', 'DT514', '', 0, 1, '2020-02-04 08:14:08', 9, '190.126.172.131', NULL, NULL, NULL),
(51, 4, 81, 88, 'S', 'S', 'DT515', '', 0, 1, '2020-02-04 08:15:16', 9, '190.126.172.131', NULL, NULL, NULL),
(52, 4, 81, 88, 'S', 'S', 'DT483', '', 0, 1, '2020-02-04 08:17:40', 9, '190.126.172.131', NULL, NULL, NULL),
(53, 4, 81, 88, 'S', 'S', 'DT484', '', 0, 1, '2020-02-04 08:18:36', 9, '190.126.172.131', NULL, NULL, NULL),
(54, 4, 81, 88, 'S', 'S', 'DT485', '', 0, 1, '2020-02-04 08:19:21', 9, '190.126.172.131', NULL, NULL, NULL),
(55, 4, 81, 88, 'S', 'S', 'DT486', '', 0, 1, '2020-02-04 08:20:34', 9, '190.126.172.131', NULL, NULL, NULL),
(56, 4, 81, 88, 'S', 'S', 'DT487', '', 0, 1, '2020-02-04 08:21:35', 9, '190.126.172.131', NULL, NULL, NULL),
(57, 4, 81, 88, 'S', 'S', 'DT489', '', 0, 1, '2020-02-04 08:24:31', 9, '190.126.172.131', NULL, NULL, NULL),
(58, 4, 81, 88, 'S', 'S', 'DT490', '', 0, 1, '2020-02-04 08:25:22', 9, '190.126.172.131', NULL, NULL, NULL),
(59, 4, 81, 88, 'S', 'S', 'DT491', '', 0, 1, '2020-02-04 08:26:43', 9, '190.126.172.131', NULL, NULL, NULL),
(60, 4, 81, 88, 'S', 'S', 'DT492', '', 0, 1, '2020-02-04 08:27:48', 9, '190.126.172.131', NULL, NULL, NULL),
(61, 4, 81, 88, 'S', 'S', 'DT493', '', 0, 1, '2020-02-04 08:28:59', 9, '190.126.172.131', NULL, NULL, NULL),
(62, 4, 81, 88, 'S', 'S', 'DT494', '', 0, 1, '2020-02-04 08:29:56', 9, '190.126.172.131', NULL, NULL, NULL),
(63, 4, 81, 88, 'S', 'S', 'DT495', '', 0, 1, '2020-02-04 08:30:47', 9, '190.126.172.131', NULL, NULL, NULL),
(64, 4, 81, 88, 'S', 'S', 'DT496', '', 0, 1, '2020-02-04 08:31:32', 9, '190.126.172.131', NULL, NULL, NULL),
(65, 4, 81, 88, 'S', 'S', 'DT497', '', 0, 1, '2020-02-04 08:32:18', 9, '190.126.172.131', NULL, NULL, NULL),
(66, 4, 81, 88, 'S', 'S', 'DT498', '', 0, 1, '2020-02-04 08:33:17', 9, '190.126.172.131', NULL, NULL, NULL),
(67, 4, 81, 88, 'S', 'S', 'DT499', '', 0, 1, '2020-02-04 08:34:08', 9, '190.126.172.131', NULL, NULL, NULL),
(68, 2, 81, 135, 'S', 'S', '2100', 'JRP03253', 0, 1, '2020-02-04 10:47:42', 5, '186.169.145.192', '2020-02-19 09:27:51', 2, '190.131.219.246'),
(69, 2, 81, 135, 'S', 'S', '2101', 'JRP03259', 0, 1, '2020-02-04 10:48:44', 5, '186.169.145.192', NULL, NULL, NULL),
(70, 2, 81, 135, 'S', 'S', '2102', 'JRP03261', 0, 1, '2020-02-04 10:49:40', 5, '186.169.145.192', NULL, NULL, NULL),
(71, 2, 81, 135, 'S', 'S', '2103', 'JRP03263', 0, 1, '2020-02-04 10:51:03', 5, '186.169.145.192', NULL, NULL, NULL),
(72, 2, 81, 135, 'S', 'S', '2104', 'JRP03265', 0, 1, '2020-02-04 10:52:36', 5, '186.169.145.192', NULL, NULL, NULL),
(73, 2, 81, 135, 'S', 'S', '2105', 'JRP03267', 0, 1, '2020-02-04 10:53:11', 5, '186.169.145.192', NULL, NULL, NULL),
(74, 2, 81, 135, 'S', 'S', '2106', 'JRP03269', 0, 1, '2020-02-04 10:53:47', 5, '186.169.145.192', NULL, NULL, NULL),
(75, 2, 81, 135, 'S', 'S', '2107', 'JRP02877', 0, 1, '2020-02-04 10:54:50', 5, '186.169.145.192', NULL, NULL, NULL),
(76, 2, 81, 135, 'S', 'S', '2108', 'JRP02878', 0, 1, '2020-02-04 10:55:26', 5, '186.169.145.192', NULL, NULL, NULL),
(77, 2, 81, 135, 'S', 'S', '2109', 'JRP02928', 0, 1, '2020-02-04 10:58:00', 5, '186.169.145.192', NULL, NULL, NULL),
(78, 2, 81, 135, 'S', 'S', '2110', 'JRP02951', 0, 1, '2020-02-04 10:58:32', 5, '186.169.145.192', NULL, NULL, NULL),
(79, 2, 81, 135, 'S', 'S', '2111', 'JRP02954', 0, 1, '2020-02-04 10:59:09', 5, '186.169.145.192', NULL, NULL, NULL),
(80, 2, 81, 135, 'S', 'S', '2113', 'JRP03204', 0, 1, '2020-02-04 11:00:01', 5, '186.169.145.192', NULL, NULL, NULL),
(81, 2, 81, 135, 'S', 'S', '2114', 'JRP03229', 0, 1, '2020-02-04 11:00:43', 5, '186.169.145.192', NULL, NULL, NULL),
(82, 2, 81, 135, 'S', 'S', '2115', 'JRP03225', 0, 1, '2020-02-04 11:01:23', 5, '186.169.145.192', NULL, NULL, NULL),
(83, 2, 81, 135, 'S', 'S', '2116', 'JRP03205', 0, 1, '2020-02-04 11:03:26', 5, '186.169.145.192', NULL, NULL, NULL),
(84, 2, 81, 135, 'S', 'S', '2117', 'JRP03203', 0, 1, '2020-02-04 11:04:23', 5, '186.169.145.192', NULL, NULL, NULL),
(85, 2, 81, 135, 'S', 'S', '2123', 'JRP02617', 0, 1, '2020-02-04 11:05:02', 5, '186.169.145.192', NULL, NULL, NULL),
(86, 2, 81, 135, 'S', 'S', '2124', 'JRP02618', 0, 1, '2020-02-04 11:05:52', 5, '186.169.145.192', NULL, NULL, NULL),
(87, 2, 105, 130, 'S', 'S', '2120', '01X05597', 0, 1, '2020-02-04 11:06:53', 5, '186.169.145.192', NULL, NULL, NULL),
(88, 2, 105, 130, 'S', 'S', '2122', '01X03388', 0, 1, '2020-02-04 11:07:44', 5, '186.169.145.192', NULL, NULL, NULL),
(89, 2, 81, 133, 'S', 'S', '2160', '5ER00102', 0, 1, '2020-02-04 11:08:51', 5, '186.169.145.192', '2020-02-04 11:09:33', 5, '186.169.145.192'),
(90, 2, 81, 133, 'S', 'S', '2161', '5ER00103', 0, 1, '2020-02-04 11:11:27', 5, '186.169.145.192', NULL, NULL, NULL),
(91, 2, 105, 132, 'S', 'S', '2162', '5ER00104', 0, 1, '2020-02-04 11:12:28', 5, '186.169.145.192', '2020-02-04 11:12:57', 5, '186.169.145.192'),
(92, 2, 81, 133, 'S', 'S', '2163', 'AGC01040', 0, 1, '2020-02-04 11:13:54', 5, '186.169.145.192', NULL, NULL, NULL),
(93, 2, 81, 133, 'S', 'S', '2164', '5ER00105', 0, 1, '2020-02-04 11:16:32', 5, '186.169.145.192', NULL, NULL, NULL),
(94, 2, 81, 133, 'S', 'S', '2165', 'AGC00706', 0, 1, '2020-02-04 11:17:19', 5, '186.169.145.192', NULL, NULL, NULL),
(95, 2, 81, 133, 'S', 'S', '2166', 'AGC00450', 0, 1, '2020-02-04 11:18:08', 5, '186.169.145.192', NULL, NULL, NULL),
(96, 2, 81, 133, 'S', 'S', '2167', 'AGC00454', 0, 1, '2020-02-04 11:21:04', 5, '186.169.145.192', NULL, NULL, NULL),
(97, 2, 81, 133, 'S', 'S', '2168', '5ER00100', 0, 1, '2020-02-04 11:21:49', 5, '186.169.145.192', NULL, NULL, NULL),
(98, 2, 81, 133, 'S', 'S', '2170', 'AGC01048', 0, 1, '2020-02-04 11:25:32', 5, '186.169.145.192', NULL, NULL, NULL),
(99, 2, 81, 133, 'S', 'S', '2171', 'AGC01066', 0, 1, '2020-02-04 11:26:32', 5, '186.169.145.192', NULL, NULL, NULL),
(100, 2, 81, 133, 'S', 'S', '2172', 'AGC01082', 0, 1, '2020-02-04 11:28:37', 5, '186.169.145.192', NULL, NULL, NULL),
(101, 2, 81, 133, 'S', 'S', '2173', 'AGC01108', 0, 1, '2020-02-04 11:36:03', 5, '186.169.145.192', NULL, NULL, NULL),
(102, 2, 81, 133, 'S', 'S', '2174', 'AGC00445', 0, 1, '2020-02-04 11:47:30', 5, '186.169.145.192', '2020-02-04 11:47:52', 5, '186.169.145.192'),
(103, 2, 81, 133, 'S', 'S', '2175', 'AGC00457', 0, 1, '2020-02-04 11:50:33', 5, '186.169.145.192', NULL, NULL, NULL),
(104, 2, 81, 133, 'S', 'S', '2176', 'AGC00308', 0, 1, '2020-02-04 11:52:54', 5, '186.169.145.192', NULL, NULL, NULL),
(105, 2, 81, 133, 'S', 'S', '2178', 'AGC00792', 0, 1, '2020-02-04 11:55:54', 5, '186.169.145.192', NULL, NULL, NULL),
(106, 2, 105, 132, 'S', 'S', '2183', '4XJ00284', 0, 1, '2020-02-04 11:58:16', 5, '186.169.145.192', '2020-02-04 12:04:46', 5, '186.169.145.192'),
(107, 2, 105, 132, 'S', 'S', '2184', '4XJ00397', 0, 1, '2020-02-04 11:59:09', 5, '186.169.145.192', '2020-02-04 12:04:36', 5, '186.169.145.192'),
(108, 2, 105, 132, 'S', 'S', '2185', '4XJ00147', 0, 1, '2020-02-04 11:59:48', 5, '186.169.145.192', '2020-02-04 12:04:21', 5, '186.169.145.192'),
(109, 2, 105, 132, 'S', 'S', '2186', '4XJ00148', 0, 1, '2020-02-04 12:01:57', 5, '186.169.145.192', NULL, NULL, NULL),
(110, 2, 105, 133, 'S', 'S', '2187', 'AGC00851', 0, 1, '2020-02-04 12:06:29', 5, '186.169.190.245', NULL, NULL, NULL),
(111, 2, 81, 133, 'S', 'S', '2189', 'AGC00485', 0, 1, '2020-02-04 12:07:34', 5, '186.169.190.245', NULL, NULL, NULL),
(112, 2, 81, 133, 'S', 'S', '2190', '3PR00549', 0, 1, '2020-02-04 12:08:25', 5, '186.169.190.245', '2020-02-04 12:09:38', 5, '186.169.190.245'),
(113, 2, 81, 133, 'S', 'S', '2191', 'AGC00449', 0, 1, '2020-02-04 12:10:40', 5, '186.169.190.245', NULL, NULL, NULL),
(114, 2, 81, 133, 'S', 'S', '2192', '3PR00644', 0, 1, '2020-02-04 12:11:17', 5, '186.169.190.245', NULL, NULL, NULL),
(115, 2, 81, 133, 'S', 'S', '2193', 'AGC01797', 0, 1, '2020-02-04 12:11:54', 5, '186.169.190.245', NULL, NULL, NULL),
(116, 2, 81, 131, 'S', 'S', '2228', '4XJ00574', 0, 1, '2020-02-04 12:12:37', 5, '186.169.190.245', NULL, NULL, NULL),
(117, 2, 105, 131, 'S', 'S', '2229', '4XJ00532', 0, 1, '2020-02-04 12:13:12', 5, '186.169.190.245', '2020-02-04 12:17:09', 5, '186.169.190.245'),
(118, 2, 105, 132, 'S', 'S', '2230', '4XJ00522', 0, 1, '2020-02-04 12:14:39', 5, '186.169.190.245', NULL, NULL, NULL),
(119, 2, 81, 131, 'S', 'S', '2231', '4XJ00775', 0, 1, '2020-02-04 12:17:56', 5, '186.169.190.245', NULL, NULL, NULL),
(120, 2, 105, 132, 'S', 'S', '2232', '4XJ00777', 0, 1, '2020-02-04 12:18:43', 5, '186.169.190.245', NULL, NULL, NULL),
(121, 2, 105, 132, 'S', 'S', '2235', '4XJ00778', 0, 1, '2020-02-04 12:19:37', 5, '186.169.190.245', NULL, NULL, NULL),
(122, 2, 81, 131, 'S', 'S', '2236', '4XJ00428', 0, 1, '2020-02-04 12:20:16', 5, '186.169.190.245', NULL, NULL, NULL),
(123, 2, 105, 132, 'S', 'S', '2238', '4XJ00938', 0, 1, '2020-02-04 12:20:56', 5, '186.169.190.245', NULL, NULL, NULL),
(124, 2, 81, 131, 'S', 'S', '2255', '4YC01148', 0, 1, '2020-02-04 12:21:39', 5, '186.169.190.245', NULL, NULL, NULL),
(125, 2, 105, 132, 'S', 'S', '2258', '4XJ00217', 0, 1, '2020-02-04 12:22:10', 5, '186.169.190.245', NULL, NULL, NULL),
(126, 2, 81, 131, 'S', 'S', '2259', '4XJ00378', 0, 1, '2020-02-04 12:22:50', 5, '186.169.190.245', NULL, NULL, NULL),
(127, 2, 81, 131, 'S', 'S', '2260', '4XJ00245', 0, 1, '2020-02-04 12:26:49', 5, '186.169.190.245', NULL, NULL, NULL),
(128, 2, 81, 131, 'S', 'S', '2261', '4XJ00246', 0, 1, '2020-02-04 12:27:33', 5, '186.169.190.245', NULL, NULL, NULL),
(129, 2, 104, 132, 'S', 'S', '2262', '4XJ00228', 0, 1, '2020-02-04 12:28:10', 5, '186.169.190.245', NULL, NULL, NULL),
(130, 2, 95, 131, 'S', 'S', '2263', '4XJ00243', 0, 1, '2020-02-04 12:28:52', 5, '186.169.190.245', NULL, NULL, NULL),
(131, 2, 81, 131, 'S', 'S', '2264', '4XJ00244', 0, 1, '2020-02-04 12:29:58', 5, '186.169.190.245', NULL, NULL, NULL),
(132, 2, 81, 131, 'S', 'S', '2268', '4XJ00587', 0, 1, '2020-02-04 12:30:45', 5, '186.169.190.245', NULL, NULL, NULL),
(133, 2, 95, 131, 'S', 'S', '2269', '4XJ00952', 0, 1, '2020-02-04 12:31:30', 5, '186.169.190.245', NULL, NULL, NULL),
(134, 2, 105, 132, 'S', 'S', '2270', '4XJ01075', 0, 1, '2020-02-04 12:32:19', 5, '186.169.190.245', NULL, NULL, NULL),
(135, 2, 105, 132, 'S', 'S', '2272', '4XJ01114', 0, 1, '2020-02-04 12:32:53', 5, '186.169.190.245', NULL, NULL, NULL),
(136, 2, 105, 132, 'S', 'S', '2273', '4XJ00356', 0, 1, '2020-02-04 12:33:28', 5, '186.169.190.245', NULL, NULL, NULL),
(137, 2, 105, 132, 'S', 'S', '2274', '4XJ01077', 0, 1, '2020-02-04 12:34:10', 5, '186.169.190.245', NULL, NULL, NULL),
(138, 2, 105, 132, 'S', 'S', '2275', '4XJ00493', 0, 1, '2020-02-04 12:34:45', 5, '186.169.190.245', NULL, NULL, NULL),
(139, 2, 105, 132, 'S', 'S', '2276', '4XJ00485', 0, 1, '2020-02-04 12:35:20', 5, '186.169.190.245', NULL, NULL, NULL),
(140, 2, 81, 131, 'S', 'S', '2277', '4XJ00308', 0, 1, '2020-02-04 12:36:42', 5, '186.169.190.245', NULL, NULL, NULL),
(141, 2, 105, 131, 'S', 'S', '2278', '4XJ00536', 0, 1, '2020-02-04 15:34:33', 5, '186.169.190.245', NULL, NULL, NULL),
(142, 2, 105, 132, 'S', 'S', '2279', '4XJ00891', 0, 1, '2020-02-04 16:28:23', 5, '186.169.190.245', NULL, NULL, NULL),
(143, 2, 81, 136, 'S', 'S', '2282', '8GB00600', 0, 1, '2020-02-04 16:29:41', 5, '186.169.190.245', NULL, NULL, NULL),
(144, 2, 81, 136, 'S', 'S', '2283', '8GB00613', 0, 1, '2020-02-04 16:32:35', 5, '186.169.190.245', NULL, NULL, NULL),
(145, 2, 81, 136, 'S', 'S', '2285', '8GB00616', 0, 1, '2020-02-04 16:33:29', 5, '186.169.190.245', NULL, NULL, NULL),
(146, 2, 81, 136, 'S', 'S', '2286', '8GB00617', 0, 1, '2020-02-04 16:34:19', 5, '186.169.190.245', NULL, NULL, NULL),
(147, 2, 81, 136, 'S', 'S', '2287', '8GB00599', 0, 1, '2020-02-04 16:35:07', 5, '186.169.190.245', NULL, NULL, NULL),
(148, 2, 81, 133, 'S', 'S', '2317', 'AGC00451', 0, 1, '2020-02-04 16:37:23', 5, '186.169.190.245', NULL, NULL, NULL),
(149, 2, 105, 133, 'S', 'S', '2318', 'AGC01680', 0, 1, '2020-02-04 16:38:39', 5, '186.169.190.245', NULL, NULL, NULL),
(150, 2, 81, 133, 'S', 'S', '2319', 'AGC00448', 0, 1, '2020-02-04 16:40:03', 5, '186.169.190.245', NULL, NULL, NULL),
(151, 2, 105, 170, 'S', 'S', '2320', '5ER00098', 0, 1, '2020-02-04 16:43:00', 5, '186.169.190.245', NULL, NULL, NULL),
(152, 2, 81, 136, 'S', 'S', '2321', '8GB00296', 0, 1, '2020-02-04 16:44:42', 5, '186.169.190.245', NULL, NULL, NULL),
(153, 2, 81, 133, 'S', 'S', '2328', '3PR00762', 0, 1, '2020-02-04 16:46:04', 5, '186.169.190.245', NULL, NULL, NULL),
(154, 2, 81, 133, 'S', 'S', '2350', '3PR00528', 0, 1, '2020-02-04 16:46:41', 5, '186.169.190.245', NULL, NULL, NULL),
(155, 2, 105, 170, 'S', 'S', '2391', 'AGC01487', 0, 1, '2020-02-04 16:47:53', 5, '186.169.190.245', NULL, NULL, NULL),
(156, 2, 81, 134, 'S', 'S', '2392', '2YW00094', 0, 1, '2020-02-04 16:48:46', 5, '186.169.190.245', NULL, NULL, NULL),
(157, 2, 95, 134, 'S', 'S', '2394', '2YW00093', 0, 1, '2020-02-04 16:49:42', 5, '186.169.190.245', NULL, NULL, NULL),
(158, 2, 81, 134, 'S', 'S', '2395', '2YW00095', 0, 1, '2020-02-04 16:51:33', 5, '186.169.190.245', NULL, NULL, NULL),
(159, 2, 81, 133, 'S', 'S', '2396', '5ER00099', 0, 1, '2020-02-04 16:54:03', 5, '186.169.190.245', NULL, NULL, NULL),
(160, 2, 81, 133, 'S', 'S', '2397', '5ER00101', 0, 1, '2020-02-04 16:55:05', 5, '186.169.190.245', NULL, NULL, NULL),
(161, 2, 95, 133, 'S', 'S', '2398', 'AGC01493', 0, 1, '2020-02-04 16:55:41', 5, '186.169.190.245', NULL, NULL, NULL),
(162, 2, 81, 133, 'S', 'S', '2399', 'AGC01491', 0, 1, '2020-02-04 16:56:51', 5, '186.169.190.245', NULL, NULL, NULL),
(163, 2, 81, 132, 'S', 'S', '2523', '4XJ00586', 0, 1, '2020-02-04 16:58:11', 5, '186.169.190.245', NULL, NULL, NULL),
(164, 2, 105, 170, 'S', 'S', '2177', 'AGC00299', 0, 1, '2020-02-04 16:58:52', 5, '186.169.190.245', NULL, NULL, NULL),
(165, 2, 105, 170, 'S', 'S', '2179', 'AGC00482', 0, 1, '2020-02-04 16:59:34', 5, '186.169.190.245', NULL, NULL, NULL),
(166, 2, 105, 170, 'S', 'S', '2180', 'AGC00483', 0, 1, '2020-02-04 17:00:21', 5, '186.169.190.245', NULL, NULL, NULL),
(167, 2, 105, 170, 'S', 'S', '2182', 'AGC00484', 0, 1, '2020-02-04 17:04:23', 5, '186.169.190.245', NULL, NULL, NULL),
(168, 2, 103, 128, 'S', 'S', '6187', '3ML00132', 0, 1, '2020-02-05 07:35:03', 8, '186.169.132.40', NULL, NULL, NULL),
(169, 2, 90, 153, 'S', 'S', '5149', '14Y00688', 0, 1, '2020-02-05 07:36:33', 8, '186.169.132.40', NULL, NULL, NULL),
(170, 2, 90, 153, 'S', 'S', '5152', '14Y00537', 0, 1, '2020-02-05 07:37:27', 8, '186.169.132.40', NULL, NULL, NULL),
(171, 2, 90, 153, 'S', 'S', '5154', '14Y00820', 0, 1, '2020-02-05 07:39:00', 8, '186.169.132.40', NULL, NULL, NULL),
(172, 2, 90, 153, 'S', 'S', '5156', '14Y00812', 0, 1, '2020-02-05 07:39:48', 8, '186.169.132.40', NULL, NULL, NULL),
(173, 2, 90, 189, 'S', 'S', '5157', '14Y00802', 0, 1, '2020-02-05 07:40:34', 8, '186.169.132.40', NULL, NULL, NULL),
(174, 2, 90, 153, 'S', 'S', '5158', '14Y00844', 0, 1, '2020-02-05 07:41:12', 8, '186.169.132.40', '2020-02-05 07:41:33', 8, '186.169.132.40'),
(175, 2, 90, 153, 'S', 'S', '5162', '', 14, 1, '2020-02-05 07:42:16', 8, '186.169.132.40', NULL, NULL, NULL),
(176, 2, 90, 153, 'S', 'S', '5164', '14Y00852', 0, 1, '2020-02-05 07:42:54', 8, '186.169.132.40', NULL, NULL, NULL),
(177, 2, 90, 153, 'S', 'S', '5166', '14Y00837', 0, 1, '2020-02-05 07:43:31', 8, '186.169.132.40', NULL, NULL, NULL),
(178, 2, 90, 153, 'S', 'S', '5171', '14Y00956', 0, 1, '2020-02-05 11:13:18', 8, '186.169.132.40', NULL, NULL, NULL),
(179, 2, 90, 153, 'S', 'S', '5175', '14Y01345', 0, 1, '2020-02-05 11:14:06', 8, '186.169.132.40', NULL, NULL, NULL),
(180, 2, 90, 153, 'S', 'S', '5176', '14Y01703', 0, 1, '2020-02-05 11:14:52', 8, '186.169.132.40', NULL, NULL, NULL),
(181, 2, 90, 153, 'S', 'S', '5177', '14Y01729', 0, 1, '2020-02-05 11:15:24', 8, '186.169.132.40', NULL, NULL, NULL),
(182, 2, 90, 153, 'S', 'S', '5178', '14Y01724', 0, 1, '2020-02-05 11:15:59', 8, '186.169.132.40', NULL, NULL, NULL),
(183, 2, 90, 153, 'S', 'S', '5179', '14Y01698', 0, 1, '2020-02-05 11:20:05', 8, '186.169.132.40', NULL, NULL, NULL),
(184, 2, 90, 152, 'S', 'S', '5190', '5LN00868', 0, 1, '2020-02-05 11:20:43', 8, '186.169.132.40', NULL, NULL, NULL),
(185, 2, 90, 152, 'S', 'S', '5191', '5LN00835', 0, 1, '2020-02-05 11:21:27', 8, '186.169.132.40', NULL, NULL, NULL),
(186, 2, 90, 177, 'S', 'S', '5231', '7PZ00327', 0, 1, '2020-02-05 11:22:22', 8, '186.169.132.40', NULL, NULL, NULL),
(187, 2, 90, 177, 'S', 'S', '5256', '7PZ00286', 0, 1, '2020-02-05 11:23:05', 8, '186.169.132.40', NULL, NULL, NULL),
(188, 2, 90, 177, 'S', 'S', '5257', '7PZ00486', 0, 1, '2020-02-05 11:23:38', 8, '186.169.132.40', NULL, NULL, NULL),
(189, 2, 90, 177, 'S', 'S', '5258', '7PZ00325', 0, 1, '2020-02-05 11:24:15', 8, '186.169.132.40', NULL, NULL, NULL),
(190, 2, 90, 177, 'S', 'S', '5259', '7PZ00766', 0, 1, '2020-02-05 11:24:48', 8, '186.169.132.40', NULL, NULL, NULL),
(191, 2, 90, 177, 'S', 'S', '5260', '7PZ00768', 0, 1, '2020-02-05 11:25:25', 8, '186.169.132.40', NULL, NULL, NULL),
(192, 2, 90, 177, 'S', 'S', '5262', '7PZ00771', 0, 1, '2020-02-05 11:26:02', 8, '186.169.132.40', NULL, NULL, NULL),
(193, 2, 90, 177, 'S', 'S', '5263', '7PZ00775', 0, 1, '2020-02-05 11:26:37', 8, '186.169.132.40', NULL, NULL, NULL),
(194, 2, 90, 177, 'S', 'S', '5264', '7PZ00469', 0, 1, '2020-02-05 11:27:09', 8, '186.169.132.40', NULL, NULL, NULL),
(195, 2, 90, 177, 'S', 'S', '5265', '7PZ00785', 0, 1, '2020-02-05 11:38:57', 8, '186.169.132.40', NULL, NULL, NULL),
(196, 2, 90, 177, 'S', 'S', '5266', '7PZ00786', 0, 1, '2020-02-05 11:39:45', 8, '186.169.132.40', NULL, NULL, NULL),
(197, 2, 90, 177, 'S', 'S', '5267', '7PZ00520', 0, 1, '2020-02-05 11:41:14', 8, '186.169.132.40', NULL, NULL, NULL),
(198, 2, 90, 177, 'S', 'S', '5268', '7PZ00800', 0, 1, '2020-02-05 11:42:23', 8, '186.169.132.40', NULL, NULL, NULL),
(199, 2, 90, 177, 'S', 'S', '5269', '7PZ00804', 0, 1, '2020-02-05 11:43:15', 8, '186.169.132.40', NULL, NULL, NULL),
(200, 2, 90, 177, 'S', 'S', '5270', '7PZ00806', 0, 1, '2020-02-05 11:43:50', 8, '186.169.132.40', NULL, NULL, NULL),
(201, 2, 81, 115, 'S', 'S', '2203', '1HL00193', 0, 1, '2020-02-05 12:04:27', 5, '186.169.149.137', NULL, NULL, NULL),
(202, 2, 81, 115, 'S', 'S', '2204', '1HL00194', 0, 1, '2020-02-05 12:05:19', 5, '186.169.149.137', NULL, NULL, NULL),
(203, 2, 90, 177, 'S', 'S', '5274', '7PZ00809', 0, 1, '2020-02-05 12:05:49', 8, '186.169.132.40', NULL, NULL, NULL),
(204, 2, 90, 177, 'S', 'S', '5276', '9TR00413', 0, 1, '2020-02-05 12:06:17', 8, '186.169.132.40', NULL, NULL, NULL),
(205, 2, 81, 115, 'S', 'S', '2205', '1HL00227', 0, 1, '2020-02-05 12:06:19', 5, '186.169.149.137', NULL, NULL, NULL),
(206, 2, 90, 177, 'S', 'S', '5277', '7PZ00553', 0, 1, '2020-02-05 12:06:48', 8, '186.169.132.40', NULL, NULL, NULL),
(207, 2, 81, 115, 'S', 'S', '2206', '1HL00228', 0, 1, '2020-02-05 12:07:04', 5, '186.169.149.137', NULL, NULL, NULL),
(208, 2, 90, 177, 'S', 'S', '5278', '7PZ00828', 0, 1, '2020-02-05 12:07:21', 8, '186.169.132.40', NULL, NULL, NULL),
(209, 2, 81, 115, 'S', 'S', '2207', '1HL00229', 0, 1, '2020-02-05 12:07:46', 5, '186.169.149.137', NULL, NULL, NULL),
(210, 2, 90, 177, 'S', 'S', '5279', '7PZ00835', 0, 1, '2020-02-05 12:07:48', 8, '186.169.132.40', NULL, NULL, NULL),
(211, 2, 81, 115, 'S', 'S', '2208', '1HL00230', 0, 1, '2020-02-05 12:08:25', 5, '186.169.149.137', NULL, NULL, NULL),
(212, 2, 90, 177, 'S', 'S', '5280', '7PZ00831', 0, 1, '2020-02-05 12:08:27', 8, '186.169.132.40', NULL, NULL, NULL),
(213, 2, 90, 152, 'S', 'S', '5283', 'ADE00733', 0, 1, '2020-02-05 12:08:56', 8, '186.169.132.40', NULL, NULL, NULL),
(214, 2, 81, 115, 'S', 'S', '2209', '1HL00265', 0, 1, '2020-02-05 12:09:20', 5, '186.169.149.137', NULL, NULL, NULL),
(215, 2, 90, 149, 'S', 'S', '5653', '3KR01284', 0, 1, '2020-02-05 12:09:27', 8, '186.169.132.40', '2020-02-05 12:10:24', 8, '186.169.132.40'),
(216, 2, 81, 115, 'S', 'S', '2210', '1HL00314', 0, 1, '2020-02-05 12:09:55', 5, '186.169.149.137', NULL, NULL, NULL),
(217, 2, 81, 115, 'S', 'S', '2211', '1HL00315', 0, 1, '2020-02-05 12:10:42', 5, '186.169.149.137', NULL, NULL, NULL),
(218, 2, 90, 150, 'S', 'S', '5655', 'GEB00343', 0, 1, '2020-02-05 12:11:07', 8, '186.169.132.40', NULL, NULL, NULL),
(219, 2, 81, 115, 'S', 'S', '2213', '1HL00352', 0, 1, '2020-02-05 12:11:32', 5, '186.169.149.137', NULL, NULL, NULL),
(220, 2, 90, 149, 'S', 'S', '5656', 'AKT00419', 0, 1, '2020-02-05 12:11:45', 8, '186.169.132.40', NULL, NULL, NULL),
(221, 2, 90, 149, 'S', 'S', '5657', '3KR01042', 0, 1, '2020-02-05 12:12:17', 8, '186.169.132.40', NULL, NULL, NULL),
(222, 2, 81, 115, 'S', 'S', '2214', '1HL00353', 0, 1, '2020-02-05 12:12:30', 5, '186.169.149.137', NULL, NULL, NULL),
(223, 2, 90, 149, 'S', 'S', '5658', 'AKT00714', 0, 1, '2020-02-05 12:12:47', 8, '186.169.132.40', NULL, NULL, NULL),
(224, 2, 90, 149, 'S', 'S', '5659', '3KR00811', 0, 1, '2020-02-05 12:13:17', 8, '186.169.132.40', NULL, NULL, NULL),
(225, 2, 90, 149, 'S', 'S', '5660', '3KR00622', 0, 1, '2020-02-05 12:13:49', 8, '186.169.132.40', NULL, NULL, NULL),
(226, 2, 90, 149, 'S', 'S', '5661', 'AKT00713', 0, 1, '2020-02-05 12:14:21', 8, '186.169.132.40', NULL, NULL, NULL),
(227, 2, 81, 115, 'S', 'S', '2215', '1HL00354', 0, 1, '2020-02-05 12:14:40', 5, '186.169.149.137', NULL, NULL, NULL),
(228, 2, 90, 149, 'S', 'S', '5662', '3KR01783', 0, 1, '2020-02-05 12:14:59', 8, '186.169.132.40', NULL, NULL, NULL),
(229, 2, 81, 115, 'S', 'S', '2216', '1HL00355', 0, 1, '2020-02-05 12:15:13', 5, '186.169.149.137', NULL, NULL, NULL),
(230, 2, 90, 177, 'S', 'S', '5666', '9TR00447', 0, 1, '2020-02-05 12:15:31', 8, '186.169.132.40', NULL, NULL, NULL),
(231, 2, 90, 177, 'S', 'S', '5667', '9TR00435', 0, 1, '2020-02-05 12:16:00', 8, '186.169.132.40', NULL, NULL, NULL),
(232, 2, 81, 115, 'S', 'S', '2217', '1HL00356', 0, 1, '2020-02-05 12:16:04', 5, '186.169.149.137', NULL, NULL, NULL),
(233, 2, 90, 177, 'S', 'S', '5668', '7PZ00897', 0, 1, '2020-02-05 12:16:28', 8, '186.169.132.40', NULL, NULL, NULL),
(234, 2, 81, 115, 'S', 'S', '2220', '4AR00148', 0, 1, '2020-02-05 12:16:52', 5, '186.169.149.137', NULL, NULL, NULL),
(235, 2, 90, 177, 'S', 'S', '5669', '7PZ00904', 0, 1, '2020-02-05 12:16:56', 8, '186.169.132.40', NULL, NULL, NULL),
(236, 2, 90, 177, 'S', 'S', '5670', '7PZ00905', 0, 1, '2020-02-05 12:17:34', 8, '186.169.132.40', NULL, NULL, NULL),
(237, 2, 90, 177, 'S', 'S', '5672', '7PZ00912', 0, 1, '2020-02-05 12:18:20', 8, '186.169.132.40', NULL, NULL, NULL),
(238, 2, 81, 84, 'S', 'S', '2222', '4AR00215', 0, 1, '2020-02-05 12:18:42', 5, '186.169.149.137', NULL, NULL, NULL),
(239, 2, 81, 84, 'S', 'S', '2223', '4AR00216', 0, 1, '2020-02-05 12:19:19', 5, '186.169.149.137', NULL, NULL, NULL),
(240, 2, 81, 84, 'S', 'S', '2224', 'ATY00958', 0, 1, '2020-02-05 12:19:58', 5, '186.169.149.137', NULL, NULL, NULL),
(241, 2, 81, 84, 'S', 'S', '2225', '4AR00174', 0, 1, '2020-02-05 12:20:32', 5, '186.169.149.137', NULL, NULL, NULL),
(242, 2, 81, 84, 'S', 'S', '2226', '4AR00184', 0, 1, '2020-02-05 12:21:16', 5, '186.169.149.137', NULL, NULL, NULL),
(243, 2, 81, 84, 'S', 'S', '2227', '4AR00191', 0, 1, '2020-02-05 12:22:04', 5, '186.169.149.137', NULL, NULL, NULL),
(244, 2, 81, 84, 'S', 'S', '2239', '4GZ00094', 0, 1, '2020-02-05 12:23:31', 5, '186.169.149.137', NULL, NULL, NULL),
(245, 2, 81, 84, 'S', 'S', '2240', '4GZ00095', 0, 1, '2020-02-05 12:24:22', 5, '186.169.149.137', NULL, NULL, NULL),
(246, 2, 81, 84, 'S', 'S', '2241', '4GZ00123', 0, 1, '2020-02-05 12:25:22', 5, '186.169.149.137', NULL, NULL, NULL),
(247, 2, 81, 84, 'S', 'S', '2242', '4GZ00125', 0, 1, '2020-02-05 12:26:19', 5, '186.169.149.137', NULL, NULL, NULL),
(248, 2, 81, 84, 'S', 'S', '2243', '4GZ00124', 0, 1, '2020-02-05 12:31:22', 5, '186.169.149.137', NULL, NULL, NULL),
(249, 2, 81, 84, 'S', 'S', '2244', '4GZ00126', 0, 1, '2020-02-05 16:17:48', 5, '186.169.190.55', NULL, NULL, NULL),
(250, 2, 81, 84, 'S', 'S', '2245', '4GZ00127', 0, 1, '2020-02-05 16:18:24', 5, '186.169.190.55', NULL, NULL, NULL),
(251, 2, 81, 84, 'S', 'S', '2246', '4GZ00128', 0, 1, '2020-02-05 16:19:14', 5, '186.169.190.55', NULL, NULL, NULL),
(252, 2, 81, 84, 'S', 'S', '2247', 'ATY00195', 0, 1, '2020-02-05 16:20:08', 5, '186.169.190.55', NULL, NULL, NULL),
(253, 2, 81, 84, 'S', 'S', '2248', 'ATY00196', 0, 1, '2020-02-05 16:21:06', 5, '186.169.190.55', NULL, NULL, NULL),
(254, 2, 81, 84, 'S', 'S', '2249', 'ATY00197', 0, 1, '2020-02-05 16:22:06', 5, '186.169.190.55', NULL, NULL, NULL),
(255, 2, 81, 84, 'S', 'S', '2250', 'ATY00198', 0, 1, '2020-02-05 16:22:42', 5, '186.169.190.55', NULL, NULL, NULL),
(256, 2, 81, 84, 'S', 'S', '2251', 'ATY00199', 0, 1, '2020-02-05 16:23:34', 5, '186.169.190.55', NULL, NULL, NULL),
(257, 2, 81, 84, 'S', 'S', '2271', '4AR00157', 0, 1, '2020-02-05 16:24:26', 5, '186.169.190.55', NULL, NULL, NULL),
(258, 2, 81, 84, 'S', 'S', '2288', 'ATY00592', 0, 1, '2020-02-05 16:25:27', 5, '186.169.190.55', NULL, NULL, NULL),
(259, 2, 81, 84, 'S', 'S', '2289', 'ATY00593', 0, 1, '2020-02-05 16:26:13', 5, '186.169.190.55', NULL, NULL, NULL),
(260, 2, 81, 84, 'S', 'S', '2290', 'ATY00594', 0, 1, '2020-02-05 16:27:08', 5, '186.169.190.55', NULL, NULL, NULL),
(261, 2, 81, 84, 'S', 'S', '2291', 'ATY00602', 0, 1, '2020-02-05 16:28:01', 5, '186.169.190.55', NULL, NULL, NULL),
(262, 2, 81, 84, 'S', 'S', '2292', 'ATY00603', 0, 1, '2020-02-05 16:28:48', 5, '186.169.190.55', NULL, NULL, NULL),
(263, 2, 81, 84, 'S', 'S', '2293', 'ATY00604', 0, 1, '2020-02-05 16:29:39', 5, '186.169.190.55', NULL, NULL, NULL),
(264, 2, 81, 84, 'S', 'S', '2294', 'ATY00635', 0, 1, '2020-02-05 16:30:17', 5, '186.169.190.55', NULL, NULL, NULL),
(265, 2, 81, 84, 'S', 'S', '2295', 'ATY00637', 0, 1, '2020-02-05 16:31:11', 5, '186.169.190.55', NULL, NULL, NULL),
(266, 2, 81, 84, 'S', 'S', '2296', 'ATY00641', 0, 1, '2020-02-05 16:31:54', 5, '186.169.190.55', NULL, NULL, NULL),
(267, 2, 81, 84, 'S', 'S', '2297', 'ATY00643', 0, 1, '2020-02-05 16:33:54', 5, '186.169.190.55', NULL, NULL, NULL),
(268, 2, 81, 84, 'S', 'S', '2298', 'ATY00642', 0, 1, '2020-02-05 16:34:33', 5, '186.169.190.55', NULL, NULL, NULL),
(269, 2, 81, 84, 'S', 'S', '2299', 'ATY00646', 0, 1, '2020-02-05 16:41:24', 5, '186.169.190.55', NULL, NULL, NULL),
(270, 2, 81, 84, 'S', 'S', '2300', 'ATY00647', 0, 1, '2020-02-05 16:43:19', 5, '186.169.190.55', NULL, NULL, NULL),
(271, 2, 81, 84, 'S', 'S', '2301', 'ATY00648', 0, 1, '2020-02-05 16:44:39', 5, '186.169.190.55', NULL, NULL, NULL),
(272, 2, 81, 84, 'S', 'S', '2302', 'ATY00654', 0, 1, '2020-02-05 16:46:00', 5, '186.169.133.226', NULL, NULL, NULL),
(273, 2, 81, 84, 'S', 'S', '2303', 'ATY00655', 0, 1, '2020-02-05 17:09:12', 5, '186.169.133.226', NULL, NULL, NULL),
(274, 2, 81, 84, 'S', 'S', '2304', 'ATY00656', 0, 1, '2020-02-05 17:10:24', 5, '186.169.133.226', NULL, NULL, NULL),
(275, 2, 81, 84, 'S', 'S', '2305', 'ATY00657', 0, 1, '2020-02-05 17:11:16', 5, '186.169.133.226', NULL, NULL, NULL),
(276, 2, 81, 84, 'S', 'S', '2306', 'ATY00677', 0, 1, '2020-02-05 17:12:03', 5, '186.169.133.226', NULL, NULL, NULL),
(277, 2, 81, 84, 'S', 'S', '2307', 'ATY00678', 0, 1, '2020-02-05 17:12:51', 5, '186.169.133.226', NULL, NULL, NULL),
(278, 2, 81, 84, 'S', 'S', '2308', 'ATY00679', 0, 1, '2020-02-05 17:14:08', 5, '186.169.133.226', NULL, NULL, NULL),
(279, 2, 81, 84, 'S', 'S', '2309', 'ATY00680', 0, 1, '2020-02-05 17:15:10', 5, '186.169.133.226', NULL, NULL, NULL),
(280, 2, 81, 84, 'S', 'S', '2310', 'ATY00681', 0, 1, '2020-02-05 17:15:47', 5, '186.169.133.226', NULL, NULL, NULL),
(281, 2, 81, 84, 'S', 'S', '2311', 'ATY00865', 0, 1, '2020-02-05 17:16:38', 5, '186.169.133.226', NULL, NULL, NULL),
(282, 2, 81, 84, 'S', 'S', '2312', 'ATY00683', 0, 1, '2020-02-05 17:17:16', 5, '186.169.133.226', NULL, NULL, NULL),
(283, 2, 81, 84, 'S', 'S', '2313', 'ATY00684', 0, 1, '2020-02-05 17:18:00', 5, '186.169.133.226', NULL, NULL, NULL),
(284, 2, 81, 84, 'S', 'S', '2322', '4AR00082', 0, 1, '2020-02-05 17:23:15', 5, '186.169.133.226', NULL, NULL, NULL),
(285, 2, 81, 84, 'S', 'S', '2323', '4AR00101', 0, 1, '2020-02-05 17:24:54', 5, '186.169.133.226', NULL, NULL, NULL),
(286, 2, 81, 84, 'S', 'S', '2324', 'ATY00865', 0, 1, '2020-02-05 17:25:28', 5, '186.169.133.226', NULL, NULL, NULL),
(287, 2, 81, 84, 'S', 'S', '2329', 'ATY00904', 0, 1, '2020-02-05 17:26:08', 5, '186.169.133.226', NULL, NULL, NULL),
(288, 2, 81, 84, 'S', 'S', '2330', 'ATY00903', 0, 1, '2020-02-06 09:03:38', 5, '186.169.133.226', NULL, NULL, NULL),
(289, 2, 81, 84, 'S', 'S', '2331', 'ATY00935', 0, 1, '2020-02-06 09:04:17', 5, '186.169.133.226', NULL, NULL, NULL),
(290, 2, 81, 84, 'S', 'S', '2332', 'ATY00936', 0, 1, '2020-02-06 09:05:09', 5, '186.169.133.226', '2020-02-19 16:39:52', 5, '186.169.148.212'),
(291, 2, 81, 84, 'S', 'S', '2333', 'ATY00934', 0, 1, '2020-02-06 09:06:47', 5, '186.169.133.226', NULL, NULL, NULL),
(292, 2, 81, 84, 'S', 'S', '2334', 'ATY00940', 0, 1, '2020-02-06 09:10:02', 5, '186.169.133.226', NULL, NULL, NULL),
(293, 2, 81, 84, 'S', 'S', '2335', 'ATY00941', 0, 1, '2020-02-06 09:10:35', 5, '186.169.133.226', NULL, NULL, NULL),
(294, 2, 81, 84, 'S', 'S', '2336', 'ATY00942', 0, 1, '2020-02-06 09:15:37', 5, '186.169.133.226', NULL, NULL, NULL),
(295, 2, 81, 84, 'S', 'S', '2337', 'ATY00682', 0, 1, '2020-02-06 09:22:33', 5, '186.169.133.226', NULL, NULL, NULL),
(296, 2, 81, 84, 'S', 'S', '2338', 'ATY00960', 0, 1, '2020-02-06 09:23:17', 5, '186.169.133.226', NULL, NULL, NULL),
(297, 2, 81, 115, 'S', 'S', '2339', '3SJ00040', 0, 1, '2020-02-06 09:34:13', 5, '186.169.133.226', '2020-02-06 09:36:45', 5, '186.169.133.226'),
(298, 2, 81, 115, 'S', 'S', '2340', '1HL00013', 0, 1, '2020-02-06 09:35:28', 5, '186.169.133.226', '2020-02-06 09:37:07', 5, '186.169.133.226'),
(299, 2, 81, 115, 'S', 'S', '2341', '1HL00110', 0, 1, '2020-02-06 09:36:19', 5, '186.169.133.226', NULL, NULL, NULL),
(300, 2, 81, 84, 'S', 'S', '2342', 'ATY00959', 0, 1, '2020-02-06 09:38:32', 5, '186.169.133.226', NULL, NULL, NULL),
(301, 2, 81, 84, 'S', 'S', '2343', 'ATY00961', 0, 1, '2020-02-06 09:40:52', 5, '186.169.133.226', NULL, NULL, NULL),
(302, 2, 81, 84, 'S', 'S', '2344', 'ATY00963', 0, 1, '2020-02-06 09:41:44', 5, '186.169.133.226', NULL, NULL, NULL),
(303, 2, 81, 84, 'S', 'S', '2345', 'ATY00962', 0, 1, '2020-02-06 09:47:39', 5, '186.169.133.226', NULL, NULL, NULL),
(304, 2, 81, 115, 'S', 'S', '2346', '1HL00183', 0, 1, '2020-02-06 09:48:11', 5, '186.169.133.226', NULL, NULL, NULL),
(305, 2, 81, 84, 'S', 'S', '2347', 'ATY01083', 0, 1, '2020-02-06 09:49:07', 5, '186.169.133.226', NULL, NULL, NULL),
(306, 2, 81, 84, 'S', 'S', '2348', 'ATY01084', 0, 1, '2020-02-06 09:49:37', 5, '186.169.133.226', NULL, NULL, NULL),
(307, 2, 81, 84, 'S', 'S', '2349', 'ATY01085', 0, 1, '2020-02-06 09:50:24', 5, '186.169.133.226', NULL, NULL, NULL),
(308, 2, 81, 84, 'S', 'S', '2351', 'ATY01086', 0, 1, '2020-02-06 09:50:59', 5, '186.169.133.226', NULL, NULL, NULL),
(309, 2, 81, 84, 'S', 'S', '2352', 'ATY01087', 0, 1, '2020-02-06 09:51:40', 5, '186.169.133.226', NULL, NULL, NULL),
(310, 2, 81, 88, 'S', 'S', '2353', 'FDB00130', 0, 1, '2020-02-06 09:52:30', 5, '186.169.133.226', '2020-02-06 10:03:54', 5, '186.169.133.226'),
(311, 2, 81, 88, 'S', 'S', '2354', 'FDB00148', 0, 1, '2020-02-06 09:53:12', 5, '186.169.133.226', '2020-02-06 10:03:15', 5, '186.169.133.226'),
(312, 2, 81, 88, 'S', 'S', '2355', 'FDB00149', 0, 1, '2020-02-06 09:53:55', 5, '186.169.133.226', '2020-02-06 10:02:25', 5, '186.169.133.226'),
(313, 2, 81, 88, 'S', 'S', '2356', 'FDB00166', 0, 1, '2020-02-06 09:54:31', 5, '186.169.133.226', '2020-02-06 10:02:03', 5, '186.169.133.226'),
(314, 2, 81, 88, 'S', 'S', '2357', 'FDB00164', 0, 1, '2020-02-06 09:55:10', 5, '186.169.133.226', NULL, NULL, NULL),
(315, 2, 81, 88, 'S', 'S', '2358', 'FDB00165', 0, 1, '2020-02-06 10:00:09', 5, '186.169.133.226', NULL, NULL, NULL),
(316, 2, 81, 88, 'S', 'S', '2359', 'FDB00168', 0, 1, '2020-02-06 10:04:30', 5, '186.169.133.226', NULL, NULL, NULL),
(317, 2, 81, 88, 'S', 'S', '2360', 'FDB00169', 0, 1, '2020-02-06 10:07:05', 5, '186.169.133.226', NULL, NULL, NULL),
(318, 2, 81, 88, 'S', 'S', '2361', 'FDB00209', 0, 1, '2020-02-06 10:08:04', 5, '186.169.133.226', NULL, NULL, NULL),
(319, 2, 94, 120, 'S', 'N', '6155', '2399', 0, 1, '2020-02-06 10:08:49', 5, '186.169.133.226', '2020-02-19 16:47:30', 5, '186.169.148.212'),
(320, 2, 81, 88, 'S', 'S', '2362', 'FDB00212', 0, 1, '2020-02-06 10:22:42', 5, '186.169.133.226', NULL, NULL, NULL),
(321, 2, 81, 88, 'S', 'S', '2363', 'FDB00167', 0, 1, '2020-02-06 10:23:23', 5, '186.169.133.226', NULL, NULL, NULL),
(322, 2, 81, 88, 'S', 'S', '2364', 'FDB00255', 0, 1, '2020-02-06 10:24:39', 5, '186.169.133.226', NULL, NULL, NULL),
(323, 2, 81, 88, 'S', 'S', '2365', 'FDB00256', 0, 1, '2020-02-06 10:25:47', 5, '186.169.133.226', NULL, NULL, NULL),
(324, 2, 81, 88, 'S', 'S', '2366', 'FDB00269', 0, 1, '2020-02-06 10:31:36', 5, '186.169.133.226', NULL, NULL, NULL),
(325, 2, 81, 88, 'S', 'S', '2367', 'FDB00270', 0, 1, '2020-02-06 10:32:10', 5, '186.169.133.226', NULL, NULL, NULL),
(326, 2, 81, 88, 'S', 'S', '2368', 'FDB00716', 0, 1, '2020-02-06 10:32:49', 5, '186.169.133.226', NULL, NULL, NULL),
(327, 2, 81, 88, 'S', 'S', '2369', 'FDB00723', 0, 1, '2020-02-06 10:33:28', 5, '186.169.133.226', NULL, NULL, NULL),
(328, 2, 81, 88, 'S', 'S', '2370', 'FDB00726', 0, 1, '2020-02-06 10:33:58', 5, '186.169.133.226', NULL, NULL, NULL),
(329, 2, 81, 88, 'S', 'S', '2371', 'FDB00727', 0, 1, '2020-02-06 10:34:43', 5, '186.169.133.226', NULL, NULL, NULL),
(330, 2, 81, 88, 'S', 'S', '2372', 'FDB00724', 0, 1, '2020-02-06 10:36:40', 5, '186.169.133.226', NULL, NULL, NULL),
(331, 2, 81, 88, 'S', 'S', '2373', 'FDB00721', 0, 1, '2020-02-06 10:37:16', 5, '186.169.133.226', NULL, NULL, NULL),
(332, 2, 81, 88, 'S', 'S', '2374', 'FDB00722', 0, 1, '2020-02-06 10:38:02', 5, '186.169.133.226', NULL, NULL, NULL),
(333, 2, 81, 88, 'S', 'S', '2375', 'FDB00725', 0, 1, '2020-02-06 10:38:54', 5, '186.169.133.226', NULL, NULL, NULL),
(334, 2, 90, 177, 'S', 'S', '5673', '7PZ00913', 0, 1, '2020-02-06 10:58:08', 8, '186.169.139.210', NULL, NULL, NULL),
(335, 2, 90, 177, 'S', 'S', '5675', '7PZ00915', 0, 1, '2020-02-06 10:58:41', 8, '186.169.139.210', NULL, NULL, NULL),
(336, 2, 90, 177, 'S', 'S', '5676', '7PZ00916', 0, 1, '2020-02-06 10:59:18', 8, '186.169.139.210', NULL, NULL, NULL),
(337, 2, 90, 177, 'S', 'S', '5677', '7PZ00921', 0, 1, '2020-02-06 10:59:49', 8, '186.169.139.210', NULL, NULL, NULL),
(338, 2, 81, 88, 'S', 'S', '2376', 'FDB00736', 0, 1, '2020-02-06 11:00:18', 5, '186.169.148.13', NULL, NULL, NULL),
(339, 2, 90, 177, 'S', 'S', '5678', '9TR00465', 0, 1, '2020-02-06 11:00:24', 8, '186.169.139.210', NULL, NULL, NULL),
(340, 2, 90, 177, 'S', 'S', '5679', '7PZ00977', 0, 1, '2020-02-06 11:01:15', 8, '186.169.139.210', NULL, NULL, NULL),
(341, 2, 81, 88, 'S', 'S', '2377', 'FDB00743', 0, 1, '2020-02-06 11:01:16', 5, '186.169.148.13', NULL, NULL, NULL),
(342, 2, 81, 88, 'S', 'S', '2378', 'FDB00737', 0, 1, '2020-02-06 11:01:44', 5, '186.169.148.13', NULL, NULL, NULL),
(343, 2, 90, 177, 'S', 'S', '5685', '7PZ00824', 0, 1, '2020-02-06 11:01:54', 8, '186.169.139.210', NULL, NULL, NULL),
(344, 2, 81, 88, 'S', 'S', '2379', 'FDB00742', 0, 1, '2020-02-06 11:02:58', 5, '186.169.148.13', NULL, NULL, NULL),
(345, 2, 90, 177, 'S', 'S', '5687', '7PZ00827', 0, 1, '2020-02-06 11:03:15', 8, '186.169.139.210', NULL, NULL, NULL),
(346, 2, 81, 88, 'S', 'S', '2380', 'FDB00746', 0, 1, '2020-02-06 11:03:35', 5, '186.169.148.13', NULL, NULL, NULL),
(347, 2, 81, 88, 'S', 'S', '2381', 'FDB00770', 0, 1, '2020-02-06 11:04:11', 5, '186.169.148.13', NULL, NULL, NULL),
(348, 2, 90, 177, 'S', 'S', '5688', '9TR00443', 0, 1, '2020-02-06 11:04:11', 8, '186.169.139.210', NULL, NULL, NULL),
(349, 2, 81, 88, 'S', 'S', '2382', 'FDB00767', 0, 1, '2020-02-06 11:04:45', 5, '186.169.148.13', NULL, NULL, NULL),
(350, 2, 90, 177, 'S', 'S', '5694', '3KR01238', 0, 1, '2020-02-06 11:05:08', 8, '186.169.139.210', NULL, NULL, NULL),
(351, 2, 90, 177, 'S', 'S', '5695', '7PZ00948', 0, 1, '2020-02-06 11:06:14', 8, '186.169.139.210', NULL, NULL, NULL),
(352, 2, 90, 149, 'S', 'S', '5696', '3KR00913', 0, 1, '2020-02-06 11:09:50', 8, '186.169.139.210', '2020-02-06 11:10:53', 8, '186.169.139.210'),
(353, 2, 81, 88, 'S', 'S', '2383', 'FDB00745', 0, 1, '2020-02-06 11:16:02', 5, '186.169.148.13', NULL, NULL, NULL),
(354, 2, 81, 88, 'S', 'S', '2384', 'FDB00774', 0, 1, '2020-02-06 11:17:03', 5, '186.169.148.13', NULL, NULL, NULL),
(355, 2, 81, 88, 'S', 'S', '2385', 'FDB00769', 0, 1, '2020-02-06 11:18:27', 5, '186.169.148.13', NULL, NULL, NULL),
(356, 2, 90, 149, 'S', 'S', '5697', '3KR01387', 0, 1, '2020-02-06 11:18:31', 8, '186.169.139.210', NULL, NULL, NULL),
(357, 2, 90, 149, 'S', 'S', '5741', '3KR01045', 0, 1, '2020-02-06 11:19:18', 8, '186.169.139.210', NULL, NULL, NULL),
(358, 2, 90, 149, 'S', 'S', '5742', '3KR00634', 0, 1, '2020-02-06 11:19:51', 8, '186.169.139.210', NULL, NULL, NULL),
(359, 2, 90, 177, 'S', 'S', '5701', '7PZ00962', 0, 1, '2020-02-06 11:20:35', 8, '186.169.139.210', NULL, NULL, NULL),
(360, 2, 90, 177, 'S', 'S', '5703', '7PZ00955', 0, 1, '2020-02-06 11:21:06', 8, '186.169.139.210', NULL, NULL, NULL),
(361, 2, 90, 177, 'S', 'S', '5704', '7PZ00953', 0, 1, '2020-02-06 11:21:37', 8, '186.169.139.210', NULL, NULL, NULL),
(362, 2, 90, 177, 'S', 'S', '5705', '9TR00395', 0, 1, '2020-02-06 11:22:24', 8, '186.169.139.210', NULL, NULL, NULL),
(363, 2, 90, 177, 'S', 'S', '5706', '7PZ00974', 0, 1, '2020-02-06 11:22:59', 8, '186.169.139.210', NULL, NULL, NULL),
(364, 2, 90, 177, 'S', 'S', '5707', '7PZ00975', 0, 1, '2020-02-06 11:23:49', 8, '186.169.139.210', NULL, NULL, NULL),
(365, 2, 90, 177, 'S', 'S', '5708', '7PZ00980', 0, 1, '2020-02-06 11:24:27', 8, '186.169.139.210', NULL, NULL, NULL),
(366, 2, 90, 177, 'S', 'S', '5711', '7PZ00984', 0, 1, '2020-02-06 11:31:52', 8, '186.169.139.210', NULL, NULL, NULL),
(367, 2, 90, 177, 'S', 'S', '5712', '7PZ00985', 0, 1, '2020-02-06 11:32:21', 8, '186.169.139.210', NULL, NULL, NULL),
(368, 2, 90, 177, 'S', 'S', '5713', '7PZ00986', 0, 1, '2020-02-06 11:32:53', 8, '186.169.139.210', NULL, NULL, NULL),
(369, 2, 90, 177, 'S', 'S', '5714', '7PZ00988', 0, 1, '2020-02-06 11:33:24', 8, '186.169.139.210', NULL, NULL, NULL),
(370, 2, 90, 177, 'S', 'S', '5715', '7PZ00990', 0, 1, '2020-02-06 11:33:56', 8, '186.169.139.210', NULL, NULL, NULL),
(371, 2, 90, 177, 'S', 'S', '5716', '7PZ00992', 0, 1, '2020-02-06 11:37:35', 8, '186.169.139.210', NULL, NULL, NULL),
(372, 2, 90, 177, 'S', 'S', '5717', '7PZ00993', 0, 1, '2020-02-06 11:38:06', 8, '186.169.139.210', NULL, NULL, NULL),
(373, 2, 90, 177, 'S', 'S', '5719', '7PZ00995', 0, 1, '2020-02-06 11:39:33', 8, '186.169.139.210', NULL, NULL, NULL),
(374, 2, 81, 88, 'S', 'S', '2387', 'FDB00788', 0, 1, '2020-02-06 11:39:38', 5, '186.169.148.13', NULL, NULL, NULL),
(375, 2, 90, 177, 'S', 'S', '5720', '7PZ00998', 0, 1, '2020-02-06 11:40:17', 8, '186.169.139.210', NULL, NULL, NULL),
(376, 2, 81, 88, 'S', 'S', '2386', 'FDB00785', 0, 1, '2020-02-06 11:40:19', 5, '186.169.148.13', NULL, NULL, NULL),
(377, 2, 90, 177, 'S', 'S', '5722', '7PZ01000', 0, 1, '2020-02-06 11:40:48', 8, '186.169.139.210', NULL, NULL, NULL),
(378, 2, 81, 88, 'S', 'S', '2388', 'FDB00786', 0, 1, '2020-02-06 11:40:54', 5, '186.169.148.13', NULL, NULL, NULL),
(379, 2, 90, 177, 'S', 'S', '5723', '7PZ01002', 0, 1, '2020-02-06 11:41:41', 8, '186.169.139.210', NULL, NULL, NULL),
(380, 2, 81, 88, 'S', 'S', '2389', 'FDB00787', 0, 1, '2020-02-06 11:41:42', 5, '186.169.148.13', NULL, NULL, NULL),
(381, 2, 90, 177, 'S', 'S', '5724', '7PZ01004', 0, 1, '2020-02-06 11:42:21', 8, '186.169.139.210', NULL, NULL, NULL),
(382, 2, 81, 88, 'S', 'S', '2390', 'FDB00889', 0, 1, '2020-02-06 11:42:50', 5, '186.169.148.13', NULL, NULL, NULL),
(383, 2, 90, 177, 'S', 'S', '5735', '9TR0394', 0, 1, '2020-02-06 11:42:52', 8, '186.169.139.210', NULL, NULL, NULL),
(384, 2, 90, 177, 'S', 'S', '5737', '7PZ00580', 0, 1, '2020-02-06 11:43:22', 8, '186.169.139.210', NULL, NULL, NULL),
(385, 2, 81, 88, 'S', 'S', '2502', 'FDB00890', 0, 1, '2020-02-06 11:43:27', 5, '186.169.148.13', NULL, NULL, NULL),
(386, 2, 81, 88, 'S', 'S', '2503', 'FDB00891', 0, 1, '2020-02-06 11:44:02', 5, '186.169.148.13', NULL, NULL, NULL),
(387, 2, 90, 177, 'S', 'S', '5738', '7PZ00581', 0, 1, '2020-02-06 11:44:09', 8, '186.169.139.210', NULL, NULL, NULL),
(388, 2, 81, 88, 'S', 'S', '2504', 'FDB00892', 0, 1, '2020-02-06 11:44:51', 5, '186.169.148.13', NULL, NULL, NULL),
(389, 2, 90, 177, 'S', 'S', '5739', '7PZ00925', 0, 1, '2020-02-06 11:44:55', 8, '186.169.139.210', NULL, NULL, NULL),
(390, 2, 81, 88, 'S', 'S', '2505', 'FDB00893', 0, 1, '2020-02-06 11:45:24', 5, '186.169.148.13', NULL, NULL, NULL),
(391, 2, 90, 177, 'S', 'S', '5743', '7PZ01079', 0, 1, '2020-02-06 11:45:31', 8, '186.169.139.210', NULL, NULL, NULL),
(392, 2, 90, 177, 'S', 'S', '5744', '7PZ00999', 0, 1, '2020-02-06 11:45:59', 8, '186.169.139.210', NULL, NULL, NULL),
(393, 2, 81, 88, 'S', 'S', '2506', 'FDB00914', 0, 1, '2020-02-06 11:46:11', 5, '186.169.148.13', NULL, NULL, NULL),
(394, 2, 90, 177, 'S', 'S', '5745', '7PZ01025', 0, 1, '2020-02-06 11:46:39', 8, '186.169.139.210', NULL, NULL, NULL),
(395, 2, 81, 88, 'S', 'S', '2507', 'FDB00915', 0, 1, '2020-02-06 11:46:45', 5, '186.169.148.13', NULL, NULL, NULL),
(396, 2, 90, 177, 'S', 'S', '5746', '7PZ00338', 0, 1, '2020-02-06 11:47:16', 8, '186.169.139.210', NULL, NULL, NULL),
(397, 2, 81, 88, 'S', 'S', '2508', 'FDB00917', 0, 1, '2020-02-06 11:48:03', 5, '186.169.148.13', NULL, NULL, NULL),
(398, 2, 81, 88, 'S', 'S', '2509', 'FDB00918', 0, 1, '2020-02-06 11:48:33', 5, '186.169.148.13', NULL, NULL, NULL),
(399, 2, 90, 177, 'S', 'S', '5747', '9TR00464', 0, 1, '2020-02-06 11:48:58', 8, '186.169.139.210', NULL, NULL, NULL),
(400, 2, 81, 88, 'S', 'S', '2510', 'FDB00924', 0, 1, '2020-02-06 11:49:08', 5, '186.169.148.13', NULL, NULL, NULL),
(401, 2, 81, 88, 'S', 'S', '2511', 'FDB00925', 0, 1, '2020-02-06 11:50:31', 5, '186.169.148.13', NULL, NULL, NULL),
(402, 2, 81, 88, 'S', 'S', '2512', 'FDB00926', 0, 1, '2020-02-06 11:51:09', 5, '186.169.148.13', NULL, NULL, NULL),
(403, 2, 90, 150, 'S', 'S', '5725', 'GEB00372', 0, 1, '2020-02-06 11:51:25', 8, '186.169.139.210', NULL, NULL, NULL),
(404, 2, 81, 88, 'S', 'S', '2513', 'FDB00927', 0, 1, '2020-02-06 11:51:50', 5, '186.169.148.13', NULL, NULL, NULL),
(405, 2, 90, 150, 'S', 'S', '5726', 'GEB00404', 0, 1, '2020-02-06 11:51:55', 8, '186.169.139.210', NULL, NULL, NULL),
(406, 2, 81, 88, 'S', 'S', '2514', 'FDB00928', 0, 1, '2020-02-06 11:52:22', 5, '186.169.148.13', NULL, NULL, NULL),
(407, 2, 90, 150, 'S', 'S', '5727', 'GEB00417', 0, 1, '2020-02-06 11:52:24', 8, '186.169.139.210', NULL, NULL, NULL),
(408, 2, 90, 150, 'S', 'S', '5728', 'GEB00418', 0, 1, '2020-02-06 11:52:53', 8, '186.169.139.210', NULL, NULL, NULL),
(409, 2, 90, 150, 'S', 'S', '5729', 'GEB00419', 0, 1, '2020-02-06 11:53:27', 8, '186.169.139.210', NULL, NULL, NULL),
(410, 2, 81, 88, 'S', 'S', '2515', 'FDB00929', 0, 1, '2020-02-06 11:53:42', 5, '186.169.148.13', NULL, NULL, NULL),
(411, 2, 90, 152, 'S', 'S', '5734', '5LN02055', 0, 1, '2020-02-06 11:54:19', 8, '186.169.139.210', NULL, NULL, NULL),
(412, 2, 90, 152, 'S', 'S', '5736', '5LN02049', 0, 1, '2020-02-06 11:56:13', 8, '186.169.139.210', NULL, NULL, NULL),
(413, 2, 90, 152, 'S', 'S', '5805', '8LN00432', 0, 1, '2020-02-06 11:56:59', 8, '186.169.139.210', NULL, NULL, NULL),
(414, 2, 81, 88, 'S', 'S', '2516', 'FDB00937', 0, 1, '2020-02-06 11:59:30', 5, '186.169.148.13', NULL, NULL, NULL),
(415, 2, 94, 119, 'S', 'S', '6149', '136793', 0, 1, '2020-02-06 12:02:04', 8, '186.169.140.254', NULL, NULL, NULL),
(416, 2, 81, 88, 'S', 'S', '2518', 'FDB00952', 0, 1, '2020-02-06 12:02:28', 5, '186.169.148.13', NULL, NULL, NULL),
(417, 2, 94, 120, 'S', 'S', '6157', '136509', 0, 1, '2020-02-06 12:02:43', 8, '186.169.140.254', NULL, NULL, NULL),
(418, 2, 103, 126, 'S', 'S', '6150', 'PJW01409', 0, 1, '2020-02-06 12:04:37', 8, '186.169.140.254', NULL, NULL, NULL),
(419, 2, 103, 126, 'S', 'S', '6151', 'PJW00771', 0, 1, '2020-02-06 12:05:26', 8, '186.169.140.254', NULL, NULL, NULL),
(420, 2, 103, 126, 'S', 'S', '6152', 'PJW02004', 0, 1, '2020-02-06 12:06:00', 8, '186.169.140.254', NULL, NULL, NULL),
(421, 2, 103, 126, 'S', 'S', '6154', 'PJW02410', 0, 1, '2020-02-06 12:06:40', 8, '186.169.140.254', NULL, NULL, NULL),
(422, 2, 81, 88, 'S', 'S', '2519', 'FDB00953', 0, 1, '2020-02-06 12:06:54', 5, '186.169.148.13', NULL, NULL, NULL),
(423, 2, 103, 126, 'S', 'S', '6156', 'PJW01410', 0, 1, '2020-02-06 12:07:10', 8, '186.169.140.254', NULL, NULL, NULL),
(424, 2, 81, 88, 'S', 'S', '2520', 'FDB00954', 0, 1, '2020-02-06 12:07:27', 5, '186.169.148.13', NULL, NULL, NULL),
(425, 2, 103, 126, 'S', 'S', '6158', 'PJW00454', 0, 1, '2020-02-06 12:07:41', 8, '186.169.140.254', NULL, NULL, NULL),
(426, 2, 81, 88, 'S', 'S', '2521', 'FDB01146', 0, 1, '2020-02-06 12:08:08', 5, '186.169.148.13', NULL, NULL, NULL),
(427, 2, 103, 126, 'S', 'S', '6159', 'PJW01382', 0, 1, '2020-02-06 12:08:13', 8, '186.169.140.254', NULL, NULL, NULL),
(428, 2, 103, 126, 'S', 'S', '6195', 'PJW01163', 0, 1, '2020-02-06 12:08:45', 8, '186.169.140.254', NULL, NULL, NULL),
(429, 2, 103, 126, 'S', 'S', '6196', 'PJW00938', 0, 1, '2020-02-06 12:09:17', 8, '186.169.140.254', NULL, NULL, NULL),
(430, 2, 103, 127, 'S', 'S', '6141', 'EEH00652', 0, 1, '2020-02-06 12:09:59', 8, '186.169.140.254', NULL, NULL, NULL);
INSERT INTO `tec_equipment` (`id`, `siteId`, `typeEquipamentId`, `idModel`, `extinctionSystem`, `detectionSystem`, `internalNumber`, `serial`, `horometer`, `edo_reg`, `fec_crea`, `usu_crea`, `ip_crea`, `fec_mod`, `usu_mod`, `ip_mod`) VALUES
(431, 2, 81, 88, 'S', 'S', '2524', 'FDB01147', 0, 1, '2020-02-06 12:10:24', 5, '186.169.148.13', NULL, NULL, NULL),
(432, 2, 103, 127, 'S', 'S', '6142', 'EEH00666', 0, 1, '2020-02-06 12:10:40', 8, '186.169.140.254', NULL, NULL, NULL),
(433, 2, 81, 88, 'S', 'S', '2525', 'FDB01149', 0, 1, '2020-02-06 12:11:12', 5, '186.169.148.13', NULL, NULL, NULL),
(434, 2, 103, 127, 'S', 'S', '6143', 'EEH00649', 0, 1, '2020-02-06 12:12:10', 8, '186.169.140.254', NULL, NULL, NULL),
(435, 2, 103, 127, 'S', 'S', '6144', 'EEH00661', 0, 1, '2020-02-06 12:12:45', 8, '186.169.140.254', NULL, NULL, NULL),
(436, 2, 103, 127, 'S', 'S', '6145', 'EEH00668', 0, 1, '2020-02-06 12:13:24', 8, '186.169.140.254', NULL, NULL, NULL),
(437, 2, 103, 127, 'S', 'S', '6146', 'EEH00671', 0, 1, '2020-02-06 12:13:57', 8, '186.169.140.254', NULL, NULL, NULL),
(438, 2, 103, 127, 'S', 'S', '6147', 'EEH00285', 0, 1, '2020-02-06 12:14:32', 8, '186.169.140.254', NULL, NULL, NULL),
(439, 2, 81, 88, 'S', 'S', '2526', 'FDB01150', 0, 1, '2020-02-06 12:14:43', 5, '186.169.148.13', NULL, NULL, NULL),
(440, 2, 103, 128, 'S', 'S', '6189', '3ML00195', 0, 1, '2020-02-06 12:15:08', 8, '186.169.140.254', NULL, NULL, NULL),
(441, 2, 81, 88, 'S', 'S', '2527', 'FDB01151', 0, 1, '2020-02-06 12:15:21', 5, '186.169.148.13', NULL, NULL, NULL),
(442, 2, 81, 88, 'S', 'S', '2529', 'FDB01152', 0, 1, '2020-02-06 12:16:23', 5, '186.169.148.13', NULL, NULL, NULL),
(443, 2, 81, 88, 'S', 'S', '2530', 'FDB01153', 0, 1, '2020-02-06 12:17:14', 5, '186.169.148.13', NULL, NULL, NULL),
(444, 2, 81, 88, 'S', 'S', '2531', 'FDB01154', 0, 1, '2020-02-06 12:17:53', 5, '186.169.148.13', NULL, NULL, NULL),
(445, 2, 81, 137, 'S', 'S', '2532', 'FDB01155', 0, 1, '2020-02-06 12:18:43', 5, '186.169.148.13', NULL, NULL, NULL),
(446, 2, 104, 162, 'S', 'S', '3127', '730975', 0, 1, '2020-02-06 12:18:54', 8, '186.169.140.254', NULL, NULL, NULL),
(447, 2, 81, 88, 'S', 'S', '2533', 'FDB01156', 0, 1, '2020-02-06 12:19:27', 5, '186.169.148.13', NULL, NULL, NULL),
(448, 2, 104, 162, 'S', 'S', '3128', '731786', 0, 1, '2020-02-06 12:19:30', 8, '186.169.140.254', NULL, NULL, NULL),
(449, 2, 81, 88, 'S', 'S', '2534', 'FDB01157', 0, 1, '2020-02-06 12:20:01', 5, '186.169.148.13', NULL, NULL, NULL),
(450, 2, 104, 163, 'S', 'N', '3115', '731221', 0, 1, '2020-02-06 12:20:13', 8, '186.169.140.254', '2020-02-06 17:09:05', 6, '186.169.146.96'),
(451, 2, 81, 88, 'S', 'S', '2535', 'FDB01162 ', 0, 1, '2020-02-06 12:20:35', 5, '186.169.148.13', NULL, NULL, NULL),
(452, 2, 104, 163, 'S', 'S', '3118', '731550', 0, 1, '2020-02-06 12:20:56', 8, '186.169.140.254', NULL, NULL, NULL),
(453, 2, 81, 88, 'S', 'S', '2536', 'FDB01163 ', 0, 1, '2020-02-06 12:21:13', 5, '186.169.148.13', NULL, NULL, NULL),
(454, 2, 104, 164, 'S', 'S', '3122', '732465', 0, 1, '2020-02-06 12:21:36', 8, '186.169.140.254', NULL, NULL, NULL),
(455, 2, 81, 88, 'S', 'S', '2537', 'FDB01164 ', 0, 1, '2020-02-06 12:21:55', 5, '186.169.148.13', NULL, NULL, NULL),
(456, 2, 81, 88, 'S', 'S', '2538', 'FDB01165 ', 0, 1, '2020-02-06 12:22:40', 5, '186.169.148.13', NULL, NULL, NULL),
(457, 2, 104, 164, 'S', 'S', '3123', '731947', 0, 1, '2020-02-06 12:23:11', 8, '186.169.140.254', NULL, NULL, NULL),
(458, 2, 81, 88, 'S', 'S', '2539', 'FDB01166 ', 0, 1, '2020-02-06 12:23:12', 5, '186.169.148.13', NULL, NULL, NULL),
(459, 2, 104, 165, 'S', 'S', '3100', '731021', 0, 1, '2020-02-06 12:23:52', 8, '186.169.140.254', NULL, NULL, NULL),
(460, 2, 104, 165, 'S', 'S', '3131', '733131', 0, 1, '2020-02-06 12:24:29', 8, '186.169.140.254', NULL, NULL, NULL),
(461, 2, 104, 166, 'S', 'S', '3166', '733297', 0, 1, '2020-02-06 12:25:09', 8, '186.169.140.254', NULL, NULL, NULL),
(462, 2, 81, 88, 'S', 'S', '2540', 'FDB01167 ', 0, 1, '2020-02-06 12:25:48', 5, '186.169.148.13', NULL, NULL, NULL),
(463, 2, 104, 167, 'S', 'S', '3113', '732001', 0, 1, '2020-02-06 12:25:53', 8, '186.169.140.254', NULL, NULL, NULL),
(464, 2, 81, 88, 'S', 'S', '2541', 'FDB01168 ', 0, 1, '2020-02-06 12:26:22', 5, '186.169.148.13', NULL, NULL, NULL),
(465, 2, 104, 167, 'S', 'S', '3114', '732002', 0, 1, '2020-02-06 12:26:30', 8, '186.169.140.254', NULL, NULL, NULL),
(466, 2, 104, 169, 'S', 'S', '3119', '4207', 0, 1, '2020-02-06 12:27:18', 8, '186.169.140.254', NULL, NULL, NULL),
(467, 2, 104, 168, 'S', 'S', '3120', '732576', 0, 1, '2020-02-06 12:28:10', 8, '186.169.140.254', NULL, NULL, NULL),
(468, 2, 104, 168, 'S', 'S', '3121', '731507', 0, 1, '2020-02-06 12:29:05', 8, '186.169.140.254', NULL, NULL, NULL),
(469, 2, 104, 168, 'S', 'N', '3125', '731613', 0, 1, '2020-02-06 12:29:46', 8, '186.169.140.254', '2020-02-06 17:58:01', 7, '186.169.146.96'),
(470, 2, 104, 168, 'S', 'S', '3126', '731627', 0, 1, '2020-02-06 12:30:55', 8, '186.169.140.254', NULL, NULL, NULL),
(471, 2, 81, 88, 'S', 'S', '2542', 'FDB01169 ', 0, 1, '2020-02-06 12:31:20', 5, '186.169.148.13', NULL, NULL, NULL),
(472, 2, 104, 168, 'S', 'S', '3129', '731493', 0, 1, '2020-02-06 12:31:28', 8, '186.169.140.254', NULL, NULL, NULL),
(473, 2, 81, 88, 'S', 'S', '2543', 'FDB01170 ', 0, 1, '2020-02-06 12:32:08', 5, '186.169.148.13', NULL, NULL, NULL),
(474, 2, 104, 168, 'S', 'S', '3130', '731482', 0, 1, '2020-02-06 12:32:25', 8, '186.169.140.254', NULL, NULL, NULL),
(475, 2, 81, 88, 'S', 'S', '2544', 'FDB01171 ', 0, 1, '2020-02-06 12:32:55', 5, '186.169.148.13', NULL, NULL, NULL),
(476, 2, 81, 88, 'S', 'S', '2545', 'FDB01172 ', 0, 1, '2020-02-06 12:33:41', 5, '186.169.148.13', NULL, NULL, NULL),
(477, 2, 81, 88, 'S', 'S', '2546', 'FDB01189 ', 0, 1, '2020-02-06 12:34:33', 5, '186.169.148.13', NULL, NULL, NULL),
(478, 2, 81, 88, 'S', 'S', '2547', 'FDB01190 ', 0, 1, '2020-02-06 12:35:48', 5, '186.169.148.13', NULL, NULL, NULL),
(479, 2, 81, 133, 'S', 'S', '2548', 'FDB01191 ', 0, 1, '2020-02-06 14:01:03', 5, '186.169.136.44', NULL, NULL, NULL),
(480, 2, 81, 88, 'S', 'S', '2549', 'FDB01192 ', 0, 1, '2020-02-06 14:04:05', 5, '186.169.136.44', NULL, NULL, NULL),
(481, 2, 81, 88, 'S', 'S', '2550', 'FDB01193 ', 0, 1, '2020-02-06 14:06:02', 5, '186.169.136.44', NULL, NULL, NULL),
(482, 2, 81, 88, 'S', 'S', '2551', 'FDB01194', 0, 1, '2020-02-06 14:06:32', 5, '186.169.136.44', NULL, NULL, NULL),
(483, 2, 81, 88, 'S', 'S', '2552', 'FDB01195', 0, 1, '2020-02-06 14:07:56', 5, '186.169.136.44', NULL, NULL, NULL),
(484, 2, 81, 88, 'S', 'S', '2553', 'FDB01196', 0, 1, '2020-02-06 14:09:20', 5, '186.169.136.44', NULL, NULL, NULL),
(485, 2, 102, 88, 'S', 'S', '2554', 'FDB01197', 0, 1, '2020-02-06 14:11:02', 5, '186.169.136.44', NULL, NULL, NULL),
(486, 2, 93, 112, 'S', 'S', '7249', '7HK00105', 0, 1, '2020-02-06 14:14:31', 8, '186.169.136.173', NULL, NULL, NULL),
(487, 2, 93, 112, 'S', 'S', '7306', '7HK00174', 0, 1, '2020-02-06 14:15:04', 8, '186.169.136.173', NULL, NULL, NULL),
(488, 2, 81, 88, 'S', 'S', '2555', '2555', 0, 1, '2020-02-06 14:15:41', 5, '186.169.136.44', NULL, NULL, NULL),
(489, 2, 93, 138, 'S', 'S', '5223', '85X01495', 0, 1, '2020-02-06 14:15:47', 8, '186.169.136.173', NULL, NULL, NULL),
(490, 2, 93, 144, 'S', 'S', '7190', '63X06191', 0, 1, '2020-02-06 14:16:22', 8, '186.169.136.173', NULL, NULL, NULL),
(491, 2, 93, 144, 'S', 'S', '7191', '63X06184', 0, 1, '2020-02-06 14:16:53', 8, '186.169.136.173', NULL, NULL, NULL),
(492, 2, 93, 145, 'S', 'S', '7002', '2KR03493', 0, 1, '2020-02-06 14:17:33', 8, '186.169.136.173', NULL, NULL, NULL),
(493, 2, 93, 145, 'S', 'S', '7003', '2ZR02206', 0, 1, '2020-02-06 14:18:09', 8, '186.169.136.173', NULL, NULL, NULL),
(494, 2, 93, 145, 'S', 'S', '7193', '2KR04690', 0, 1, '2020-02-06 14:18:50', 8, '186.169.136.173', NULL, NULL, NULL),
(495, 2, 81, 88, 'S', 'S', '2556', 'FDB01324', 0, 1, '2020-02-06 14:19:03', 5, '186.169.136.44', NULL, NULL, NULL),
(496, 2, 93, 145, 'S', 'S', '7340', '2KR04770', 0, 1, '2020-02-06 14:19:35', 8, '186.169.136.173', NULL, NULL, NULL),
(497, 2, 93, 145, 'S', 'S', '7341', '2KR04742', 0, 1, '2020-02-06 14:20:18', 8, '186.169.136.173', NULL, NULL, NULL),
(498, 2, 93, 145, 'S', 'S', '7342', '2KR04141', 0, 1, '2020-02-06 14:21:00', 8, '186.169.136.173', NULL, NULL, NULL),
(499, 2, 93, 145, 'S', 'S', '7344', '2KR04279', 0, 1, '2020-02-06 14:21:37', 8, '186.169.136.173', NULL, NULL, NULL),
(500, 2, 93, 145, 'S', 'S', '7345', '2KR04319', 0, 1, '2020-02-06 14:23:10', 8, '186.169.136.173', NULL, NULL, NULL),
(501, 2, 81, 88, 'S', 'S', '2557', 'FDB01325', 0, 1, '2020-02-06 14:23:12', 5, '186.169.136.44', NULL, NULL, NULL),
(502, 2, 93, 145, 'S', 'S', '7361', '2KR03183', 0, 1, '2020-02-06 14:23:51', 8, '186.169.136.173', NULL, NULL, NULL),
(503, 2, 93, 145, 'S', 'S', '7364', '2KR03827', 0, 1, '2020-02-06 14:24:24', 8, '186.169.136.173', NULL, NULL, NULL),
(504, 2, 81, 88, 'S', 'S', '2558', 'FDB01326', 0, 1, '2020-02-06 14:25:28', 5, '186.169.136.44', NULL, NULL, NULL),
(505, 2, 81, 88, 'S', 'S', '2559', 'FDB01340', 0, 1, '2020-02-06 14:25:56', 5, '186.169.136.44', '2020-02-06 14:26:55', 5, '186.169.136.44'),
(506, 2, 81, 88, 'S', 'S', '2560', 'FDB01341', 0, 1, '2020-02-06 14:26:41', 5, '186.169.136.44', NULL, NULL, NULL),
(507, 2, 93, 145, 'S', 'S', '7388', '2KR04280', 0, 1, '2020-02-06 14:27:03', 8, '186.169.136.173', NULL, NULL, NULL),
(508, 2, 81, 88, 'S', 'S', '2561', 'FDB01345', 0, 1, '2020-02-06 14:27:27', 5, '186.169.136.44', NULL, NULL, NULL),
(509, 2, 81, 88, 'S', 'S', '2562', 'FDB01346', 0, 1, '2020-02-06 14:28:04', 5, '186.169.136.44', NULL, NULL, NULL),
(510, 2, 93, 145, 'S', 'S', '7389', '2KR04854', 0, 1, '2020-02-06 14:28:21', 8, '186.169.136.173', NULL, NULL, NULL),
(511, 2, 81, 88, 'S', 'S', '2563', 'FDB01351', 0, 1, '2020-02-06 14:28:49', 5, '186.169.136.44', '2020-02-19 16:32:05', 5, '186.169.148.212'),
(512, 2, 93, 145, 'S', 'S', '7390', '2KR00929', 0, 1, '2020-02-06 14:29:15', 8, '186.169.136.173', NULL, NULL, NULL),
(513, 2, 81, 88, 'S', 'S', '2564', 'FDB01352', 0, 1, '2020-02-06 14:29:36', 5, '186.169.136.44', NULL, NULL, NULL),
(514, 2, 93, 145, 'S', 'S', '7452', '2KR03027', 0, 1, '2020-02-06 14:29:57', 8, '186.169.136.173', NULL, NULL, NULL),
(515, 2, 93, 145, 'S', 'S', '7453', 'AWH01648 /BET08758', 0, 1, '2020-02-06 14:31:37', 8, '186.169.136.173', NULL, NULL, NULL),
(516, 2, 93, 145, 'S', 'S', '7454', 'AWH01646 /BET08019', 0, 1, '2020-02-06 14:32:26', 8, '186.169.136.173', NULL, NULL, NULL),
(517, 2, 81, 88, 'S', 'S', '2565', 'FDB01353', 0, 1, '2020-02-06 14:32:29', 5, '186.169.136.44', NULL, NULL, NULL),
(518, 2, 93, 146, 'S', 'S', '7148', '50W03384', 0, 1, '2020-02-06 14:34:21', 8, '186.169.136.173', NULL, NULL, NULL),
(519, 2, 81, 88, 'S', 'S', '2566', 'FDB01358', 0, 1, '2020-02-06 14:34:44', 5, '186.169.136.44', NULL, NULL, NULL),
(520, 2, 93, 146, 'S', 'S', '7181', '50W00548', 0, 1, '2020-02-06 14:34:58', 8, '186.169.136.173', NULL, NULL, NULL),
(521, 2, 81, 88, 'S', 'S', '2567', 'FDB01359', 0, 1, '2020-02-06 14:35:15', 5, '186.169.136.44', NULL, NULL, NULL),
(522, 2, 93, 146, 'S', 'S', '7182', '50W00553', 0, 1, '2020-02-06 14:35:33', 8, '186.169.136.173', NULL, NULL, NULL),
(523, 2, 81, 88, 'S', 'S', '2568', 'FDB01360', 0, 1, '2020-02-06 14:35:45', 5, '186.169.136.44', NULL, NULL, NULL),
(524, 2, 81, 88, 'S', 'S', '2569', 'FDB01361', 0, 1, '2020-02-06 14:36:21', 5, '186.169.136.44', NULL, NULL, NULL),
(525, 2, 81, 88, 'S', 'S', '2570', 'FDB01362', 0, 1, '2020-02-06 14:36:49', 5, '186.169.136.44', NULL, NULL, NULL),
(526, 2, 81, 88, 'S', 'S', '2571', 'FDB01363', 0, 1, '2020-02-06 14:37:38', 5, '186.169.136.44', NULL, NULL, NULL),
(527, 2, 81, 88, 'S', 'S', '2572', 'FDB01372', 0, 1, '2020-02-06 14:38:18', 5, '186.169.136.44', NULL, NULL, NULL),
(528, 2, 93, 146, 'S', 'S', '7183', '50W00303', 0, 1, '2020-02-06 14:38:43', 8, '186.169.136.173', NULL, NULL, NULL),
(529, 2, 81, 88, 'S', 'S', '2573', 'FDB01373', 0, 1, '2020-02-06 14:38:55', 5, '186.169.136.44', '2020-02-06 14:40:00', 5, '186.169.136.44'),
(530, 2, 93, 146, 'S', 'S', '7186', '50W03341', 0, 1, '2020-02-06 14:39:11', 8, '186.169.136.173', NULL, NULL, NULL),
(531, 2, 93, 146, 'S', 'S', '7187', '50W07786', 0, 1, '2020-02-06 14:39:43', 8, '186.169.136.173', NULL, NULL, NULL),
(532, 2, 93, 146, 'S', 'S', '7188', '50W05589', 0, 1, '2020-02-06 14:40:13', 8, '186.169.136.173', NULL, NULL, NULL),
(533, 2, 81, 88, 'N', 'S', '2574', 'FDB01374', 0, 1, '2020-02-06 14:40:25', 5, '186.169.136.44', NULL, NULL, NULL),
(534, 2, 93, 146, 'S', 'S', '7241', '50W10423', 0, 1, '2020-02-06 14:40:57', 8, '186.169.136.173', NULL, NULL, NULL),
(535, 2, 81, 88, 'S', 'S', '2575', 'FDB01368', 0, 1, '2020-02-06 14:41:02', 5, '186.169.136.44', NULL, NULL, NULL),
(536, 2, 93, 146, 'S', 'S', '7246', '50W08525', 0, 1, '2020-02-06 14:42:03', 8, '186.169.136.173', NULL, NULL, NULL),
(537, 2, 93, 146, 'S', 'S', '7247', '50W11396', 0, 1, '2020-02-06 14:42:33', 8, '186.169.136.173', NULL, NULL, NULL),
(538, 2, 81, 88, 'S', 'S', '2576', 'FDB01474', 0, 1, '2020-02-06 14:42:38', 5, '186.169.136.44', NULL, NULL, NULL),
(539, 2, 93, 146, 'S', 'S', '7368', '50W09718', 0, 1, '2020-02-06 14:43:15', 8, '186.169.136.173', NULL, NULL, NULL),
(540, 2, 81, 88, 'S', 'S', '2577', '1LL12917', 0, 1, '2020-02-06 14:43:45', 5, '186.169.136.44', NULL, NULL, NULL),
(541, 2, 93, 147, 'S', 'S', '7450', 'BXY05585', 0, 1, '2020-02-06 14:44:03', 8, '186.169.136.173', NULL, NULL, NULL),
(542, 2, 93, 147, 'S', 'S', '7451', 'BNH00438', 0, 1, '2020-02-06 14:44:43', 8, '186.169.136.173', NULL, NULL, NULL),
(543, 2, 81, 88, 'S', 'S', '2578', 'FDB01478', 0, 1, '2020-02-06 14:44:50', 5, '186.169.136.44', NULL, NULL, NULL),
(544, 2, 93, 148, 'S', 'S', '7177', '42X01063', 0, 1, '2020-02-06 14:45:26', 8, '186.169.136.173', NULL, NULL, NULL),
(545, 2, 93, 148, 'S', 'S', '7178', '49Z00217', 0, 1, '2020-02-06 14:45:57', 8, '186.169.136.173', NULL, NULL, NULL),
(546, 2, 93, 148, 'S', 'S', '7253', '49Z01235', 0, 1, '2020-02-06 14:46:53', 8, '186.169.136.173', NULL, NULL, NULL),
(547, 2, 93, 148, 'S', 'S', '7254', '49Z02026', 0, 1, '2020-02-06 14:47:24', 8, '186.169.136.173', NULL, NULL, NULL),
(548, 2, 81, 88, 'S', 'S', '2579', 'FDB01479', 0, 1, '2020-02-06 14:47:47', 5, '186.169.136.44', NULL, NULL, NULL),
(549, 2, 93, 148, 'S', 'S', '7304', '49Z01596', 0, 1, '2020-02-06 14:48:20', 8, '186.169.136.173', NULL, NULL, NULL),
(550, 2, 81, 88, 'S', 'S', '2580', 'FDB01480', 0, 1, '2020-02-06 14:48:30', 5, '186.169.136.44', NULL, NULL, NULL),
(551, 2, 93, 148, 'S', 'S', '7305', '49Z01841', 0, 1, '2020-02-06 14:48:54', 8, '186.169.136.173', NULL, NULL, NULL),
(552, 2, 81, 88, 'S', 'S', '2581', 'FDB01490', 0, 1, '2020-02-06 14:49:01', 5, '186.169.136.44', NULL, NULL, NULL),
(553, 2, 81, 88, 'S', 'S', '2582', 'FDB01491', 0, 1, '2020-02-06 14:49:56', 5, '186.169.136.44', NULL, NULL, NULL),
(554, 2, 96, 146, 'S', 'S', '7248', '50W11471', 0, 1, '2020-02-06 14:50:41', 8, '186.169.136.173', NULL, NULL, NULL),
(555, 2, 81, 88, 'S', 'S', '2583', 'FDB01498', 0, 1, '2020-02-06 14:50:46', 5, '186.169.136.44', NULL, NULL, NULL),
(556, 2, 81, 88, 'S', 'S', '2584', 'FDB01499', 0, 1, '2020-02-06 14:52:00', 5, '186.169.136.44', NULL, NULL, NULL),
(557, 2, 81, 88, 'S', 'S', '2585', 'FDB01504', 0, 1, '2020-02-06 14:52:35', 5, '186.169.136.44', NULL, NULL, NULL),
(558, 2, 81, 88, 'S', 'S', '2586', 'FDB01506', 0, 1, '2020-02-06 14:53:15', 5, '186.169.136.44', NULL, NULL, NULL),
(559, 2, 81, 88, 'S', 'S', '2587', 'FDB01507', 0, 1, '2020-02-06 14:53:45', 5, '186.169.136.44', NULL, NULL, NULL),
(560, 2, 81, 88, 'S', 'S', '2588', 'FDB01508', 0, 1, '2020-02-06 14:54:32', 5, '186.169.136.44', NULL, NULL, NULL),
(561, 2, 81, 88, 'S', 'S', '2589', 'FDB01509', 0, 1, '2020-02-06 14:55:32', 5, '186.169.136.44', NULL, NULL, NULL),
(562, 2, 101, 111, 'S', 'S', '8160', 'E9Z00243', 0, 1, '2020-02-06 14:56:29', 8, '186.169.136.173', NULL, NULL, NULL),
(563, 2, 81, 88, 'S', 'S', '2590', 'FDB01510', 0, 1, '2020-02-06 14:56:31', 5, '186.169.136.44', NULL, NULL, NULL),
(564, 2, 81, 88, 'S', 'S', '2591', 'FDB01511', 0, 1, '2020-02-06 14:57:11', 5, '186.169.136.44', NULL, NULL, NULL),
(565, 2, 81, 88, 'S', 'S', '2592', 'FDB01512', 0, 1, '2020-02-06 14:57:51', 5, '186.169.136.44', NULL, NULL, NULL),
(566, 2, 81, 88, 'S', 'S', '2593', 'FDB01514', 0, 1, '2020-02-06 14:58:26', 5, '186.169.136.44', NULL, NULL, NULL),
(567, 2, 81, 88, 'S', 'S', '2594', 'FDB01515', 0, 1, '2020-02-06 14:58:55', 5, '186.169.136.44', NULL, NULL, NULL),
(568, 2, 81, 88, 'S', 'S', '2595', 'FDB01516', 0, 1, '2020-02-06 14:59:34', 5, '186.169.136.44', NULL, NULL, NULL),
(569, 2, 81, 88, 'S', 'S', '2596', 'FDB01517', 0, 1, '2020-02-06 15:00:12', 5, '186.169.136.44', NULL, NULL, NULL),
(570, 2, 81, 88, 'S', 'S', '2597', 'FDB01518', 0, 1, '2020-02-06 15:00:50', 5, '186.169.136.44', NULL, NULL, NULL),
(571, 2, 81, 88, 'S', 'S', '2598', '1LL12993', 0, 1, '2020-02-06 15:01:33', 5, '186.169.136.44', NULL, NULL, NULL),
(572, 2, 81, 88, 'S', 'S', '2599', 'FDB01520', 0, 1, '2020-02-06 15:02:07', 5, '186.169.136.44', NULL, NULL, NULL),
(573, 2, 81, 88, 'S', 'S', '2700', 'FDB01521', 0, 1, '2020-02-06 15:02:36', 5, '186.169.136.44', NULL, NULL, NULL),
(574, 2, 81, 88, 'S', 'S', '2701', 'FDB01523', 0, 1, '2020-02-06 15:03:14', 5, '186.169.136.44', NULL, NULL, NULL),
(575, 2, 81, 88, 'S', 'S', '2702', 'FDB01525', 0, 1, '2020-02-06 15:04:02', 5, '186.169.136.44', NULL, NULL, NULL),
(576, 2, 81, 88, 'S', 'S', '2703', 'FDB01526', 0, 1, '2020-02-06 15:04:39', 5, '186.169.136.44', NULL, NULL, NULL),
(577, 2, 81, 88, 'S', 'S', '2704', 'FDB01530', 0, 1, '2020-02-06 15:05:32', 5, '186.169.136.44', NULL, NULL, NULL),
(578, 2, 81, 88, 'S', 'S', '2705', 'FDB01532', 0, 1, '2020-02-06 15:06:19', 5, '186.169.136.44', NULL, NULL, NULL),
(579, 2, 81, 88, 'S', 'S', '2706', 'FDB01533', 0, 1, '2020-02-06 15:06:48', 5, '186.169.136.44', NULL, NULL, NULL),
(580, 2, 81, 88, 'S', 'S', '2707', 'FDB01534', 0, 1, '2020-02-06 15:07:24', 5, '186.169.136.44', NULL, NULL, NULL),
(581, 2, 81, 88, 'S', 'S', '2708', 'FDB01535', 0, 1, '2020-02-06 15:08:00', 5, '186.169.136.44', NULL, NULL, NULL),
(582, 2, 81, 88, 'S', 'S', '2709', 'FDB01536', 0, 1, '2020-02-06 15:08:38', 5, '186.169.136.44', NULL, NULL, NULL),
(583, 2, 81, 88, 'S', 'S', '2710', 'FDB01537', 0, 1, '2020-02-06 15:09:09', 5, '186.169.136.44', NULL, NULL, NULL),
(584, 2, 81, 88, 'S', 'S', '2711', 'FDB01538', 0, 1, '2020-02-06 15:09:39', 5, '186.169.136.44', NULL, NULL, NULL),
(585, 2, 81, 88, 'S', 'S', '2712', 'FDB01539', 0, 1, '2020-02-06 15:10:17', 5, '186.169.136.44', '2020-02-06 15:11:57', 5, '186.169.136.44'),
(586, 2, 81, 88, 'S', 'S', '2713', 'FDB01540', 0, 1, '2020-02-06 15:12:58', 5, '186.169.136.44', NULL, NULL, NULL),
(587, 2, 81, 88, 'S', 'S', '2714', 'FDB01565', 0, 1, '2020-02-06 15:13:29', 5, '186.169.136.44', NULL, NULL, NULL),
(588, 2, 81, 137, 'S', 'S', '2750', 'SSP00709', 0, 1, '2020-02-06 15:14:06', 5, '186.169.136.44', '2020-02-06 15:16:04', 5, '186.169.136.44'),
(589, 2, 81, 137, 'S', 'S', '2751', 'SSP00711', 0, 1, '2020-02-06 15:14:58', 5, '186.169.136.44', NULL, NULL, NULL),
(590, 2, 81, 137, 'S', 'S', '2752', 'SSP00718', 0, 1, '2020-02-06 15:16:36', 5, '186.169.136.44', NULL, NULL, NULL),
(591, 2, 81, 137, 'S', 'S', '2753', 'SSP00739', 0, 1, '2020-02-06 15:17:04', 5, '186.169.136.44', NULL, NULL, NULL),
(592, 2, 81, 137, 'S', 'S', '2754', 'SSP00741', 0, 1, '2020-02-06 15:17:38', 5, '186.169.136.44', NULL, NULL, NULL),
(593, 2, 81, 137, 'S', 'S', '2755', 'SSP00745', 0, 1, '2020-02-06 15:18:11', 5, '186.169.136.44', NULL, NULL, NULL),
(594, 2, 81, 137, 'S', 'S', '2756', 'SSP00699', 0, 1, '2020-02-06 15:18:54', 5, '186.169.136.44', NULL, NULL, NULL),
(595, 2, 81, 137, 'S', 'S', '2757', 'SSP00698', 0, 1, '2020-02-06 15:19:44', 5, '186.169.136.44', NULL, NULL, NULL),
(596, 2, 81, 137, 'S', 'S', '2758', 'SSP00698', 0, 1, '2020-02-06 15:20:25', 5, '186.169.136.44', NULL, NULL, NULL),
(597, 2, 81, 137, 'S', 'S', '2759', 'SSP00681', 0, 1, '2020-02-06 15:21:04', 5, '186.169.136.44', NULL, NULL, NULL),
(598, 2, 81, 137, 'S', 'S', '2760', 'SSP00558', 0, 1, '2020-02-06 15:21:46', 5, '186.169.136.44', NULL, NULL, NULL),
(599, 2, 81, 137, 'S', 'S', '2761', 'SSP00574', 0, 1, '2020-02-06 15:22:36', 5, '186.169.136.44', NULL, NULL, NULL),
(600, 2, 81, 137, 'S', 'S', '2762', 'SSP00615', 0, 1, '2020-02-06 15:27:57', 5, '186.169.136.44', NULL, NULL, NULL),
(601, 2, 81, 137, 'S', 'S', '2763', 'SSP00616', 0, 1, '2020-02-06 15:28:30', 5, '186.169.136.44', NULL, NULL, NULL),
(602, 2, 81, 137, 'S', 'S', '2764', 'SSP00658', 0, 1, '2020-02-06 15:29:12', 5, '186.169.136.44', NULL, NULL, NULL),
(603, 2, 81, 142, 'S', 'S', '2801', '16N61A30118', 0, 1, '2020-02-06 15:30:13', 5, '186.169.136.44', NULL, NULL, NULL),
(604, 2, 81, 142, 'S', 'S', '2802', '16N61A30119', 0, 1, '2020-02-06 15:30:47', 5, '186.169.136.44', NULL, NULL, NULL),
(605, 2, 81, 142, 'S', 'S', '2803', '16N61A30124', 0, 1, '2020-02-06 15:32:17', 5, '186.169.136.44', NULL, NULL, NULL),
(606, 2, 81, 142, 'S', 'S', '2804', '16N61A30128', 0, 1, '2020-02-06 15:32:49', 5, '186.169.136.44', NULL, NULL, NULL),
(607, 2, 81, 142, 'S', 'S', '2805', '16N61A30130', 0, 1, '2020-02-06 15:33:16', 5, '186.169.136.44', NULL, NULL, NULL),
(608, 2, 81, 142, 'S', 'S', '2806', '16N61A30133', 0, 1, '2020-02-06 15:33:52', 5, '186.169.136.44', NULL, NULL, NULL),
(609, 2, 81, 142, 'S', 'S', '2807', '16N61A30140', 0, 1, '2020-02-06 15:34:31', 5, '186.169.136.44', NULL, NULL, NULL),
(610, 2, 81, 142, 'S', 'S', '2808', '16N61A30141', 0, 1, '2020-02-06 15:35:01', 5, '186.169.136.44', NULL, NULL, NULL),
(611, 2, 81, 142, 'S', 'S', '2809', '16N61A30152', 0, 1, '2020-02-06 15:35:50', 5, '186.169.136.44', NULL, NULL, NULL),
(612, 2, 81, 142, 'S', 'S', '2810', '16N61A30153', 0, 1, '2020-02-06 15:36:20', 5, '186.169.136.44', NULL, NULL, NULL),
(613, 2, 81, 142, 'S', 'S', '2811', '16N61A30154', 0, 1, '2020-02-06 15:36:51', 5, '186.169.136.44', NULL, NULL, NULL),
(614, 2, 81, 142, 'S', 'S', '2812', '16N61A30266', 0, 1, '2020-02-06 15:37:34', 5, '186.169.136.44', NULL, NULL, NULL),
(615, 2, 81, 142, 'S', 'S', '2813', '16N61A30267', 0, 1, '2020-02-06 15:38:14', 5, '186.169.136.44', NULL, NULL, NULL),
(616, 2, 81, 142, 'S', 'S', '2814', '16N61A30268', 0, 1, '2020-02-06 15:38:44', 5, '186.169.136.44', NULL, NULL, NULL),
(617, 2, 101, 121, 'S', 'S', '8010', '93U00479', 0, 1, '2020-02-06 17:13:40', 6, '186.169.146.96', NULL, NULL, NULL),
(618, 2, 101, 125, 'S', 'S', '8013', '7KK00251', 0, 1, '2020-02-06 17:55:39', 7, '186.169.146.96', NULL, NULL, NULL),
(619, 2, 101, 121, 'S', 'S', '8041', '93U01211', 0, 1, '2020-02-09 13:53:37', 8, '186.169.191.145', NULL, NULL, NULL),
(620, 2, 101, 121, 'S', 'S', '8053', '93U00922', 0, 1, '2020-02-09 13:54:14', 8, '186.169.191.145', NULL, NULL, NULL),
(621, 2, 101, 121, 'S', 'S', '8054', '93U00466', 0, 1, '2020-02-09 13:54:42', 8, '186.169.191.145', NULL, NULL, NULL),
(622, 2, 101, 121, 'S', 'S', '8061', '93U01318', 0, 1, '2020-02-09 13:55:09', 8, '186.169.191.145', NULL, NULL, NULL),
(623, 2, 101, 121, 'S', 'S', '8064', '93U01132', 0, 1, '2020-02-09 13:55:37', 8, '186.169.191.145', NULL, NULL, NULL),
(624, 2, 101, 121, 'S', 'S', '8083', '93U01381', 0, 1, '2020-02-09 13:56:06', 8, '186.169.191.145', NULL, NULL, NULL),
(625, 2, 101, 121, 'S', 'S', '8085', '93U00577', 0, 1, '2020-02-09 13:56:39', 8, '186.169.191.145', NULL, NULL, NULL),
(626, 2, 101, 122, 'S', 'S', '8086', '6ZJ00255', 0, 1, '2020-02-09 13:58:22', 8, '186.169.191.145', NULL, NULL, NULL),
(627, 2, 101, 123, 'S', 'S', '8094', 'B9H00549', 0, 1, '2020-02-09 13:58:51', 8, '186.169.191.145', NULL, NULL, NULL),
(628, 2, 101, 123, 'S', 'S', '8095', 'B9H00551', 0, 1, '2020-02-09 13:59:37', 8, '186.169.191.145', NULL, NULL, NULL),
(629, 2, 101, 125, 'S', 'S', '8014', '7KK00248', 0, 1, '2020-02-09 14:00:17', 8, '186.169.191.145', NULL, NULL, NULL),
(630, 2, 101, 125, 'S', 'S', '8015', '7KK00052', 0, 1, '2020-02-09 14:00:47', 8, '186.169.191.145', NULL, NULL, NULL),
(631, 2, 101, 125, 'S', 'S', '8016', '7KK00343', 0, 1, '2020-02-09 14:01:15', 8, '186.169.191.145', NULL, NULL, NULL),
(632, 2, 101, 125, 'S', 'S', '8017', 'B9K00323', 0, 1, '2020-02-09 14:01:49', 8, '186.169.191.145', NULL, NULL, NULL),
(633, 2, 101, 124, 'S', 'S', '8018', 'B9K00324', 0, 1, '2020-02-09 14:02:22', 8, '186.169.191.145', NULL, NULL, NULL),
(634, 2, 101, 124, 'S', 'S', '8019', 'B9K00334', 0, 1, '2020-02-09 14:02:47', 8, '186.169.191.145', NULL, NULL, NULL),
(635, 2, 101, 124, 'S', 'S', '8020', 'B9K00339', 0, 1, '2020-02-09 14:03:20', 8, '186.169.191.145', NULL, NULL, NULL),
(636, 2, 101, 124, 'S', 'S', '8021', 'B9K00341', 0, 1, '2020-02-09 14:03:51', 8, '186.169.191.145', NULL, NULL, NULL),
(637, 2, 101, 124, 'S', 'S', '8022', 'B9K00345', 0, 1, '2020-02-09 14:04:20', 8, '186.169.191.145', NULL, NULL, NULL),
(638, 2, 101, 124, 'S', 'S', '8023', 'B9K00346', 0, 1, '2020-02-09 14:04:48', 8, '186.169.191.145', NULL, NULL, NULL),
(639, 2, 101, 124, 'S', 'S', '8024', 'B9K00455', 0, 1, '2020-02-09 14:10:38', 8, '186.169.191.145', NULL, NULL, NULL),
(640, 2, 101, 124, 'S', 'S', '8025', 'B9K00468', 0, 1, '2020-02-09 14:11:09', 8, '186.169.191.145', NULL, NULL, NULL),
(641, 2, 101, 124, 'S', 'S', '8026', 'B9K00481', 0, 1, '2020-02-09 14:11:42', 8, '186.169.191.145', NULL, NULL, NULL),
(642, 2, 101, 124, 'S', 'S', '8027', 'B9K00490', 0, 1, '2020-02-09 14:12:11', 8, '186.169.191.145', NULL, NULL, NULL),
(643, 2, 101, 124, 'S', 'S', '8028', 'B9K00499', 0, 1, '2020-02-09 14:12:41', 8, '186.169.191.145', NULL, NULL, NULL),
(644, 2, 101, 124, 'S', 'S', '8029', 'B9K00519', 0, 1, '2020-02-09 14:13:09', 8, '186.169.191.145', NULL, NULL, NULL),
(645, 2, 101, 124, 'S', 'S', '8031', 'B9K00528', 0, 1, '2020-02-09 14:13:39', 8, '186.169.191.145', NULL, NULL, NULL),
(646, 2, 101, 124, 'S', 'S', '8032', 'B9K00533', 0, 1, '2020-02-09 14:14:14', 8, '186.169.191.145', NULL, NULL, NULL),
(647, 2, 101, 124, 'S', 'S', '8158', 'B9K00538', 0, 1, '2020-02-09 14:14:44', 8, '186.169.191.145', NULL, NULL, NULL),
(648, 2, 101, 124, 'S', 'S', '8159', 'B9K00556', 0, 1, '2020-02-09 14:15:10', 8, '186.169.191.145', NULL, NULL, NULL),
(649, 2, 102, 154, 'S', 'S', '6205', 'HCM18J00P00001235', 0, 1, '2020-02-09 14:17:24', 8, '186.169.191.145', NULL, NULL, NULL),
(650, 2, 102, 154, 'S', 'S', '6207', 'HCM18J00E00001425', 0, 1, '2020-02-09 14:17:57', 8, '186.169.191.145', NULL, NULL, NULL),
(651, 2, 102, 154, 'S', 'S', '6208', 'HCM18J00V00001712', 0, 1, '2020-02-09 14:18:25', 8, '186.169.191.145', NULL, NULL, NULL),
(652, 2, 102, 154, 'S', 'S', '6220', 'HCM18J00V00001719', 0, 1, '2020-02-09 14:19:07', 8, '186.169.191.145', NULL, NULL, NULL),
(653, 2, 102, 155, 'S', 'S', '6260', 'HCM18M00J00001210', 0, 1, '2020-02-09 14:19:37', 8, '186.169.191.145', NULL, NULL, NULL),
(654, 2, 102, 155, 'S', 'S', '6261', 'HCM18M00K00001240', 0, 1, '2020-02-09 14:20:08', 8, '186.169.191.145', NULL, NULL, NULL),
(655, 2, 102, 155, 'S', 'S', '6262', 'HCM18M00T00001249', 0, 1, '2020-02-09 14:20:41', 8, '186.169.191.145', NULL, NULL, NULL),
(656, 2, 102, 155, 'S', 'S', '6263', 'HCM18M00T00001250', 0, 1, '2020-02-09 14:21:13', 8, '186.169.191.145', NULL, NULL, NULL),
(657, 2, 102, 156, 'S', 'S', '6201', '6128', 0, 1, '2020-02-09 14:21:59', 8, '186.169.191.145', NULL, NULL, NULL),
(658, 2, 102, 157, 'S', 'S', '6175', '78118', 0, 1, '2020-02-09 14:22:31', 8, '186.169.191.145', NULL, NULL, NULL),
(659, 2, 102, 157, 'S', 'S', '6202', '78121', 0, 1, '2020-02-09 14:23:04', 8, '186.169.191.145', NULL, NULL, NULL),
(660, 2, 102, 157, 'S', 'S', '6219', '78119', 0, 1, '2020-02-09 14:23:35', 8, '186.169.191.145', NULL, NULL, NULL),
(661, 2, 102, 158, 'S', 'S', '6213', '10352', 0, 1, '2020-02-09 14:24:13', 8, '186.169.191.145', NULL, NULL, NULL),
(662, 2, 102, 159, 'S', 'S', '6123', '20388', 0, 1, '2020-02-09 14:24:46', 8, '186.169.191.145', NULL, NULL, NULL),
(663, 2, 102, 159, 'S', 'S', '6124', '20391', 0, 1, '2020-02-09 14:25:11', 8, '186.169.191.145', NULL, NULL, NULL),
(664, 2, 102, 159, 'S', 'S', '6125', '20419', 0, 1, '2020-02-09 14:25:45', 8, '186.169.191.145', NULL, NULL, NULL),
(665, 2, 102, 159, 'S', 'S', '6126', '20142', 0, 1, '2020-02-09 14:26:49', 8, '186.169.191.145', NULL, NULL, NULL),
(666, 2, 102, 159, 'S', 'S', '6127', '20162', 0, 1, '2020-02-09 14:27:18', 8, '186.169.191.145', NULL, NULL, NULL),
(667, 2, 102, 159, 'S', 'S', '6128', '20131', 0, 1, '2020-02-09 14:27:50', 8, '186.169.191.145', NULL, NULL, NULL),
(668, 2, 102, 160, 'S', 'S', '6179', '12022', 0, 1, '2020-02-09 14:28:48', 8, '186.169.191.145', NULL, NULL, NULL),
(669, 2, 102, 160, 'S', 'S', '6188', '12031', 0, 1, '2020-02-09 14:29:20', 8, '186.169.191.145', NULL, NULL, NULL),
(670, 2, 102, 160, 'S', 'S', '6197', '12035', 0, 1, '2020-02-09 14:29:59', 8, '186.169.191.145', NULL, NULL, NULL),
(671, 2, 102, 160, 'S', 'S', '6231', '12059', 0, 1, '2020-02-09 14:30:32', 8, '186.169.191.145', NULL, NULL, NULL),
(672, 2, 102, 160, 'S', 'S', '6232', '12061', 0, 1, '2020-02-09 14:31:03', 8, '186.169.191.145', NULL, NULL, NULL),
(673, 2, 102, 160, 'S', 'S', '6233', '12063', 0, 1, '2020-02-09 14:31:39', 8, '186.169.191.145', NULL, NULL, NULL),
(674, 2, 102, 160, 'S', 'S', '6234', '12065', 0, 1, '2020-02-09 14:32:11', 8, '186.169.191.145', NULL, NULL, NULL),
(675, 2, 102, 160, 'S', 'S', '6235', '12068', 0, 1, '2020-02-09 14:34:35', 8, '186.169.191.145', NULL, NULL, NULL),
(676, 2, 102, 160, 'S', 'S', '6236', '12070', 0, 1, '2020-02-09 14:35:10', 8, '186.169.191.145', NULL, NULL, NULL),
(677, 2, 102, 160, 'S', 'S', '6237', '12074', 0, 1, '2020-02-09 14:35:48', 8, '186.169.191.145', NULL, NULL, NULL),
(678, 2, 102, 160, 'S', 'S', '6238', '12085', 0, 1, '2020-02-09 14:37:09', 8, '186.169.191.145', NULL, NULL, NULL),
(679, 2, 102, 160, 'S', 'S', '6239', '12087', 0, 1, '2020-02-09 14:37:38', 8, '186.169.191.145', NULL, NULL, NULL),
(680, 2, 102, 160, 'S', 'S', '6245', '12088', 0, 1, '2020-02-09 14:38:09', 8, '186.169.191.145', NULL, NULL, NULL),
(681, 2, 102, 160, 'S', 'S', '6246', '12091', 0, 1, '2020-02-09 14:38:36', 8, '186.169.191.145', NULL, NULL, NULL),
(682, 2, 102, 160, 'S', 'S', '6247', '12097', 0, 1, '2020-02-09 14:39:06', 8, '186.169.191.145', NULL, NULL, NULL),
(683, 2, 102, 160, 'S', 'S', '6248', '12100', 0, 1, '2020-02-09 14:39:34', 8, '186.169.191.145', NULL, NULL, NULL),
(684, 2, 102, 160, 'S', 'S', '6249', '12093', 0, 1, '2020-02-09 14:40:00', 8, '186.169.191.145', NULL, NULL, NULL),
(685, 2, 106, 143, 'S', 'S', '5185', '92Z00361', 0, 1, '2020-02-09 14:45:23', 8, '186.169.191.145', NULL, NULL, NULL),
(686, 2, 106, 143, 'S', 'S', '5225', '92Z00219', 0, 1, '2020-02-09 14:46:03', 8, '186.169.191.145', NULL, NULL, NULL),
(687, 2, 106, 143, 'S', 'S', '5226', '92Z00381', 0, 1, '2020-02-09 14:46:46', 8, '186.169.191.145', NULL, NULL, NULL),
(688, 2, 106, 143, 'S', 'S', '5961', '92Z00486', 0, 1, '2020-02-09 14:47:19', 8, '186.169.191.145', NULL, NULL, NULL),
(689, 2, 106, 143, 'S', 'S', '5962', '92Z00470', 0, 1, '2020-02-09 14:47:50', 8, '186.169.191.145', NULL, NULL, NULL),
(690, 2, 106, 143, 'S', 'S', '5963', '92Z00545', 0, 1, '2020-02-09 14:48:26', 8, '186.169.191.145', NULL, NULL, NULL),
(691, 2, 106, 143, 'S', 'S', '5964', '92Z00466', 0, 1, '2020-02-09 14:49:02', 8, '186.169.191.145', NULL, NULL, NULL),
(692, 2, 106, 143, 'S', 'S', '5965', '92Z00522', 0, 1, '2020-02-09 14:49:38', 8, '186.169.191.145', NULL, NULL, NULL),
(693, 2, 106, 143, 'S', 'S', '5966', '92Z00215', 0, 1, '2020-02-09 14:50:09', 8, '186.169.191.145', NULL, NULL, NULL),
(694, 2, 106, 143, 'S', 'S', '5967', '92Z00577', 0, 1, '2020-02-09 14:51:01', 8, '186.169.191.145', NULL, NULL, NULL),
(695, 2, 106, 143, 'S', 'S', '5968', '92Z00426', 0, 1, '2020-02-09 14:51:31', 8, '186.169.191.145', NULL, NULL, NULL),
(696, 2, 106, 143, 'S', 'S', '5969', '92Z00344', 0, 1, '2020-02-09 14:52:02', 8, '186.169.191.145', NULL, NULL, NULL),
(697, 2, 106, 143, 'S', 'S', '5970', '92Z75157*', 0, 1, '2020-02-09 14:52:30', 8, '186.169.191.145', NULL, NULL, NULL),
(698, 2, 106, 143, 'S', 'S', '5974', '92Z00433', 0, 1, '2020-02-09 14:53:04', 8, '186.169.191.145', NULL, NULL, NULL),
(699, 2, 106, 143, 'S', 'S', '5975', '92Z00468', 0, 1, '2020-02-09 14:53:34', 8, '186.169.191.145', NULL, NULL, NULL),
(700, 2, 106, 143, 'S', 'S', '5976', '92Z00579', 0, 1, '2020-02-09 14:54:10', 8, '186.169.191.145', NULL, NULL, NULL),
(701, 2, 106, 143, 'S', 'S', '5977', '92Z00417', 0, 1, '2020-02-09 14:54:43', 8, '186.169.191.145', NULL, NULL, NULL),
(702, 2, 106, 143, 'S', 'S', '5982', '92Z00538', 0, 1, '2020-02-09 14:55:25', 8, '186.169.191.145', NULL, NULL, NULL),
(703, 2, 106, 143, 'S', 'S', '5983', '7BR00630', 0, 1, '2020-02-09 14:55:52', 8, '186.169.191.145', NULL, NULL, NULL),
(704, 2, 106, 143, 'S', 'S', '5984', '7BR00549', 0, 1, '2020-02-09 14:56:26', 8, '186.169.191.145', NULL, NULL, NULL),
(705, 2, 106, 143, 'S', 'S', '5985', '7BR00583', 0, 1, '2020-02-09 14:57:01', 8, '186.169.191.145', NULL, NULL, NULL),
(706, 2, 106, 143, 'S', 'S', '5986', '92Z00604', 0, 1, '2020-02-09 14:57:33', 8, '186.169.191.145', NULL, NULL, NULL),
(707, 2, 106, 143, 'S', 'S', '5987', '92Z00456', 0, 1, '2020-02-09 14:58:03', 8, '186.169.191.145', NULL, NULL, NULL),
(708, 2, 106, 143, 'S', 'S', '5990', '7BR00595', 0, 1, '2020-02-09 14:58:32', 8, '186.169.191.145', NULL, NULL, NULL),
(709, 2, 106, 143, 'S', 'S', '5991', '7BR00575', 0, 1, '2020-02-09 14:59:04', 8, '186.169.191.145', NULL, NULL, NULL),
(710, 2, 106, 143, 'S', 'S', '5992', '92Z00296', 0, 1, '2020-02-09 14:59:37', 8, '186.169.191.145', NULL, NULL, NULL),
(711, 2, 106, 143, 'S', 'S', '5993', '92Z00323', 0, 1, '2020-02-09 15:00:08', 8, '186.169.191.145', NULL, NULL, NULL),
(712, 2, 106, 143, 'S', 'S', '6001', '92Z00452', 0, 1, '2020-02-09 15:00:41', 8, '186.169.191.145', NULL, NULL, NULL),
(713, 2, 106, 143, 'S', 'S', '6002', '92Z00556', 0, 1, '2020-02-09 15:01:22', 8, '186.169.191.145', NULL, NULL, NULL),
(714, 2, 92, 129, 'S', 'S', '6241', '141322', 0, 1, '2020-02-11 08:11:55', 5, '186.169.128.94', NULL, NULL, NULL),
(715, 2, 92, 129, 'S', 'S', '6242', '141440', 0, 1, '2020-02-11 08:12:37', 5, '186.169.128.94', NULL, NULL, NULL),
(716, 2, 92, 129, 'S', 'S', '6243', '414425', 0, 1, '2020-02-11 08:13:16', 5, '186.169.128.94', NULL, NULL, NULL),
(717, 2, 92, 129, 'S', 'S', '6244', '141449', 0, 1, '2020-02-11 08:13:51', 5, '186.169.128.94', NULL, NULL, NULL),
(718, 2, 94, 119, 'S', 'N', '6149', '136793', 0, 1, '2020-02-11 08:21:50', 5, '186.169.128.94', NULL, NULL, NULL),
(719, 2, 94, 120, 'S', 'N', '6157', '136509', 0, 1, '2020-02-11 08:22:35', 5, '186.169.128.94', NULL, NULL, NULL),
(720, 4, 81, 135, 'S', 'S', 'DT007', '', 0, 1, '2020-02-18 10:46:22', 9, '190.130.88.9', NULL, NULL, NULL),
(721, 4, 81, 135, 'S', 'S', 'DT009', '', 0, 1, '2020-02-18 10:58:39', 9, '190.130.88.9', NULL, NULL, NULL),
(722, 4, 81, 135, 'S', 'S', 'DT028', '', 0, 1, '2020-02-18 10:59:26', 9, '190.130.88.9', NULL, NULL, NULL),
(723, 4, 81, 135, 'S', 'S', 'DT040', '', 0, 1, '2020-02-18 11:00:49', 9, '190.130.88.9', NULL, NULL, NULL),
(724, 4, 81, 135, 'S', 'S', 'DT041', '', 0, 1, '2020-02-18 11:01:41', 9, '190.130.88.9', NULL, NULL, NULL),
(725, 4, 81, 135, 'S', 'S', 'DT042', '', 0, 1, '2020-02-18 11:06:21', 9, '190.130.88.9', NULL, NULL, NULL),
(726, 4, 81, 135, 'S', 'S', 'DT043', '', 0, 1, '2020-02-18 11:07:06', 9, '190.130.88.9', NULL, NULL, NULL),
(727, 4, 81, 135, 'S', 'S', 'DT072', '', 0, 1, '2020-02-18 11:07:46', 9, '190.130.88.9', NULL, NULL, NULL),
(728, 4, 81, 135, 'S', 'S', 'DT073', '', 0, 1, '2020-02-18 11:08:35', 9, '190.130.88.9', NULL, NULL, NULL),
(729, 4, 81, 135, 'S', 'S', 'DT074', '', 0, 1, '2020-02-18 11:10:19', 9, '190.130.88.9', NULL, NULL, NULL),
(730, 4, 81, 135, 'S', 'S', 'DT075', '', 0, 1, '2020-02-18 11:10:56', 9, '190.130.88.9', NULL, NULL, NULL),
(731, 4, 81, 135, 'S', 'S', 'DT076', '', 0, 1, '2020-02-18 11:11:46', 9, '190.130.88.9', NULL, NULL, NULL),
(732, 4, 81, 135, 'S', 'S', 'DT078', '', 0, 1, '2020-02-18 11:12:41', 9, '190.130.88.9', NULL, NULL, NULL),
(733, 4, 81, 135, 'S', 'S', 'DT080', '', 0, 1, '2020-02-18 11:13:26', 9, '190.130.88.9', NULL, NULL, NULL),
(734, 4, 81, 135, 'S', 'S', 'DT329', '', 0, 1, '2020-02-18 11:14:08', 9, '190.130.88.9', NULL, NULL, NULL),
(735, 4, 81, 135, 'S', 'S', 'DT330', '', 0, 1, '2020-02-18 11:14:51', 9, '190.130.88.9', NULL, NULL, NULL),
(736, 4, 81, 135, 'S', 'S', 'DT330', '', 0, 1, '2020-02-18 11:16:13', 9, '190.130.88.9', NULL, NULL, NULL),
(737, 4, 81, 135, 'S', 'S', 'DT331', '', 0, 1, '2020-02-18 11:16:45', 9, '190.130.88.9', NULL, NULL, NULL),
(738, 4, 81, 135, 'S', 'S', 'DT332', '', 0, 1, '2020-02-18 11:17:31', 9, '190.130.88.9', NULL, NULL, NULL),
(739, 4, 81, 135, 'S', 'S', 'DT333', '', 0, 1, '2020-02-18 11:18:18', 9, '190.130.88.9', NULL, NULL, NULL),
(740, 4, 81, 135, 'S', 'S', 'DT334', '', 0, 1, '2020-02-18 11:19:04', 9, '190.130.88.9', NULL, NULL, NULL),
(741, 4, 81, 135, 'S', 'S', 'DT335', '', 0, 1, '2020-02-18 11:19:48', 9, '190.130.88.9', NULL, NULL, NULL),
(742, 4, 81, 135, 'S', 'S', 'DT336', '', 0, 1, '2020-02-18 11:20:40', 9, '190.130.88.9', NULL, NULL, NULL),
(743, 4, 81, 135, 'S', 'S', 'DT338', '', 0, 1, '2020-02-18 11:21:34', 9, '190.130.88.9', NULL, NULL, NULL),
(744, 4, 81, 135, 'S', 'S', 'DT339', '', 0, 1, '2020-02-18 11:22:24', 9, '190.130.88.9', NULL, NULL, NULL),
(745, 4, 81, 135, 'S', 'S', 'DT340', '', 0, 1, '2020-02-18 11:23:13', 9, '190.130.88.9', NULL, NULL, NULL),
(746, 4, 81, 135, 'S', 'S', 'DT341', '', 0, 1, '2020-02-18 11:24:45', 9, '190.130.88.9', NULL, NULL, NULL),
(747, 4, 81, 135, 'S', 'S', 'DT342', '', 0, 1, '2020-02-18 11:25:27', 9, '190.130.88.9', NULL, NULL, NULL),
(748, 4, 81, 135, 'S', 'S', 'DT343', '', 0, 1, '2020-02-18 11:26:18', 9, '190.130.88.9', NULL, NULL, NULL),
(749, 4, 81, 135, 'S', 'S', 'DT344', '', 0, 1, '2020-02-18 11:27:02', 9, '190.130.88.9', NULL, NULL, NULL),
(750, 4, 81, 135, 'S', 'S', 'DT345', '', 0, 1, '2020-02-18 11:27:49', 9, '190.130.88.9', NULL, NULL, NULL),
(751, 4, 81, 135, 'S', 'S', 'DT346', '', 0, 1, '2020-02-18 11:28:36', 9, '190.130.88.9', NULL, NULL, NULL),
(752, 4, 81, 135, 'S', 'S', 'DT347', '', 0, 1, '2020-02-18 11:30:23', 9, '190.130.88.9', NULL, NULL, NULL),
(753, 4, 81, 135, 'S', 'S', 'DT348', '', 0, 1, '2020-02-18 11:31:18', 9, '190.130.88.9', NULL, NULL, NULL),
(754, 4, 81, 135, 'S', 'S', 'DT350', '', 0, 1, '2020-02-18 11:37:40', 9, '190.130.88.9', NULL, NULL, NULL),
(755, 4, 81, 135, 'S', 'S', 'DT351', '', 0, 1, '2020-02-18 11:38:35', 9, '190.130.88.9', NULL, NULL, NULL),
(756, 4, 81, 135, 'S', 'S', 'DT412', '', 0, 1, '2020-02-18 11:40:13', 9, '190.130.88.9', NULL, NULL, NULL),
(757, 4, 81, 135, 'S', 'S', 'DT413', '', 0, 1, '2020-02-18 11:41:01', 9, '190.130.88.9', NULL, NULL, NULL),
(758, 4, 81, 135, 'S', 'S', 'DT414', '', 0, 1, '2020-02-18 11:42:03', 9, '190.130.88.9', NULL, NULL, NULL),
(759, 4, 81, 135, 'S', 'S', 'DT415', '', 0, 1, '2020-02-18 11:42:49', 9, '190.130.88.9', NULL, NULL, NULL),
(760, 4, 81, 135, 'S', 'S', 'DT416', '', 0, 1, '2020-02-18 11:43:43', 9, '190.130.88.9', NULL, NULL, NULL),
(761, 4, 81, 135, 'S', 'S', 'DT417', '', 0, 1, '2020-02-18 11:46:22', 9, '190.130.88.9', NULL, NULL, NULL),
(762, 4, 81, 135, 'S', 'S', 'DT418', '', 0, 1, '2020-02-18 11:46:59', 9, '190.130.88.9', NULL, NULL, NULL),
(763, 4, 81, 135, 'S', 'S', 'DT419', '', 0, 1, '2020-02-18 11:49:01', 9, '190.130.88.9', NULL, NULL, NULL),
(764, 4, 81, 135, 'S', 'S', 'DT420', '', 0, 1, '2020-02-18 11:49:49', 9, '190.130.88.9', NULL, NULL, NULL),
(765, 4, 81, 135, 'S', 'S', 'DT421', '', 0, 1, '2020-02-18 11:50:37', 9, '190.130.88.9', NULL, NULL, NULL),
(766, 4, 81, 135, 'S', 'S', 'DT422', '', 0, 1, '2020-02-18 11:51:22', 9, '190.130.88.9', NULL, NULL, NULL),
(767, 4, 81, 135, 'S', 'S', 'DT423', '', 0, 1, '2020-02-18 11:52:08', 9, '190.130.88.9', NULL, NULL, NULL),
(768, 4, 81, 135, 'S', 'S', 'DT424', '', 0, 1, '2020-02-18 11:52:53', 9, '190.130.88.9', NULL, NULL, NULL),
(769, 4, 81, 135, 'S', 'S', 'DT425', '', 0, 1, '2020-02-18 11:53:49', 9, '190.130.88.9', NULL, NULL, NULL),
(770, 4, 81, 135, 'S', 'S', 'DT426', '', 0, 1, '2020-02-18 11:54:59', 9, '190.130.88.9', NULL, NULL, NULL),
(771, 4, 81, 135, 'S', 'S', 'DT352', '', 0, 1, '2020-02-18 11:57:32', 9, '190.130.88.9', NULL, NULL, NULL),
(772, 4, 81, 135, 'S', 'S', 'DT353', '', 0, 1, '2020-02-18 11:58:24', 9, '190.130.88.9', NULL, NULL, NULL),
(773, 4, 81, 135, 'S', 'S', 'DT354', '', 0, 1, '2020-02-18 11:59:10', 9, '190.130.88.9', NULL, NULL, NULL),
(774, 4, 81, 135, 'S', 'S', 'DT355', '', 0, 1, '2020-02-18 11:59:53', 9, '190.130.88.9', NULL, NULL, NULL),
(775, 4, 81, 135, 'S', 'S', 'DT356', '', 0, 1, '2020-02-18 12:00:45', 9, '190.130.88.9', NULL, NULL, NULL),
(776, 4, 81, 135, 'S', 'S', 'DT357', '', 0, 1, '2020-02-18 12:02:58', 9, '190.130.88.9', NULL, NULL, NULL),
(777, 4, 81, 135, 'S', 'S', 'DT358', '', 0, 1, '2020-02-18 12:03:44', 9, '190.130.88.9', NULL, NULL, NULL),
(778, 4, 81, 135, 'S', 'S', 'DT359', '', 0, 1, '2020-02-18 12:04:26', 9, '190.130.88.9', NULL, NULL, NULL),
(779, 4, 81, 135, 'S', 'S', 'DT360', '', 0, 1, '2020-02-18 12:05:12', 9, '190.130.88.9', NULL, NULL, NULL),
(780, 4, 81, 135, 'S', 'S', 'DT361', '', 0, 1, '2020-02-18 12:06:02', 9, '190.130.88.9', NULL, NULL, NULL),
(781, 4, 81, 135, 'S', 'S', 'DT362', '', 0, 1, '2020-02-18 12:06:44', 9, '190.130.88.9', NULL, NULL, NULL),
(782, 4, 81, 135, 'S', 'S', 'DT363', '', 0, 1, '2020-02-18 12:07:28', 9, '190.130.88.9', NULL, NULL, NULL),
(783, 4, 81, 135, 'S', 'S', 'DT364', '', 0, 1, '2020-02-18 12:08:08', 9, '190.130.88.9', NULL, NULL, NULL),
(784, 4, 81, 135, 'S', 'S', 'DT365', '', 0, 1, '2020-02-18 12:09:10', 9, '190.130.88.9', NULL, NULL, NULL),
(785, 4, 81, 135, 'S', 'S', 'DT366', '', 0, 1, '2020-02-18 12:09:55', 9, '190.130.88.9', NULL, NULL, NULL),
(786, 4, 81, 135, 'S', 'S', 'DT367', '', 0, 1, '2020-02-18 12:10:43', 9, '190.130.88.9', NULL, NULL, NULL),
(787, 4, 81, 135, 'S', 'S', 'DT368', '', 0, 1, '2020-02-18 12:11:31', 9, '190.130.88.9', NULL, NULL, NULL),
(788, 4, 81, 135, 'S', 'S', 'DT370', '', 0, 1, '2020-02-18 12:12:32', 9, '190.130.88.9', NULL, NULL, NULL),
(789, 4, 81, 135, 'S', 'S', 'DT379', '', 0, 1, '2020-02-18 12:13:37', 9, '190.130.88.9', NULL, NULL, NULL),
(790, 4, 81, 135, 'S', 'S', 'DT380', '', 0, 1, '2020-02-18 12:14:24', 9, '190.130.88.9', NULL, NULL, NULL),
(791, 4, 81, 135, 'S', 'S', 'DT381', '', 0, 1, '2020-02-18 12:15:11', 9, '190.130.88.9', NULL, NULL, NULL),
(792, 4, 81, 135, 'S', 'S', 'DT384', '', 0, 1, '2020-02-18 12:15:54', 9, '190.130.88.9', NULL, NULL, NULL),
(793, 4, 81, 135, 'S', 'S', 'WT397', '', 0, 1, '2020-02-18 12:18:35', 9, '190.130.88.9', NULL, NULL, NULL),
(794, 4, 81, 135, 'S', 'S', 'WT398', '', 0, 1, '2020-02-18 12:19:30', 9, '190.130.88.9', NULL, NULL, NULL),
(795, 4, 81, 135, 'S', 'S', 'WT399', '', 0, 1, '2020-02-18 12:20:27', 9, '190.130.88.9', NULL, NULL, NULL),
(796, 4, 81, 135, 'S', 'S', 'WT400', '', 0, 1, '2020-02-18 12:21:27', 9, '190.130.88.9', NULL, NULL, NULL),
(797, 4, 81, 135, 'S', 'S', 'WT400', '', 0, 1, '2020-02-18 13:04:11', 9, '190.130.88.9', NULL, NULL, NULL),
(798, 4, 81, 135, 'S', 'S', 'WT401', '', 0, 1, '2020-02-18 13:05:47', 9, '190.130.88.9', NULL, NULL, NULL),
(799, 4, 81, 135, 'S', 'S', 'WT402', '', 0, 1, '2020-02-18 13:06:42', 9, '190.130.88.9', NULL, NULL, NULL),
(800, 4, 81, 135, 'S', 'S', 'WT403', '', 0, 1, '2020-02-18 13:07:45', 9, '190.130.88.9', NULL, NULL, NULL),
(801, 4, 81, 135, 'S', 'S', 'WT404', '', 0, 1, '2020-02-18 13:08:38', 9, '190.130.88.9', NULL, NULL, NULL),
(802, 4, 81, 135, 'S', 'S', 'WT405', '', 0, 1, '2020-02-18 13:09:22', 9, '190.130.88.9', NULL, NULL, NULL),
(803, 4, 81, 135, 'S', 'S', 'WT406', '', 0, 1, '2020-02-18 13:10:25', 9, '190.130.88.9', NULL, NULL, NULL),
(804, 4, 81, 135, 'S', 'S', 'WT407', '', 0, 1, '2020-02-18 13:11:18', 9, '190.130.88.9', NULL, NULL, NULL),
(805, 4, 81, 182, 'S', 'S', 'DT516', '', 0, 1, '2020-02-18 13:19:16', 9, '190.130.88.9', NULL, NULL, NULL),
(806, 4, 81, 182, 'S', 'S', 'DT517', '', 0, 1, '2020-02-18 13:21:06', 9, '190.130.88.9', NULL, NULL, NULL),
(807, 4, 81, 182, 'S', 'S', 'DT518', '', 0, 1, '2020-02-18 13:22:17', 9, '190.130.88.9', NULL, NULL, NULL),
(808, 4, 81, 182, 'S', 'S', 'DT519', '', 0, 1, '2020-02-18 13:23:06', 9, '190.130.88.9', NULL, NULL, NULL),
(809, 4, 81, 182, 'S', 'S', 'DT520', '', 0, 1, '2020-02-18 13:24:24', 9, '190.130.88.9', NULL, NULL, NULL),
(810, 4, 81, 182, 'S', 'S', 'DT521', '', 0, 1, '2020-02-18 13:25:37', 9, '190.130.88.9', NULL, NULL, NULL),
(811, 4, 81, 182, 'S', 'S', 'DT522', '', 0, 1, '2020-02-18 13:26:34', 9, '190.130.88.9', NULL, NULL, NULL),
(812, 4, 81, 182, 'S', 'S', 'DT523', '', 0, 1, '2020-02-18 13:27:48', 9, '190.130.88.9', NULL, NULL, NULL),
(813, 4, 81, 182, 'S', 'S', 'DT524', '', 0, 1, '2020-02-18 13:28:51', 9, '190.130.88.9', NULL, NULL, NULL),
(814, 4, 81, 182, 'S', 'S', 'DT525', '', 0, 1, '2020-02-18 13:32:53', 9, '190.130.88.9', NULL, NULL, NULL),
(815, 4, 81, 182, 'S', 'S', 'DT311', '', 0, 1, '2020-02-18 13:38:31', 9, '190.130.88.9', NULL, NULL, NULL),
(816, 4, 81, 182, 'S', 'S', 'DT312', '', 0, 1, '2020-02-18 13:39:25', 9, '190.130.88.9', NULL, NULL, NULL),
(817, 4, 81, 182, 'S', 'S', 'DT313', '', 0, 1, '2020-02-18 13:40:22', 9, '190.130.88.9', NULL, NULL, NULL),
(818, 4, 81, 182, 'S', 'S', 'DT314', '', 0, 1, '2020-02-18 13:41:13', 9, '190.130.88.9', NULL, NULL, NULL),
(819, 4, 81, 182, 'S', 'S', 'DT315', '', 0, 1, '2020-02-18 13:42:05', 9, '190.130.88.9', NULL, NULL, NULL),
(820, 4, 81, 182, 'S', 'S', 'DT316', '', 0, 1, '2020-02-18 13:44:24', 9, '190.130.88.9', NULL, NULL, NULL),
(821, 4, 81, 182, 'S', 'S', 'DT317', '', 0, 1, '2020-02-18 13:45:10', 9, '190.130.88.9', NULL, NULL, NULL),
(822, 4, 81, 182, 'S', 'S', 'DT318', '', 0, 1, '2020-02-18 13:46:00', 9, '190.130.88.9', NULL, NULL, NULL),
(823, 4, 81, 182, 'S', 'S', 'DT319', '', 0, 1, '2020-02-18 13:46:41', 9, '190.130.88.9', NULL, NULL, NULL),
(824, 4, 81, 182, 'S', 'S', 'DT320', '', 0, 1, '2020-02-18 13:47:17', 9, '190.130.88.9', NULL, NULL, NULL),
(825, 4, 81, 182, 'S', 'S', 'DT321', '', 0, 1, '2020-02-18 13:47:56', 9, '190.130.88.9', NULL, NULL, NULL),
(826, 4, 81, 182, 'S', 'S', 'DT322', '', 0, 1, '2020-02-18 13:48:39', 9, '190.130.88.9', NULL, NULL, NULL),
(827, 4, 81, 182, 'S', 'S', 'DT323', '', 0, 1, '2020-02-18 13:49:29', 9, '190.130.88.9', NULL, NULL, NULL),
(828, 4, 81, 182, 'S', 'S', 'DT323', '', 0, 1, '2020-02-18 13:56:46', 9, '190.127.196.200', NULL, NULL, NULL),
(829, 4, 81, 182, 'S', 'S', 'DT324', '', 0, 1, '2020-02-18 13:57:37', 9, '190.127.196.200', NULL, NULL, NULL),
(830, 4, 81, 182, 'S', 'S', 'DT325', '', 0, 1, '2020-02-18 13:58:44', 9, '190.127.196.200', NULL, NULL, NULL),
(831, 4, 81, 182, 'S', 'S', 'DT326', '', 0, 1, '2020-02-18 14:01:14', 9, '190.127.196.200', NULL, NULL, NULL),
(832, 4, 81, 182, 'S', 'S', 'DT327', '', 0, 1, '2020-02-18 14:03:47', 9, '190.127.196.200', NULL, NULL, NULL),
(833, 4, 81, 182, 'S', 'S', 'DT328', '', 0, 1, '2020-02-18 14:05:05', 9, '190.127.196.200', NULL, NULL, NULL),
(834, 4, 81, 182, 'S', 'S', 'DT371', '', 0, 1, '2020-02-18 14:09:43', 9, '190.127.196.200', NULL, NULL, NULL),
(835, 4, 81, 182, 'S', 'S', 'DT372', '', 0, 1, '2020-02-18 14:10:38', 9, '190.127.196.200', NULL, NULL, NULL),
(836, 4, 81, 182, 'S', 'S', 'DT373', '', 0, 1, '2020-02-18 14:11:18', 9, '190.127.196.200', NULL, NULL, NULL),
(837, 4, 81, 182, 'S', 'S', 'DT374', '', 0, 1, '2020-02-18 14:12:06', 9, '190.127.196.200', NULL, NULL, NULL),
(838, 4, 81, 182, 'S', 'S', 'DT375', '', 0, 1, '2020-02-18 14:12:58', 9, '190.127.196.200', NULL, NULL, NULL),
(839, 4, 81, 182, 'S', 'S', 'DT376', '', 0, 1, '2020-02-18 14:15:06', 9, '190.127.196.200', NULL, NULL, NULL),
(840, 4, 81, 182, 'S', 'S', 'DT377', '', 0, 1, '2020-02-18 14:15:51', 9, '190.127.196.200', NULL, NULL, NULL),
(841, 4, 81, 182, 'S', 'S', 'DT382', '', 0, 1, '2020-02-18 14:16:41', 9, '190.127.196.200', NULL, NULL, NULL),
(842, 4, 81, 182, 'S', 'S', 'DT383', '', 0, 1, '2020-02-18 14:17:30', 9, '190.127.196.200', NULL, NULL, NULL),
(843, 4, 81, 182, 'S', 'S', 'DT349', '', 0, 1, '2020-02-18 14:18:35', 9, '190.127.196.200', NULL, NULL, NULL),
(844, 4, 81, 182, 'S', 'S', 'DT488', '', 0, 1, '2020-02-18 14:19:26', 9, '190.127.196.200', NULL, NULL, NULL),
(845, 4, 81, 192, 'S', 'S', 'DT404', '', 0, 1, '2020-02-18 14:27:48', 9, '190.127.196.200', NULL, NULL, NULL),
(846, 4, 81, 192, 'S', 'S', 'DT405', '', 0, 1, '2020-02-18 14:29:16', 9, '190.127.196.200', NULL, NULL, NULL),
(847, 4, 81, 192, 'S', 'S', 'DT406', '', 0, 1, '2020-02-18 14:30:38', 9, '190.127.196.200', NULL, NULL, NULL),
(848, 4, 81, 192, 'S', 'S', 'DT406', '', 0, 1, '2020-02-18 14:31:50', 9, '190.127.196.200', NULL, NULL, NULL),
(849, 4, 81, 192, 'S', 'S', 'DT407', '', 0, 1, '2020-02-18 14:32:32', 9, '190.127.196.200', NULL, NULL, NULL),
(850, 4, 81, 192, 'S', 'S', 'DT408', '', 0, 1, '2020-02-18 14:33:15', 9, '190.127.196.200', NULL, NULL, NULL),
(851, 4, 81, 192, 'S', 'S', 'DT409', '', 0, 1, '2020-02-18 14:33:51', 9, '190.127.196.200', NULL, NULL, NULL),
(852, 4, 81, 192, 'S', 'S', 'DT410', '', 0, 1, '2020-02-18 14:34:35', 9, '190.127.196.200', NULL, NULL, NULL),
(853, 4, 81, 192, 'S', 'S', 'DT411', '', 0, 1, '2020-02-18 14:35:16', 9, '190.127.196.200', NULL, NULL, NULL),
(854, 4, 81, 192, 'S', 'S', 'DT451', '', 0, 1, '2020-02-18 14:36:08', 9, '190.127.196.200', NULL, NULL, NULL),
(855, 4, 81, 192, 'S', 'S', 'DT452', '', 0, 1, '2020-02-18 14:36:55', 9, '190.127.196.200', NULL, NULL, NULL),
(856, 4, 81, 192, 'S', 'S', 'DT453', '', 0, 1, '2020-02-18 14:37:38', 9, '190.127.196.200', NULL, NULL, NULL),
(857, 4, 81, 192, 'S', 'S', 'DT454', '', 0, 1, '2020-02-18 14:38:38', 9, '190.127.196.200', NULL, NULL, NULL),
(858, 4, 81, 192, 'S', 'S', 'DT455', '', 0, 1, '2020-02-18 14:39:29', 9, '190.127.196.200', NULL, NULL, NULL),
(859, 4, 81, 192, 'S', 'S', 'DT456', '', 0, 1, '2020-02-18 14:42:14', 9, '190.127.196.200', NULL, NULL, NULL),
(860, 4, 81, 192, 'S', 'S', 'DT457', '', 0, 1, '2020-02-18 14:47:35', 9, '190.127.196.200', NULL, NULL, NULL),
(861, 4, 81, 192, 'S', 'S', 'DT458', '', 0, 1, '2020-02-18 14:48:46', 9, '190.127.196.200', NULL, NULL, NULL),
(862, 4, 81, 192, 'S', 'S', 'DT459', '', 0, 1, '2020-02-18 14:49:32', 9, '190.127.196.200', NULL, NULL, NULL),
(863, 4, 81, 192, 'S', 'S', 'DT460', '', 0, 1, '2020-02-18 14:50:21', 9, '190.127.196.200', NULL, NULL, NULL),
(864, 4, 81, 191, 'S', 'S', 'DT385', '', 0, 1, '2020-02-18 14:52:28', 9, '190.127.196.200', NULL, NULL, NULL),
(865, 4, 81, 191, 'S', 'S', 'DT386', '', 0, 1, '2020-02-18 14:53:18', 9, '190.127.196.200', NULL, NULL, NULL),
(866, 4, 81, 191, 'S', 'S', 'DT387', '', 0, 1, '2020-02-18 14:53:55', 9, '190.127.196.200', NULL, NULL, NULL),
(867, 4, 81, 191, 'S', 'S', 'DT388', '', 0, 1, '2020-02-18 14:54:32', 9, '190.127.196.200', NULL, NULL, NULL),
(868, 4, 81, 191, 'S', 'S', 'DT389', '', 0, 1, '2020-02-18 14:55:23', 9, '190.127.196.200', NULL, NULL, NULL),
(869, 4, 81, 191, 'S', 'S', 'DT390', '', 0, 1, '2020-02-18 14:55:53', 9, '190.127.196.200', NULL, NULL, NULL);
INSERT INTO `tec_equipment` (`id`, `siteId`, `typeEquipamentId`, `idModel`, `extinctionSystem`, `detectionSystem`, `internalNumber`, `serial`, `horometer`, `edo_reg`, `fec_crea`, `usu_crea`, `ip_crea`, `fec_mod`, `usu_mod`, `ip_mod`) VALUES
(870, 4, 81, 191, 'S', 'S', 'DT391', '', 0, 1, '2020-02-18 14:56:28', 9, '190.127.196.200', NULL, NULL, NULL),
(871, 4, 81, 191, 'S', 'S', 'DT392', '', 0, 1, '2020-02-18 14:57:19', 9, '190.127.196.200', NULL, NULL, NULL),
(872, 4, 81, 191, 'S', 'S', 'DT393', '', 0, 1, '2020-02-18 14:58:04', 9, '190.127.196.200', NULL, NULL, NULL),
(873, 4, 81, 191, 'S', 'S', 'DT395', '', 0, 1, '2020-02-18 14:58:44', 9, '190.127.196.200', NULL, NULL, NULL),
(874, 4, 81, 191, 'S', 'S', 'DT396', '', 0, 1, '2020-02-18 14:59:44', 9, '190.127.196.200', NULL, NULL, NULL),
(875, 4, 81, 191, 'S', 'S', 'DT397', '', 0, 1, '2020-02-18 15:00:32', 9, '190.127.196.200', NULL, NULL, NULL),
(876, 4, 81, 191, 'S', 'S', 'DT398', '', 0, 1, '2020-02-18 15:01:14', 9, '190.127.196.200', NULL, NULL, NULL),
(877, 4, 81, 191, 'S', 'S', 'DT399', '', 0, 1, '2020-02-18 15:01:59', 9, '190.127.196.200', NULL, NULL, NULL),
(878, 4, 81, 191, 'S', 'S', 'DT400', '', 0, 1, '2020-02-18 15:02:44', 9, '190.127.196.200', NULL, NULL, NULL),
(879, 4, 81, 191, 'S', 'S', 'DT401', '', 0, 1, '2020-02-18 15:03:39', 9, '190.127.196.200', NULL, NULL, NULL),
(880, 4, 81, 191, 'S', 'S', 'DT402', '', 0, 1, '2020-02-18 15:04:22', 9, '190.127.196.200', NULL, NULL, NULL),
(881, 4, 81, 191, 'S', 'S', 'DT403', '', 0, 1, '2020-02-18 15:05:03', 9, '190.127.196.200', NULL, NULL, NULL),
(882, 4, 81, 191, 'S', 'S', 'DT461', '', 0, 1, '2020-02-18 15:05:45', 9, '190.127.196.200', NULL, NULL, NULL),
(883, 4, 81, 191, 'S', 'S', 'DT463', '', 0, 1, '2020-02-18 15:06:38', 9, '190.127.196.200', NULL, NULL, NULL),
(884, 4, 81, 191, 'S', 'S', 'DT462', '', 0, 1, '2020-02-18 15:07:21', 9, '190.127.196.200', NULL, NULL, NULL),
(885, 4, 90, 150, 'S', 'S', 'DB01', '', 0, 1, '2020-02-18 15:22:28', 9, '190.127.196.200', NULL, NULL, NULL),
(886, 4, 90, 189, 'S', 'S', 'T373', '', 0, 1, '2020-02-18 15:23:51', 9, '190.127.196.200', NULL, NULL, NULL),
(887, 4, 90, 189, 'S', 'S', 'T374', '', 0, 1, '2020-02-18 15:24:38', 9, '190.127.196.200', NULL, NULL, NULL),
(888, 4, 90, 189, 'S', 'S', 'T375', '', 0, 1, '2020-02-18 15:25:21', 9, '190.127.196.200', NULL, NULL, NULL),
(889, 4, 90, 189, 'S', 'S', 'T376', '', 0, 1, '2020-02-18 15:26:09', 9, '190.127.196.200', NULL, NULL, NULL),
(890, 4, 90, 176, 'S', 'S', 'T377', '', 0, 1, '2020-02-18 15:27:06', 9, '190.127.196.200', NULL, NULL, NULL),
(891, 4, 90, 176, 'S', 'S', 'T378', '', 0, 1, '2020-02-18 15:27:59', 9, '190.127.196.200', NULL, NULL, NULL),
(892, 4, 90, 176, 'S', 'S', 'T379', '', 0, 1, '2020-02-18 15:29:04', 9, '190.127.196.200', NULL, NULL, NULL),
(893, 4, 90, 176, 'S', 'S', 'T380', '', 0, 1, '2020-02-18 15:29:56', 9, '190.127.196.200', NULL, NULL, NULL),
(894, 4, 90, 176, 'S', 'S', 'T381', '', 0, 1, '2020-02-18 15:30:44', 9, '190.127.196.200', NULL, NULL, NULL),
(895, 4, 90, 188, 'S', 'S', 'T384', '', 0, 1, '2020-02-18 15:31:45', 9, '190.127.196.200', NULL, NULL, NULL),
(896, 4, 90, 188, 'S', 'S', 'T385', '', 0, 1, '2020-02-18 15:32:35', 9, '190.127.196.200', NULL, NULL, NULL),
(897, 4, 90, 188, 'S', 'S', 'T386', '', 0, 1, '2020-02-18 15:33:16', 9, '190.127.196.200', NULL, NULL, NULL),
(898, 4, 90, 189, 'S', 'S', 'T387', '', 0, 1, '2020-02-18 15:34:08', 9, '190.127.196.200', NULL, NULL, NULL),
(899, 4, 90, 189, 'S', 'S', 'T388', '', 0, 1, '2020-02-18 15:35:03', 9, '190.127.196.200', NULL, NULL, NULL),
(900, 4, 90, 189, 'S', 'S', 'T389', '', 0, 1, '2020-02-18 15:35:48', 9, '190.127.196.200', NULL, NULL, NULL),
(901, 4, 90, 189, 'S', 'S', 'T390', '', 0, 1, '2020-02-18 15:36:28', 9, '190.127.196.200', NULL, NULL, NULL),
(902, 4, 90, 176, 'S', 'S', 'T391', '', 0, 1, '2020-02-18 15:37:40', 9, '190.127.196.200', NULL, NULL, NULL),
(903, 4, 90, 176, 'S', 'S', 'T392', '', 0, 1, '2020-02-18 15:38:26', 9, '190.127.196.200', NULL, NULL, NULL),
(904, 4, 90, 189, 'S', 'S', 'T394', '', 0, 1, '2020-02-18 15:40:55', 9, '190.127.196.200', NULL, NULL, NULL),
(905, 4, 90, 176, 'S', 'S', 'T395', '', 0, 1, '2020-02-18 15:42:11', 9, '190.127.196.200', NULL, NULL, NULL),
(906, 4, 90, 176, 'S', 'S', 'T393', '', 0, 1, '2020-02-18 15:44:15', 9, '190.127.196.200', NULL, NULL, NULL),
(907, 4, 90, 176, 'S', 'S', 'T395', '', 0, 1, '2020-02-18 15:45:24', 9, '190.127.196.200', NULL, NULL, NULL),
(908, 4, 90, 176, 'S', 'S', 'T396', '', 0, 1, '2020-02-18 15:46:36', 9, '190.127.196.200', NULL, NULL, NULL),
(909, 4, 90, 176, 'S', 'S', 'T397', '', 0, 1, '2020-02-18 15:47:26', 9, '190.127.196.200', NULL, NULL, NULL),
(910, 4, 90, 176, 'S', 'S', 'T398', '', 0, 1, '2020-02-18 15:48:15', 9, '190.127.196.200', NULL, NULL, NULL),
(911, 4, 90, 188, 'S', 'S', 'T399', '', 0, 1, '2020-02-18 15:49:39', 9, '190.127.196.200', NULL, NULL, NULL),
(912, 4, 90, 188, 'S', 'S', 'T400', '', 0, 1, '2020-02-18 15:50:26', 9, '190.127.196.200', NULL, NULL, NULL),
(913, 4, 90, 188, 'S', 'S', 'T401', '', 0, 1, '2020-02-18 15:51:07', 9, '190.127.196.200', NULL, NULL, NULL),
(914, 4, 90, 188, 'S', 'S', 'T402', '', 0, 1, '2020-02-18 15:51:54', 9, '190.127.196.200', NULL, NULL, NULL),
(915, 4, 90, 188, 'S', 'S', 'T403', '', 0, 1, '2020-02-18 15:52:38', 9, '190.127.196.200', NULL, NULL, NULL),
(916, 4, 90, 188, 'S', 'S', 'T404', '', 0, 1, '2020-02-18 15:53:17', 9, '190.127.196.200', NULL, NULL, NULL),
(917, 4, 90, 188, 'S', 'S', 'T405', '', 0, 1, '2020-02-18 15:53:59', 9, '190.127.196.200', NULL, NULL, NULL),
(918, 4, 90, 188, 'S', 'S', 'T406', '', 0, 1, '2020-02-18 15:54:48', 9, '190.127.196.200', NULL, NULL, NULL),
(919, 4, 90, 188, 'S', 'S', 'T407', '', 0, 1, '2020-02-18 15:55:33', 9, '190.127.196.200', NULL, NULL, NULL),
(920, 4, 90, 188, 'S', 'S', 'T408', '', 0, 1, '2020-02-18 15:56:12', 9, '190.127.196.200', NULL, NULL, NULL),
(921, 4, 90, 188, 'S', 'S', 'T409', '', 0, 1, '2020-02-18 15:56:53', 9, '190.127.196.200', NULL, NULL, NULL),
(922, 4, 90, 188, 'S', 'S', 'T410', '', 0, 1, '2020-02-18 15:57:31', 9, '190.127.196.200', NULL, NULL, NULL),
(923, 4, 90, 188, 'S', 'S', 'T411', '', 0, 1, '2020-02-18 15:58:07', 9, '190.127.196.200', NULL, NULL, NULL),
(924, 4, 90, 188, 'S', 'S', 'T412', '', 0, 1, '2020-02-18 15:58:51', 9, '190.127.196.200', NULL, NULL, NULL),
(925, 4, 90, 188, 'S', 'S', 'T413', '', 0, 1, '2020-02-18 15:59:31', 9, '190.127.196.200', NULL, NULL, NULL),
(926, 4, 90, 188, 'S', 'S', 'T414', '', 0, 1, '2020-02-18 16:00:20', 9, '190.127.196.200', NULL, NULL, NULL),
(927, 4, 90, 188, 'S', 'S', 'T415', '', 0, 1, '2020-02-18 16:01:11', 9, '190.127.196.200', NULL, NULL, NULL),
(928, 4, 90, 150, 'S', 'S', 'T416', '', 0, 1, '2020-02-18 16:02:03', 9, '190.127.196.200', NULL, NULL, NULL),
(929, 4, 90, 150, 'S', 'S', 'T417', '', 0, 1, '2020-02-18 16:02:51', 9, '190.127.196.200', NULL, NULL, NULL),
(930, 4, 90, 150, 'S', 'S', 'T418', '', 0, 1, '2020-02-18 16:03:32', 9, '190.127.196.200', NULL, NULL, NULL),
(931, 4, 90, 150, 'S', 'S', 'T419', '', 0, 1, '2020-02-18 16:04:16', 9, '190.127.196.200', NULL, NULL, NULL),
(932, 4, 90, 176, 'S', 'S', 'T420', '', 0, 1, '2020-02-18 16:05:19', 9, '190.127.196.200', NULL, NULL, NULL),
(933, 4, 90, 189, 'S', 'S', 'T421', '', 0, 1, '2020-02-18 16:06:13', 9, '190.127.196.200', NULL, NULL, NULL),
(934, 4, 90, 189, 'S', 'S', 'T422', '', 0, 1, '2020-02-18 16:07:06', 9, '190.127.196.200', NULL, NULL, NULL),
(935, 4, 90, 189, 'S', 'S', 'T423', '', 0, 1, '2020-02-18 16:07:49', 9, '190.127.196.200', NULL, NULL, NULL),
(936, 4, 90, 189, 'S', 'S', 'T424', '', 0, 1, '2020-02-18 16:08:47', 9, '190.127.196.200', NULL, NULL, NULL),
(937, 4, 90, 189, 'S', 'S', 'T425', '', 0, 1, '2020-02-18 16:09:34', 9, '190.127.196.200', NULL, NULL, NULL),
(938, 4, 90, 189, 'S', 'S', 'T426', '', 0, 1, '2020-02-18 16:10:19', 9, '190.127.196.200', NULL, NULL, NULL),
(939, 4, 101, 122, 'S', 'S', 'MG077', '', 0, 1, '2020-02-18 16:15:36', 9, '190.127.196.200', NULL, NULL, NULL),
(940, 4, 101, 122, 'S', 'S', 'MG364', '', 0, 1, '2020-02-18 16:16:29', 9, '190.127.196.200', NULL, NULL, NULL),
(941, 4, 101, 122, 'S', 'S', 'MG365', '', 0, 1, '2020-02-18 16:17:17', 9, '190.127.196.200', NULL, NULL, NULL),
(942, 4, 101, 122, 'S', 'S', 'MG366', '', 0, 1, '2020-02-18 16:18:12', 9, '190.127.196.200', NULL, NULL, NULL),
(943, 4, 101, 123, 'S', 'S', 'MG371', '', 0, 1, '2020-02-18 16:18:57', 9, '190.127.196.200', NULL, NULL, NULL),
(944, 4, 81, 186, 'S', 'S', 'AT300', '', 0, 1, '2020-02-18 16:22:31', 9, '190.127.196.200', NULL, NULL, NULL),
(945, 4, 81, 186, 'S', 'S', 'AT301', '', 0, 1, '2020-02-18 16:23:15', 9, '190.127.196.200', NULL, NULL, NULL),
(946, 4, 81, 186, 'S', 'S', 'AT302', '', 0, 1, '2020-02-18 16:23:55', 9, '190.127.196.200', NULL, NULL, NULL),
(947, 4, 81, 186, 'S', 'S', 'AT303', '', 0, 1, '2020-02-18 16:24:39', 9, '190.127.196.200', NULL, NULL, NULL),
(948, 4, 81, 186, 'S', 'S', 'AT304', '', 0, 1, '2020-02-18 16:28:51', 9, '190.127.196.200', NULL, NULL, NULL),
(949, 4, 81, 186, 'S', 'S', 'AT305', '', 0, 1, '2020-02-18 16:29:36', 9, '190.127.196.200', NULL, NULL, NULL),
(950, 4, 81, 186, 'S', 'S', 'AT306', '', 0, 1, '2020-02-18 16:30:25', 9, '190.127.196.200', NULL, NULL, NULL),
(951, 4, 81, 186, 'S', 'S', 'AT307', '', 0, 1, '2020-02-18 16:31:09', 9, '190.127.196.200', NULL, NULL, NULL),
(952, 4, 81, 187, 'S', 'S', 'LT306', '', 0, 1, '2020-02-18 16:33:02', 9, '190.127.196.200', NULL, NULL, NULL),
(953, 4, 81, 187, 'S', 'S', 'LT307', '', 0, 1, '2020-02-18 16:33:57', 9, '190.127.196.200', NULL, NULL, NULL),
(954, 4, 81, 187, 'S', 'S', 'LT308', '', 0, 1, '2020-02-18 16:34:37', 9, '190.127.196.200', NULL, NULL, NULL),
(955, 4, 81, 195, 'S', 'S', 'FT301', '', 0, 1, '2020-02-18 16:35:48', 9, '190.127.196.200', NULL, NULL, NULL),
(956, 4, 81, 195, 'S', 'S', 'FT302', '', 0, 1, '2020-02-18 16:36:40', 9, '190.127.196.200', NULL, NULL, NULL),
(957, 4, 81, 195, 'S', 'S', 'FT303', '', 0, 1, '2020-02-18 16:37:33', 9, '190.127.196.200', NULL, NULL, NULL),
(958, 4, 81, 195, 'S', 'S', 'FT304', '', 0, 1, '2020-02-18 16:38:22', 9, '190.127.196.200', NULL, NULL, NULL),
(959, 4, 81, 195, 'S', 'S', 'FT305', '', 0, 1, '2020-02-18 16:39:04', 9, '190.127.196.200', NULL, NULL, NULL),
(960, 4, 81, 186, 'S', 'S', 'WT304', '', 0, 1, '2020-02-18 16:40:20', 9, '190.127.196.200', NULL, NULL, NULL),
(961, 4, 104, 196, 'S', 'S', 'UP401', '', 0, 1, '2020-02-18 16:44:51', 9, '190.127.196.200', NULL, NULL, NULL),
(962, 4, 104, 196, 'S', 'S', 'UP402', '', 0, 1, '2020-02-18 16:45:42', 9, '190.127.196.200', NULL, NULL, NULL),
(963, 4, 104, 196, 'S', 'S', 'UP403', '', 0, 1, '2020-02-18 16:46:29', 9, '190.127.196.200', NULL, NULL, NULL),
(964, 4, 104, 196, 'S', 'S', 'UP404', '', 0, 1, '2020-02-18 16:47:15', 9, '190.127.196.200', NULL, NULL, NULL),
(965, 4, 104, 196, 'S', 'S', 'UP405', '', 0, 1, '2020-02-18 16:48:08', 9, '190.127.196.200', NULL, NULL, NULL),
(966, 4, 104, 196, 'S', 'S', 'UP406', '', 0, 1, '2020-02-18 16:48:59', 9, '190.127.196.200', NULL, NULL, NULL),
(967, 4, 101, 123, 'S', 'S', 'MG373', '', 0, 1, '2020-02-18 16:51:53', 9, '190.127.196.200', NULL, NULL, NULL),
(968, 4, 101, 124, 'S', 'S', 'MG375', '', 0, 1, '2020-02-18 16:53:04', 9, '190.127.196.200', NULL, NULL, NULL),
(969, 4, 101, 124, 'S', 'S', 'MG376', '', 0, 1, '2020-02-18 16:54:07', 9, '190.127.196.200', NULL, NULL, NULL),
(970, 4, 101, 124, 'S', 'S', 'MG378', '', 0, 1, '2020-02-18 16:55:09', 9, '190.127.196.200', NULL, NULL, NULL),
(971, 4, 101, 124, 'S', 'S', 'MG379', '', 0, 1, '2020-02-18 16:56:04', 9, '190.127.196.200', NULL, NULL, NULL),
(972, 4, 101, 124, 'S', 'S', 'MG380', '', 0, 1, '2020-02-18 16:57:03', 9, '190.127.196.200', NULL, NULL, NULL),
(973, 4, 101, 124, 'S', 'S', 'MG381', '', 0, 1, '2020-02-18 16:58:02', 9, '190.127.196.200', NULL, NULL, NULL),
(974, 4, 101, 125, 'S', 'S', 'MG382', '', 0, 1, '2020-02-18 16:59:11', 9, '190.127.196.200', NULL, NULL, NULL),
(975, 4, 101, 125, 'S', 'S', 'MG383', '', 0, 1, '2020-02-18 17:00:06', 9, '190.127.196.200', NULL, NULL, NULL),
(976, 4, 101, 125, 'S', 'S', 'MG384', '', 0, 1, '2020-02-18 17:01:10', 9, '190.127.196.200', NULL, NULL, NULL),
(977, 4, 101, 125, 'S', 'S', 'MG385', '', 0, 1, '2020-02-18 17:02:01', 9, '190.127.196.200', NULL, NULL, NULL),
(978, 4, 106, 183, 'S', 'S', 'WD388', '', 0, 1, '2020-02-18 17:06:34', 9, '190.127.196.200', NULL, NULL, NULL),
(979, 4, 106, 183, 'S', 'S', 'WD389', '', 0, 1, '2020-02-18 17:07:41', 9, '190.127.196.200', NULL, NULL, NULL),
(980, 4, 106, 183, 'S', 'S', 'WD390', '', 0, 1, '2020-02-18 17:09:19', 9, '190.127.196.200', NULL, NULL, NULL),
(981, 4, 106, 184, 'S', 'S', 'WD391', '', 0, 1, '2020-02-18 17:10:29', 9, '190.127.196.200', NULL, NULL, NULL),
(982, 4, 106, 183, 'S', 'S', 'WD392', '', 0, 1, '2020-02-18 17:11:45', 9, '190.127.196.200', NULL, NULL, NULL),
(983, 4, 106, 183, 'S', 'S', 'WD404', '', 0, 1, '2020-02-18 17:12:58', 9, '190.127.196.200', NULL, NULL, NULL),
(984, 4, 93, 185, 'S', 'S', 'WL394', '', 0, 1, '2020-02-18 17:16:12', 9, '190.127.196.200', NULL, NULL, NULL),
(985, 4, 93, 147, 'S', 'S', 'WL399', '', 0, 1, '2020-02-18 17:17:46', 9, '190.127.196.200', NULL, NULL, NULL),
(986, 4, 93, 185, 'S', 'S', 'WL400', '', 0, 1, '2020-02-18 17:19:14', 9, '190.127.196.200', NULL, NULL, NULL),
(987, 4, 93, 147, 'S', 'S', 'WL401', '', 0, 1, '2020-02-18 17:20:13', 9, '190.127.196.200', NULL, NULL, NULL),
(988, 4, 93, 147, 'S', 'S', 'WL402', '', 0, 1, '2020-02-18 17:21:24', 9, '190.127.196.200', NULL, NULL, NULL),
(989, 4, 93, 147, 'S', 'S', 'WL406', '', 0, 1, '2020-02-18 17:22:25', 9, '190.127.196.200', NULL, NULL, NULL),
(990, 4, 93, 185, 'S', 'S', 'WL407', '', 0, 1, '2020-02-18 17:23:27', 9, '190.127.196.200', NULL, NULL, NULL),
(991, 4, 93, 185, 'S', 'S', 'WL408', '', 0, 1, '2020-02-18 17:24:46', 9, '190.127.196.200', NULL, NULL, NULL),
(992, 4, 103, 190, 'S', 'S', 'EH385', '', 0, 1, '2020-02-18 17:28:33', 9, '190.127.196.200', NULL, NULL, NULL),
(993, 4, 103, 190, 'S', 'S', 'EH386', '', 0, 1, '2020-02-18 17:29:31', 9, '190.127.196.200', NULL, NULL, NULL),
(994, 4, 102, 155, 'S', 'S', 'EH377', '', 0, 1, '2020-02-18 17:32:19', 9, '190.127.196.200', NULL, NULL, NULL),
(995, 4, 102, 155, 'S', 'S', 'EH381', '', 0, 1, '2020-02-18 17:34:02', 9, '190.127.196.200', NULL, NULL, NULL),
(996, 4, 102, 193, 'S', 'S', 'EH382', '', 0, 1, '2020-02-18 17:35:25', 9, '190.127.196.200', NULL, NULL, NULL),
(997, 4, 102, 193, 'S', 'S', 'EH383', '', 0, 1, '2020-02-18 17:36:31', 9, '190.127.196.200', NULL, NULL, NULL),
(998, 4, 102, 193, 'S', 'S', 'EH384', '', 0, 1, '2020-02-18 17:37:31', 9, '190.127.196.200', NULL, NULL, NULL),
(999, 4, 103, 190, 'S', 'S', 'EH375', '', 0, 1, '2020-02-18 17:39:37', 9, '190.127.196.200', NULL, NULL, NULL),
(1000, 4, 102, 155, 'S', 'S', 'EH350', '', 0, 1, '2020-02-18 17:44:11', 9, '190.127.196.200', NULL, NULL, NULL),
(1001, 4, 102, 155, 'S', 'S', 'EH351', '', 0, 1, '2020-02-18 17:45:26', 9, '190.127.196.200', NULL, NULL, NULL),
(1002, 4, 102, 155, 'S', 'S', 'EH352', '', 0, 1, '2020-02-18 17:46:42', 9, '190.127.196.200', NULL, NULL, NULL),
(1003, 4, 102, 155, 'S', 'S', 'EH353', '', 0, 1, '2020-02-18 17:47:34', 9, '190.127.196.200', NULL, NULL, NULL),
(1004, 4, 102, 155, 'S', 'S', 'EH354', '', 0, 1, '2020-02-18 17:48:29', 9, '190.127.196.200', NULL, NULL, NULL),
(1005, 4, 102, 155, 'S', 'S', 'EH404', '', 0, 1, '2020-02-18 17:49:26', 9, '190.127.196.200', NULL, NULL, NULL),
(1006, 4, 102, 155, 'S', 'S', 'EH405', '', 0, 1, '2020-02-18 17:50:09', 9, '190.127.196.200', NULL, NULL, NULL),
(1007, 4, 102, 155, 'S', 'S', 'EH406', '', 0, 1, '2020-02-18 17:50:59', 9, '190.127.196.200', NULL, NULL, NULL),
(1008, 4, 102, 155, 'S', 'S', 'EH409', '', 0, 1, '2020-02-18 17:51:47', 9, '190.127.196.200', NULL, NULL, NULL),
(1009, 4, 102, 155, 'S', 'S', 'EH410', '', 0, 1, '2020-02-18 17:52:35', 9, '190.127.196.200', NULL, NULL, NULL),
(1010, 4, 102, 155, 'S', 'S', 'EH411', '', 0, 1, '2020-02-18 17:53:34', 9, '190.127.196.200', NULL, NULL, NULL),
(1011, 4, 102, 155, 'S', 'S', 'EH411', '', 0, 1, '2020-02-19 09:21:04', 2, '190.131.219.246', NULL, NULL, NULL),
(1012, 3, 93, 100, 'S', 'S', '7359', '', 0, 1, '2020-02-19 15:36:49', 3, '186.169.128.3', NULL, NULL, NULL),
(1013, 3, 93, 100, 'S', 'S', '7360', '', 0, 1, '2020-02-19 15:38:12', 3, '186.169.128.3', NULL, NULL, NULL),
(1014, 3, 93, 146, 'S', 'S', '7050', '', 0, 1, '2020-02-19 15:39:08', 3, '186.169.128.3', NULL, NULL, NULL),
(1015, 3, 81, 175, 'S', 'S', '2325', '', 0, 1, '2020-02-19 15:39:44', 3, '186.169.128.3', NULL, NULL, NULL),
(1016, 3, 81, 175, 'S', 'S', '2326', '', 0, 1, '2020-02-19 15:40:17', 3, '186.169.128.3', NULL, NULL, NULL),
(1017, 3, 90, 153, 'S', 'S', '5693', '', 0, 1, '2020-02-19 15:51:50', 3, '186.169.140.58', NULL, NULL, NULL),
(1018, 3, 90, 176, 'S', 'S', '5076', '', 0, 1, '2020-02-19 15:54:16', 3, '186.169.140.58', NULL, NULL, NULL),
(1019, 3, 90, 176, 'S', 'S', '5078', '', 0, 1, '2020-02-19 15:54:47', 3, '186.169.140.58', NULL, NULL, NULL),
(1020, 3, 90, 176, 'S', 'S', '5197', '', 0, 1, '2020-02-19 15:55:34', 3, '186.169.140.58', NULL, NULL, NULL),
(1021, 3, 90, 176, 'S', 'S', '5654', '', 0, 1, '2020-02-19 15:56:04', 3, '186.169.140.58', NULL, NULL, NULL),
(1022, 3, 103, 171, 'S', 'N', '6228', '', 0, 1, '2020-02-19 15:56:56', 3, '186.169.140.58', NULL, NULL, NULL),
(1023, 3, 105, 175, 'S', 'S', '2393', '', 0, 1, '2020-02-19 15:57:27', 3, '186.169.140.58', NULL, NULL, NULL),
(1024, 3, 105, 172, 'S', 'S', '2118', '', 0, 1, '2020-02-19 15:58:48', 3, '186.169.140.58', NULL, NULL, NULL),
(1025, 3, 105, 174, 'S', 'S', '2142', '', 0, 1, '2020-02-19 16:00:05', 3, '186.169.140.58', NULL, NULL, NULL),
(1026, 5, 81, 201, 'S', 'S', 'DT456', 'dfbebd', 0, 0, '2020-02-19 17:05:45', 10, '190.243.140.97', NULL, NULL, NULL);

-- --------------------------------------------------------

--
-- Table structure for table `tec_equip_compos`
--

CREATE TABLE `tec_equip_compos` (
  `idEquip` int(10) UNSIGNED NOT NULL,
  `idCompo` int(10) UNSIGNED NOT NULL,
  `edo_reg` int(10) UNSIGNED NOT NULL COMMENT 'Estado del registro (0 desmontado, 1, activo, 2 asignado)',
  `fec_crea` datetime NOT NULL COMMENT 'Fecha de creaci¢n del registro',
  `usu_crea` int(10) UNSIGNED NOT NULL COMMENT 'Usuario que crea el registro',
  `ip_crea` varchar(15) NOT NULL COMMENT 'Ip de donde se crea el registro',
  `fec_mod` datetime DEFAULT NULL COMMENT 'Fecha de modificaci¢n del registro',
  `usu_mod` int(10) UNSIGNED DEFAULT NULL COMMENT 'Usuario que modifica el art¡culo',
  `ip_mod` varchar(15) DEFAULT NULL COMMENT 'Ip de donde se modifica el registro'
) ENGINE=InnoDB DEFAULT CHARSET=latin1;

--
-- Dumping data for table `tec_equip_compos`
--

INSERT INTO `tec_equip_compos` (`idEquip`, `idCompo`, `edo_reg`, `fec_crea`, `usu_crea`, `ip_crea`, `fec_mod`, `usu_mod`, `ip_mod`) VALUES
(1, 1, 1, '2020-01-22 16:16:29', 2, '10.25.5.166', NULL, NULL, NULL),
(1, 2, 1, '2020-01-22 16:16:29', 2, '10.25.5.166', NULL, NULL, NULL),
(1, 3, 1, '2020-01-22 16:16:29', 2, '10.25.5.166', NULL, NULL, NULL),
(1, 4, 1, '2020-01-22 16:16:29', 2, '10.25.5.166', NULL, NULL, NULL),
(1, 5, 1, '2020-01-22 16:16:29', 2, '10.25.5.166', NULL, NULL, NULL),
(1, 6, 1, '2020-01-22 16:16:29', 2, '10.25.5.166', NULL, NULL, NULL),
(68, 9, 1, '2020-02-18 12:23:41', 2, '10.25.5.200', '2020-02-19 09:27:51', 2, '190.131.219.246'),
(68, 10, 1, '2020-02-18 12:23:41', 2, '10.25.5.200', '2020-02-19 09:27:51', 2, '190.131.219.246'),
(68, 11, 1, '2020-02-18 12:23:41', 2, '10.25.5.200', '2020-02-19 09:27:51', 2, '190.131.219.246'),
(68, 12, 1, '2020-02-18 12:23:41', 2, '10.25.5.200', '2020-02-19 09:27:51', 2, '190.131.219.246'),
(68, 13, 1, '2020-02-18 12:24:47', 2, '10.25.5.200', '2020-02-19 09:27:51', 2, '190.131.219.246'),
(68, 14, 1, '2020-02-18 12:24:47', 2, '10.25.5.200', '2020-02-19 09:27:51', 2, '190.131.219.246'),
(68, 15, 1, '2020-02-18 12:24:47', 2, '10.25.5.200', '2020-02-19 09:27:51', 2, '190.131.219.246'),
(68, 16, 1, '2020-02-18 12:24:47', 2, '10.25.5.200', '2020-02-19 09:27:51', 2, '190.131.219.246'),
(68, 17, 1, '2020-02-18 12:25:39', 2, '10.25.5.200', '2020-02-19 09:27:51', 2, '190.131.219.246'),
(68, 7, 0, '2020-02-18 14:01:37', 2, '190.131.219.246', '2020-02-18 16:06:40', 2, '10.25.5.200');

-- --------------------------------------------------------

--
-- Table structure for table `tec_equip_repos`
--

CREATE TABLE `tec_equip_repos` (
  `idEqRep` int(10) UNSIGNED NOT NULL,
  `idEquip` int(10) UNSIGNED NOT NULL,
  `idRepo` int(10) UNSIGNED NOT NULL,
  `repvalues` text NOT NULL,
  `edo_reg` int(10) UNSIGNED NOT NULL COMMENT 'Estado del registro (0 desmontado, 1, activo, 2 asignado)',
  `fec_crea` datetime NOT NULL COMMENT 'Fecha de creaci¢n del registro',
  `usu_crea` int(10) UNSIGNED NOT NULL COMMENT 'Usuario que crea el registro',
  `ip_crea` varchar(15) NOT NULL COMMENT 'Ip de donde se crea el registro',
  `fec_mod` datetime DEFAULT NULL COMMENT 'Fecha de modificaci¢n del registro',
  `usu_mod` int(10) UNSIGNED DEFAULT NULL COMMENT 'Usuario que modifica el art¡culo',
  `ip_mod` varchar(15) DEFAULT NULL COMMENT 'Ip de donde se modifica el registro'
) ENGINE=InnoDB DEFAULT CHARSET=latin1;

--
-- Dumping data for table `tec_equip_repos`
--

INSERT INTO `tec_equip_repos` (`idEqRep`, `idEquip`, `idRepo`, `repvalues`, `edo_reg`, `fec_crea`, `usu_crea`, `ip_crea`, `fec_mod`, `usu_mod`, `ip_mod`) VALUES
(1, 1, 3, '[{\"fld\":\"37\",\"val\":\"2020-01-21\"}]', 1, '2020-01-21 16:46:54', 2, '10.25.5.166', '2020-02-05 12:17:53', 5, '186.169.149.137'),
(2, 68, 3, '[{\"fld\":\"37\",\"val\":\"2019-11-12\"}]', 1, '2020-02-19 09:27:51', 2, '190.131.219.246', NULL, NULL, NULL);

-- --------------------------------------------------------

--
-- Table structure for table `tec_lists`
--

CREATE TABLE `tec_lists` (
  `id` int(10) UNSIGNED NOT NULL,
  `lstfather` int(10) UNSIGNED NOT NULL,
  `name` varchar(255) NOT NULL,
  `son` enum('S','N') NOT NULL,
  `edo_reg` int(10) UNSIGNED NOT NULL COMMENT 'Estado del registro',
  `fec_crea` datetime NOT NULL COMMENT 'Fecha de creación del registro',
  `usu_crea` int(10) UNSIGNED NOT NULL COMMENT 'Usuario que crea el registro',
  `ip_crea` varchar(15) NOT NULL COMMENT 'Ip de donde se crea el registro',
  `fec_mod` datetime DEFAULT NULL COMMENT 'Fecha de modificación del registro',
  `usu_mod` int(10) UNSIGNED DEFAULT NULL COMMENT 'Usuario que modifica el artículo',
  `ip_mod` varchar(15) DEFAULT NULL COMMENT 'Ip de donde se modifica el registro'
) ENGINE=InnoDB DEFAULT CHARSET=latin1;

--
-- Dumping data for table `tec_lists`
--

INSERT INTO `tec_lists` (`id`, `lstfather`, `name`, `son`, `edo_reg`, `fec_crea`, `usu_crea`, `ip_crea`, `fec_mod`, `usu_mod`, `ip_mod`) VALUES
(1, 0, 'Cargos', 'N', 1, '2019-10-30 02:52:33', 1, '::1', '2020-01-15 12:18:42', 2, '10.25.5.166'),
(2, 0, 'Marcas', 'N', 1, '2019-10-30 15:00:23', 1, '::1', '2020-02-04 15:49:47', 2, '74.87.123.162'),
(3, 2, 'Modelos', 'S', 1, '2019-10-30 15:02:25', 1, '::1', '2020-02-10 15:10:25', 2, '10.25.5.166'),
(4, 0, 'Familias', 'N', 1, '2019-11-12 01:45:31', 1, '::1', '2020-02-20 20:33:46', 2, '190.131.219.246'),
(5, 0, 'Categorías', 'N', 1, '2019-11-12 01:48:14', 1, '::1', '2020-02-20 20:33:26', 2, '190.131.219.246'),
(6, 0, 'Campos de control', 'N', 1, '2019-11-12 01:53:25', 1, '::1', '2020-02-10 18:25:02', 2, '10.25.5.166'),
(7, 0, 'Tipos de campo', 'N', 1, '2019-11-12 02:08:30', 1, '::1', '2019-11-12 03:06:48', 1, '::1'),
(8, 0, 'Turno', 'N', 1, '2019-11-25 11:59:14', 1, '::1', '2020-01-21 11:37:19', 2, '190.131.219.246'),
(9, 0, 'Grupos técnicos', 'N', 1, '2019-11-25 12:00:17', 1, '::1', '2020-01-31 11:25:09', 2, '10.25.5.166'),
(10, 0, 'Sistemas', 'N', 1, '2019-11-28 18:59:25', 1, '::1', NULL, NULL, NULL),
(11, 0, 'Flotas', 'N', 1, '2019-12-06 11:12:30', 1, '::1', '2020-01-31 10:21:57', 2, '10.25.5.166');

-- --------------------------------------------------------

--
-- Table structure for table `tec_locations`
--

CREATE TABLE `tec_locations` (
  `id` int(10) UNSIGNED NOT NULL,
  `siteId` int(10) UNSIGNED NOT NULL,
  `name` varchar(255) NOT NULL,
  `edo_reg` int(10) UNSIGNED NOT NULL COMMENT 'Estado del registro',
  `fec_crea` datetime NOT NULL COMMENT 'Fecha de creación del registro',
  `usu_crea` int(10) UNSIGNED NOT NULL COMMENT 'Usuario que crea el registro',
  `ip_crea` varchar(15) NOT NULL COMMENT 'Ip de donde se crea el registro',
  `fec_mod` datetime DEFAULT NULL COMMENT 'Fecha de modificación del registro',
  `usu_mod` int(10) UNSIGNED DEFAULT NULL COMMENT 'Usuario que modifica el artículo',
  `ip_mod` varchar(15) DEFAULT NULL COMMENT 'Ip de donde se modifica el registro'
) ENGINE=InnoDB DEFAULT CHARSET=latin1;

--
-- Dumping data for table `tec_locations`
--

INSERT INTO `tec_locations` (`id`, `siteId`, `name`, `edo_reg`, `fec_crea`, `usu_crea`, `ip_crea`, `fec_mod`, `usu_mod`, `ip_mod`) VALUES
(1, 2, 'TALLER 01', 1, '2020-02-18 16:03:06', 2, '190.84.118.95', NULL, NULL, NULL);

-- --------------------------------------------------------

--
-- Table structure for table `tec_options`
--

CREATE TABLE `tec_options` (
  `id` int(10) UNSIGNED NOT NULL COMMENT 'Id de la opción',
  `option` varchar(100) NOT NULL COMMENT 'Título de la opción',
  `file` text NOT NULL COMMENT 'Archivo que ejecuta la opción, normalmente es una vista.',
  `father` int(10) UNSIGNED NOT NULL COMMENT 'Padre de esta opción, si tiene valor 0 es el nivel más alto',
  `order` int(10) UNSIGNED NOT NULL COMMENT 'Estado de la opción',
  `icon` varchar(45) NOT NULL COMMENT 'Icono que identifica la opción',
  `edo_reg` int(10) UNSIGNED NOT NULL COMMENT 'Estado del registro',
  `usu_crea` int(10) UNSIGNED NOT NULL COMMENT 'Usuario que crea el registro',
  `fec_crea` datetime NOT NULL COMMENT 'Fecha en la que se crea el registro',
  `ip_crea` varchar(15) NOT NULL COMMENT 'Ip del equipo donde se crea el registro',
  `usu_mod` int(10) UNSIGNED DEFAULT NULL COMMENT 'Usuario que modifca el registro',
  `fec_mod` datetime DEFAULT NULL COMMENT 'Fecha en la que se modifica el registro',
  `ip_mod` varchar(15) DEFAULT NULL COMMENT 'Ip del equipo donde se modifica el registro'
) ENGINE=InnoDB DEFAULT CHARSET=utf8 COMMENT='Opciones del Software';

--
-- Dumping data for table `tec_options`
--

INSERT INTO `tec_options` (`id`, `option`, `file`, `father`, `order`, `icon`, `edo_reg`, `usu_crea`, `fec_crea`, `ip_crea`, `usu_mod`, `fec_mod`, `ip_mod`) VALUES
(1, 'Actividades', 'none', 0, 2, 'fa-list-alt', 1, 1, '2019-03-10 00:00:00', '127.0.0.1', NULL, NULL, NULL),
(2, 'Maestros', 'none', 0, 3, 'fa-pencil', 1, 1, '2019-03-10 00:00:00', '127.0.0.1', NULL, NULL, NULL),
(3, 'Configuraciones', 'none', 0, 4, 'fa-cogs', 1, 1, '2019-03-10 00:00:00', '127.0.0.1', NULL, NULL, NULL),
(4, 'Reportes', 'none', 0, 5, 'fa-line-chart', 0, 1, '2019-03-10 00:00:00', '127.0.0.1', NULL, NULL, NULL),
(5, 'Inspecciones', 'none', 1, 1, 'fa-check-circle-o', 1, 1, '2019-03-10 00:00:00', '127.0.0.1', NULL, NULL, NULL),
(6, 'Mantenimientos', 'mmtos', 1, 2, 'fa-check-circle-o', 1, 1, '2019-03-10 00:00:00', '127.0.0.1', NULL, NULL, NULL),
(7, 'Recargas', 'none', 1, 3, 'fa-check-circle-o', 1, 1, '2019-03-10 00:00:00', '127.0.0.1', NULL, NULL, NULL),
(8, 'Reinstalaciones', 'none', 1, 4, 'fa-check-circle-o', 1, 1, '2019-03-10 00:00:00', '127.0.0.1', NULL, NULL, NULL),
(9, 'Emergencias', 'none', 1, 5, 'fa-check-circle-o', 1, 1, '2019-03-10 00:00:00', '127.0.0.1', NULL, NULL, NULL),
(10, 'Listas', 'lists', 3, 1, 'fa-check-circle-o', 1, 1, '2019-03-10 00:00:00', '127.0.0.1', NULL, NULL, NULL),
(11, 'Partes y Servicios', 'parts', 3, 3, 'fa-check-circle-o', 1, 1, '2019-03-10 00:00:00', '127.0.0.1', NULL, NULL, NULL),
(12, 'Roles', 'roles', 3, 4, 'fa-check-circle-o', 1, 1, '2019-03-10 00:00:00', '127.0.0.1', NULL, NULL, NULL),
(13, 'Proyectos/Minas', 'sites', 2, 2, 'fa-check-circle-o', 1, 1, '2019-03-10 00:00:00', '127.0.0.1', NULL, NULL, NULL),
(14, 'Clientes', 'company', 2, 1, 'fa-check-circle-o', 1, 1, '2019-03-10 00:00:00', '127.0.0.1', NULL, NULL, NULL),
(15, 'Equipos', 'equipment', 2, 4, 'fa-check-circle-o', 1, 1, '2019-03-10 00:00:00', '127.0.0.1', NULL, NULL, NULL),
(16, 'Componentes', 'components', 2, 3, 'fa-check-circle-o', 1, 1, '2019-03-10 00:00:00', '127.0.0.1', NULL, NULL, NULL),
(17, 'Usuarios', 'usuarios', 3, 2, 'fa-check-circle-o', 1, 1, '2019-03-10 00:00:00', '127.0.0.1', NULL, NULL, NULL),
(18, 'Técnicos', 'techs', 2, 5, 'fa-check-circle-o', 1, 1, '2019-03-10 00:00:00', '127.0.0.1', NULL, NULL, NULL),
(19, 'Tipos componente', 'tpcomp', 3, 10, 'fa-check-circle-o', 0, 1, '2019-03-10 00:00:00', '127.0.0.1', NULL, NULL, NULL),
(20, 'Campos control', 'fldscomp', 3, 11, 'fa-check-circle-o', 0, 1, '2019-03-10 00:00:00', '127.0.0.1', NULL, NULL, NULL),
(21, 'Marcas', 'marcas', 3, 9, 'fa-check-circle-o', 0, 1, '2019-03-10 00:00:00', '127.0.0.1', NULL, NULL, NULL);

-- --------------------------------------------------------

--
-- Table structure for table `tec_paises`
--

CREATE TABLE `tec_paises` (
  `idpais` int(10) UNSIGNED NOT NULL COMMENT 'Id del país',
  `pais` varchar(45) NOT NULL COMMENT 'Nombre del país',
  `edo_reg` int(10) UNSIGNED NOT NULL COMMENT 'Estado del registro',
  `fec_crea` datetime NOT NULL COMMENT 'Fecha de creación del registro',
  `usu_crea` int(10) UNSIGNED NOT NULL COMMENT 'Usuario que crea el registro',
  `ip_crea` varchar(15) NOT NULL COMMENT 'Ip de donde se crea el registro',
  `fec_mod` datetime DEFAULT NULL COMMENT 'Fecha de modificación del registro',
  `usu_mod` int(10) UNSIGNED DEFAULT NULL COMMENT 'Usuario que modifica el artículo',
  `ip_mod` varchar(15) DEFAULT NULL COMMENT 'Ip de donde se modifica el registro'
) ENGINE=InnoDB DEFAULT CHARSET=latin1;

--
-- Dumping data for table `tec_paises`
--

INSERT INTO `tec_paises` (`idpais`, `pais`, `edo_reg`, `fec_crea`, `usu_crea`, `ip_crea`, `fec_mod`, `usu_mod`, `ip_mod`) VALUES
(1, 'COLOMBIA', 1, '2014-04-02 19:25:58', 1, '127.0.0.1', NULL, NULL, NULL),
(2, 'VENEZUELA', 1, '2014-07-07 20:14:44', 1, '127.0.0.1', NULL, NULL, NULL);

-- --------------------------------------------------------

--
-- Table structure for table `tec_parts`
--

CREATE TABLE `tec_parts` (
  `id` int(10) UNSIGNED NOT NULL,
  `idFamily` int(10) UNSIGNED NOT NULL,
  `idCategory` int(10) UNSIGNED NOT NULL,
  `partserv` enum('S','P','R') NOT NULL COMMENT '(S)ervicio, (P)arte, (R)epuesto',
  `partNum` varchar(45) NOT NULL,
  `value` double(10,2) UNSIGNED NOT NULL,
  `description` varchar(255) NOT NULL,
  `edo_reg` int(10) UNSIGNED NOT NULL COMMENT 'Estado del registro',
  `fec_crea` datetime NOT NULL COMMENT 'Fecha de creación del registro',
  `usu_crea` int(10) UNSIGNED NOT NULL COMMENT 'Usuario que crea el registro',
  `ip_crea` varchar(15) NOT NULL COMMENT 'Ip de donde se crea el registro',
  `fec_mod` datetime DEFAULT NULL COMMENT 'Fecha de modificación del registro',
  `usu_mod` int(10) UNSIGNED DEFAULT NULL COMMENT 'Usuario que modifica el artículo',
  `ip_mod` varchar(15) DEFAULT NULL COMMENT 'Ip de donde se modifica el registro'
) ENGINE=InnoDB DEFAULT CHARSET=latin1;

--
-- Dumping data for table `tec_parts`
--

INSERT INTO `tec_parts` (`id`, `idFamily`, `idCategory`, `partserv`, `partNum`, `value`, `description`, `edo_reg`, `fec_crea`, `usu_crea`, `ip_crea`, `fec_mod`, `usu_mod`, `ip_mod`) VALUES
(1, 17, 23, 'P', '29375', 463.02, 'Tanque LT-A-101-30', 1, '2020-01-20 18:07:37', 2, '10.25.5.166', '2020-02-20 10:17:14', 2, '::1'),
(2, 18, 25, 'P', '423491', 136.30, 'Cápsula de Barrido LT-A-101-30', 1, '2020-01-20 18:14:54', 2, '10.25.5.166', '2020-01-20 18:17:10', 2, '10.25.5.166'),
(3, 20, 63, 'R', '427308', 87.75, 'Batería para Módulo CHECKFIRE SC-N', 1, '2020-01-20 18:29:15', 2, '10.25.5.166', '2020-02-19 09:26:27', 2, '190.131.219.246'),
(4, 20, 75, 'P', '436026', 117.84, 'Protracting CHECKFIRE SC-N', 1, '2020-01-20 18:41:42', 2, '10.25.5.166', NULL, NULL, NULL),
(5, 19, 63, 'R', '062183', 150.00, 'Repuesto de prueba', 1, '2020-01-21 13:12:25', 2, '190.84.117.102', NULL, NULL, NULL),
(6, 20, 72, 'P', '423504', 1705.00, 'Módulo de Control CHECKFIRE SC-N', 1, '2020-02-10 18:03:27', 2, '10.25.5.166', '2020-02-18 12:22:01', 2, '10.25.5.200'),
(7, 22, 210, 'P', '13193', 39.45, 'Cápsula de Actuación LT-10-R', 1, '2020-02-10 18:08:46', 2, '10.25.5.166', '2020-02-10 18:10:58', 2, '10.25.5.166'),
(8, 17, 23, 'P', '427745', 3459.84, 'Tanque LT-A-101-125', 1, '2020-02-10 18:12:48', 2, '10.25.5.166', NULL, NULL, NULL),
(9, 17, 23, 'P', '427746', 6165.10, 'Tanque LT-A-101-250', 1, '2020-02-10 18:13:24', 2, '10.25.5.166', '2020-02-10 18:16:54', 2, '10.25.5.166'),
(10, 19, 23, 'P', '439361', 1933.99, 'Tanque LVS-10', 1, '2020-02-10 18:15:16', 2, '10.25.5.166', '2020-02-10 18:20:43', 2, '10.25.5.166'),
(11, 19, 23, 'P', '438775', 2970.27, 'Tanque LVS-15', 1, '2020-02-10 18:20:11', 2, '10.25.5.166', NULL, NULL, NULL),
(12, 19, 23, 'P', '438821', 3536.21, 'Tanque LVS-30', 1, '2020-02-10 18:21:55', 2, '10.25.5.166', NULL, NULL, NULL),
(13, 18, 25, 'P', '428060', 600.84, 'Cápsula de Barrido de 23 CUFT', 1, '2020-02-10 18:23:52', 2, '10.25.5.166', '2020-02-10 18:25:34', 2, '10.25.5.166'),
(14, 18, 25, 'P', '428061', 709.57, 'Cápsula de Barrido de 55 CUFT', 1, '2020-02-10 18:24:34', 2, '10.25.5.166', '2020-02-10 18:26:04', 2, '10.25.5.166'),
(15, 212, 72, 'P', '439561', 735.87, 'ICM CF210', 1, '2020-02-10 18:35:54', 2, '10.25.5.166', NULL, NULL, NULL),
(16, 212, 72, 'P', '439560', 284.74, 'Display CF-210', 1, '2020-02-10 18:36:48', 2, '10.25.5.166', NULL, NULL, NULL),
(17, 212, 75, 'P', '439448', 113.80, 'Protracting CF-210', 1, '2020-02-10 18:38:00', 2, '10.25.5.166', NULL, NULL, NULL),
(18, 212, 63, 'P', '440352', 64.49, 'Batería para Módulo CF-210', 1, '2020-02-10 18:39:07', 2, '10.25.5.166', '2020-02-18 14:03:22', 2, '190.131.219.246'),
(19, 214, 213, 'S', '0', 100.00, 'Hora hombre inspección', 1, '2020-02-20 20:04:45', 2, '::1', '2020-02-20 20:34:40', 2, '190.131.219.246');

-- --------------------------------------------------------

--
-- Table structure for table `tec_parts_flds`
--

CREATE TABLE `tec_parts_flds` (
  `id` int(10) UNSIGNED NOT NULL,
  `idPart` int(10) UNSIGNED NOT NULL,
  `idField` int(10) UNSIGNED NOT NULL,
  `idType` int(10) UNSIGNED NOT NULL,
  `edo_reg` int(10) UNSIGNED NOT NULL COMMENT 'Estado del registro',
  `fec_crea` datetime NOT NULL COMMENT 'Fecha de creación del registro',
  `usu_crea` int(10) UNSIGNED NOT NULL COMMENT 'Usuario que crea el registro',
  `ip_crea` varchar(15) NOT NULL COMMENT 'Ip de donde se crea el registro',
  `fec_mod` datetime DEFAULT NULL COMMENT 'Fecha de modificación del registro',
  `usu_mod` int(10) UNSIGNED DEFAULT NULL COMMENT 'Usuario que modifica el artículo',
  `ip_mod` varchar(15) DEFAULT NULL COMMENT 'Ip de donde se modifica el registro'
) ENGINE=InnoDB DEFAULT CHARSET=latin1;

--
-- Dumping data for table `tec_parts_flds`
--

INSERT INTO `tec_parts_flds` (`id`, `idPart`, `idField`, `idType`, `edo_reg`, `fec_crea`, `usu_crea`, `ip_crea`, `fec_mod`, `usu_mod`, `ip_mod`) VALUES
(1, 1, 33, 41, 1, '2020-01-20 18:13:02', 2, '10.25.5.166', '2020-02-20 10:17:14', 2, '::1'),
(2, 1, 31, 41, 1, '2020-01-20 18:13:02', 2, '10.25.5.166', '2020-02-20 10:17:14', 2, '::1'),
(3, 1, 32, 42, 1, '2020-01-20 18:13:02', 2, '10.25.5.166', '2020-02-20 10:17:14', 2, '::1'),
(4, 2, 34, 43, 1, '2020-01-20 18:17:10', 2, '10.25.5.166', NULL, NULL, NULL),
(5, 2, 32, 42, 1, '2020-01-20 18:17:10', 2, '10.25.5.166', NULL, NULL, NULL),
(6, 2, 36, 41, 1, '2020-01-20 18:17:10', 2, '10.25.5.166', NULL, NULL, NULL),
(7, 2, 35, 41, 1, '2020-01-20 18:17:10', 2, '10.25.5.166', NULL, NULL, NULL),
(8, 3, 37, 42, 1, '2020-01-20 18:30:48', 2, '10.25.5.166', '2020-02-19 09:26:27', 2, '190.131.219.246'),
(9, 4, 38, 42, 1, '2020-01-20 18:41:42', 2, '10.25.5.166', NULL, NULL, NULL),
(10, 5, 37, 42, 1, '2020-01-21 13:12:25', 2, '190.84.117.102', NULL, NULL, NULL),
(11, 7, 31, 41, 1, '2020-02-10 18:10:58', 2, '10.25.5.166', NULL, NULL, NULL),
(12, 7, 36, 41, 1, '2020-02-10 18:10:58', 2, '10.25.5.166', NULL, NULL, NULL),
(13, 7, 35, 41, 1, '2020-02-10 18:10:58', 2, '10.25.5.166', NULL, NULL, NULL),
(14, 8, 33, 41, 1, '2020-02-10 18:12:48', 2, '10.25.5.166', NULL, NULL, NULL),
(15, 8, 31, 41, 1, '2020-02-10 18:12:48', 2, '10.25.5.166', NULL, NULL, NULL),
(16, 8, 32, 42, 1, '2020-02-10 18:12:48', 2, '10.25.5.166', NULL, NULL, NULL),
(17, 10, 40, 41, 1, '2020-02-10 18:15:16', 2, '10.25.5.166', '2020-02-10 18:20:43', 2, '10.25.5.166'),
(18, 10, 31, 41, 1, '2020-02-10 18:15:16', 2, '10.25.5.166', '2020-02-10 18:20:43', 2, '10.25.5.166'),
(19, 10, 32, 42, 1, '2020-02-10 18:15:16', 2, '10.25.5.166', '2020-02-10 18:20:43', 2, '10.25.5.166'),
(20, 9, 33, 41, 1, '2020-02-10 18:16:54', 2, '10.25.5.166', NULL, NULL, NULL),
(21, 9, 31, 41, 1, '2020-02-10 18:16:54', 2, '10.25.5.166', NULL, NULL, NULL),
(22, 9, 32, 42, 1, '2020-02-10 18:16:54', 2, '10.25.5.166', NULL, NULL, NULL),
(23, 11, 40, 41, 1, '2020-02-10 18:20:11', 2, '10.25.5.166', NULL, NULL, NULL),
(24, 11, 31, 41, 1, '2020-02-10 18:20:11', 2, '10.25.5.166', NULL, NULL, NULL),
(25, 11, 32, 42, 1, '2020-02-10 18:20:11', 2, '10.25.5.166', NULL, NULL, NULL),
(26, 12, 40, 41, 1, '2020-02-10 18:21:55', 2, '10.25.5.166', NULL, NULL, NULL),
(27, 12, 31, 41, 1, '2020-02-10 18:21:55', 2, '10.25.5.166', NULL, NULL, NULL),
(28, 12, 32, 42, 1, '2020-02-10 18:21:55', 2, '10.25.5.166', NULL, NULL, NULL),
(29, 13, 32, 42, 1, '2020-02-10 18:23:52', 2, '10.25.5.166', '2020-02-10 18:25:34', 2, '10.25.5.166'),
(30, 14, 32, 42, 1, '2020-02-10 18:24:34', 2, '10.25.5.166', '2020-02-10 18:26:04', 2, '10.25.5.166'),
(31, 13, 211, 41, 1, '2020-02-10 18:25:34', 2, '10.25.5.166', NULL, NULL, NULL),
(32, 14, 211, 41, 1, '2020-02-10 18:26:04', 2, '10.25.5.166', NULL, NULL, NULL),
(33, 15, 34, 41, 1, '2020-02-10 18:35:54', 2, '10.25.5.166', NULL, NULL, NULL),
(34, 15, 37, 42, 1, '2020-02-10 18:35:54', 2, '10.25.5.166', NULL, NULL, NULL),
(35, 16, 34, 41, 1, '2020-02-10 18:36:48', 2, '10.25.5.166', NULL, NULL, NULL),
(36, 16, 37, 42, 1, '2020-02-10 18:36:48', 2, '10.25.5.166', NULL, NULL, NULL),
(37, 17, 38, 42, 1, '2020-02-10 18:38:00', 2, '10.25.5.166', NULL, NULL, NULL),
(38, 17, 37, 42, 1, '2020-02-10 18:38:00', 2, '10.25.5.166', NULL, NULL, NULL),
(39, 18, 37, 42, 1, '2020-02-10 18:39:07', 2, '10.25.5.166', '2020-02-18 14:03:22', 2, '190.131.219.246'),
(40, 6, 34, 43, 1, '2020-02-18 12:20:11', 2, '10.25.5.200', '2020-02-18 12:22:01', 2, '10.25.5.200'),
(41, 6, 37, 42, 1, '2020-02-18 12:20:11', 2, '10.25.5.200', '2020-02-18 12:22:01', 2, '10.25.5.200');

-- --------------------------------------------------------

--
-- Table structure for table `tec_parts_vals`
--

CREATE TABLE `tec_parts_vals` (
  `id` int(10) UNSIGNED NOT NULL,
  `idPart` int(10) UNSIGNED NOT NULL,
  `idProject` int(10) UNSIGNED NOT NULL,
  `value` double(10,2) UNSIGNED NOT NULL,
  `edo_reg` int(10) UNSIGNED NOT NULL COMMENT 'Estado del registro',
  `fec_crea` datetime NOT NULL COMMENT 'Fecha de creación del registro',
  `usu_crea` int(10) UNSIGNED NOT NULL COMMENT 'Usuario que crea el registro',
  `ip_crea` varchar(15) NOT NULL COMMENT 'Ip de donde se crea el registro',
  `fec_mod` datetime DEFAULT NULL COMMENT 'Fecha de modificación del registro',
  `usu_mod` int(10) UNSIGNED DEFAULT NULL COMMENT 'Usuario que modifica el artículo',
  `ip_mod` varchar(15) DEFAULT NULL COMMENT 'Ip de donde se modifica el registro'
) ENGINE=InnoDB DEFAULT CHARSET=latin1;

--
-- Dumping data for table `tec_parts_vals`
--

INSERT INTO `tec_parts_vals` (`id`, `idPart`, `idProject`, `value`, `edo_reg`, `fec_crea`, `usu_crea`, `ip_crea`, `fec_mod`, `usu_mod`, `ip_mod`) VALUES
(1, 1, 4, 532.34, 1, '2020-01-20 18:13:02', 2, '10.25.5.166', '2020-02-20 10:17:15', 2, '::1'),
(2, 1, 5, 532.34, 1, '2020-01-20 18:13:02', 2, '10.25.5.166', '2020-02-20 10:17:15', 2, '::1'),
(3, 1, 6, 463.02, 1, '2020-01-20 18:13:02', 2, '10.25.5.166', '2020-02-20 10:17:15', 2, '::1'),
(4, 1, 7, 463.02, 1, '2020-01-20 18:13:02', 2, '10.25.5.166', '2020-02-20 10:17:15', 2, '::1'),
(5, 1, 2, 463.02, 1, '2020-01-20 18:13:02', 2, '10.25.5.166', '2020-02-20 10:17:14', 2, '::1'),
(6, 1, 3, 463.02, 1, '2020-01-20 18:13:02', 2, '10.25.5.166', '2020-02-20 10:17:14', 2, '::1'),
(7, 2, 6, 136.30, 1, '2020-01-20 18:17:10', 2, '10.25.5.166', NULL, NULL, NULL),
(8, 2, 7, 136.30, 1, '2020-01-20 18:17:10', 2, '10.25.5.166', NULL, NULL, NULL),
(9, 2, 2, 136.30, 1, '2020-01-20 18:17:10', 2, '10.25.5.166', NULL, NULL, NULL),
(10, 2, 3, 136.30, 1, '2020-01-20 18:17:10', 2, '10.25.5.166', NULL, NULL, NULL),
(11, 2, 4, 164.96, 1, '2020-01-20 18:17:10', 2, '10.25.5.166', NULL, NULL, NULL),
(12, 2, 5, 164.96, 1, '2020-01-20 18:17:10', 2, '10.25.5.166', NULL, NULL, NULL),
(13, 3, 6, 87.75, 1, '2020-01-20 18:30:48', 2, '10.25.5.166', '2020-02-19 09:26:27', 2, '190.131.219.246'),
(14, 3, 7, 87.75, 1, '2020-01-20 18:30:49', 2, '10.25.5.166', '2020-02-19 09:26:27', 2, '190.131.219.246'),
(15, 3, 2, 87.75, 1, '2020-01-20 18:30:49', 2, '10.25.5.166', '2020-02-19 09:26:27', 2, '190.131.219.246'),
(16, 3, 3, 87.75, 1, '2020-01-20 18:30:49', 2, '10.25.5.166', '2020-02-19 09:26:27', 2, '190.131.219.246'),
(17, 3, 4, 111.66, 1, '2020-01-20 18:30:49', 2, '10.25.5.166', '2020-02-19 09:26:27', 2, '190.131.219.246'),
(18, 3, 5, 111.66, 1, '2020-01-20 18:30:49', 2, '10.25.5.166', '2020-02-19 09:26:27', 2, '190.131.219.246'),
(19, 4, 6, 117.84, 1, '2020-01-20 18:41:42', 2, '10.25.5.166', NULL, NULL, NULL),
(20, 4, 7, 117.84, 1, '2020-01-20 18:41:42', 2, '10.25.5.166', NULL, NULL, NULL),
(21, 4, 2, 117.84, 1, '2020-01-20 18:41:42', 2, '10.25.5.166', NULL, NULL, NULL),
(22, 4, 3, 117.84, 1, '2020-01-20 18:41:42', 2, '10.25.5.166', NULL, NULL, NULL),
(23, 4, 4, 136.65, 1, '2020-01-20 18:41:42', 2, '10.25.5.166', NULL, NULL, NULL),
(24, 4, 5, 136.65, 1, '2020-01-20 18:41:42', 2, '10.25.5.166', NULL, NULL, NULL),
(25, 6, 6, 1705.00, 1, '2020-02-10 18:03:27', 2, '10.25.5.166', '2020-02-18 12:22:01', 2, '10.25.5.200'),
(26, 6, 7, 1705.00, 1, '2020-02-10 18:03:27', 2, '10.25.5.166', '2020-02-18 12:22:01', 2, '10.25.5.200'),
(27, 6, 2, 1705.00, 1, '2020-02-10 18:03:27', 2, '10.25.5.166', '2020-02-18 12:22:01', 2, '10.25.5.200'),
(28, 6, 3, 1705.00, 1, '2020-02-10 18:03:27', 2, '10.25.5.166', '2020-02-18 12:22:01', 2, '10.25.5.200'),
(29, 6, 4, 1705.00, 1, '2020-02-10 18:03:27', 2, '10.25.5.166', '2020-02-18 12:22:01', 2, '10.25.5.200'),
(30, 6, 5, 1705.00, 1, '2020-02-10 18:03:27', 2, '10.25.5.166', '2020-02-18 12:22:01', 2, '10.25.5.200'),
(31, 7, 6, 39.45, 1, '2020-02-10 18:10:58', 2, '10.25.5.166', NULL, NULL, NULL),
(32, 7, 7, 39.45, 1, '2020-02-10 18:10:58', 2, '10.25.5.166', NULL, NULL, NULL),
(33, 7, 2, 39.45, 1, '2020-02-10 18:10:58', 2, '10.25.5.166', NULL, NULL, NULL),
(34, 7, 3, 39.45, 1, '2020-02-10 18:10:58', 2, '10.25.5.166', NULL, NULL, NULL),
(35, 7, 4, 39.45, 1, '2020-02-10 18:10:58', 2, '10.25.5.166', NULL, NULL, NULL),
(36, 7, 5, 39.45, 1, '2020-02-10 18:10:58', 2, '10.25.5.166', NULL, NULL, NULL),
(37, 7, 8, 39.45, 1, '2020-02-10 18:10:58', 2, '10.25.5.166', NULL, NULL, NULL),
(38, 18, 2, 100.00, 1, '2020-02-18 14:03:22', 2, '190.131.219.246', NULL, NULL, NULL),
(39, 19, 2, 150.00, 1, '2020-02-20 20:04:45', 2, '::1', '2020-02-20 20:34:40', 2, '190.131.219.246');

-- --------------------------------------------------------

--
-- Table structure for table `tec_perfs_opts`
--

CREATE TABLE `tec_perfs_opts` (
  `idrole` int(10) UNSIGNED NOT NULL COMMENT 'Cógido del cargo que tiene esta opción',
  `idoption` int(10) UNSIGNED NOT NULL COMMENT 'Código de la opción ligada a este cargo',
  `perm_add` enum('0','1') NOT NULL COMMENT 'Indica 0 si no tiene permiso y 1 si lo tiene (Ingresar registro)',
  `perm_upd` enum('0','1') NOT NULL COMMENT 'Indica 0 si no tiene permiso y 1 si lo tiene (Actualizar registro)',
  `perm_del` enum('0','1') NOT NULL COMMENT 'Indica 0 si no tiene permiso y 1 si lo tiene (Borrar registro)',
  `edo_reg` int(10) UNSIGNED NOT NULL COMMENT 'Estado del registro',
  `usu_crea` int(10) UNSIGNED NOT NULL COMMENT 'Usuario que creó el registro',
  `fec_crea` datetime NOT NULL COMMENT 'Fecha en la que se crea el registro',
  `ip_crea` varchar(15) NOT NULL COMMENT 'Ip de donde se crea el registro',
  `usu_mod` int(10) UNSIGNED DEFAULT NULL COMMENT 'Usuario que modifica el registro',
  `fec_mod` datetime DEFAULT NULL COMMENT 'Fecha en la que se modifica el registro',
  `ip_mod` varchar(15) DEFAULT NULL COMMENT 'Ip de donde se modifica el registro'
) ENGINE=InnoDB DEFAULT CHARSET=utf8 COMMENT='Relaciona los perfiles con las opciones y permisos de acción';

--
-- Dumping data for table `tec_perfs_opts`
--

INSERT INTO `tec_perfs_opts` (`idrole`, `idoption`, `perm_add`, `perm_upd`, `perm_del`, `edo_reg`, `usu_crea`, `fec_crea`, `ip_crea`, `usu_mod`, `fec_mod`, `ip_mod`) VALUES
(3, 2, '1', '1', '0', 1, 1, '2019-11-09 09:49:35', '::1', 2, '2020-01-15 16:05:00', NULL),
(3, 3, '1', '1', '0', 1, 1, '2019-11-10 11:24:21', '::1', 2, '2020-01-15 16:05:00', NULL),
(3, 15, '1', '1', '1', 1, 1, '2019-11-09 09:49:36', '::1', 2, '2020-01-15 16:05:00', NULL),
(3, 16, '1', '1', '1', 1, 1, '2019-11-09 09:49:36', '::1', 2, '2020-01-15 16:05:00', NULL),
(3, 18, '1', '1', '1', 1, 1, '2019-11-09 09:49:36', '::1', 2, '2020-01-15 16:05:00', NULL),
(4, 5, '1', '1', '1', 1, 1, '2019-12-11 11:11:38', '190.131.219.246', 1, '2019-12-11 11:24:19', NULL),
(4, 6, '1', '1', '1', 1, 1, '2019-12-11 11:23:10', '190.131.219.246', 1, '2019-12-11 11:24:19', NULL),
(4, 7, '1', '1', '1', 1, 1, '2019-12-11 11:24:19', '190.131.219.246', 1, '2019-12-11 11:24:19', NULL),
(4, 8, '1', '1', '1', 1, 1, '2019-12-11 11:24:19', '190.131.219.246', 1, '2019-12-11 11:24:19', NULL);

-- --------------------------------------------------------

--
-- Table structure for table `tec_roles`
--

CREATE TABLE `tec_roles` (
  `id` int(10) UNSIGNED NOT NULL COMMENT 'Id del perfil',
  `role` varchar(100) NOT NULL COMMENT 'Descripción del perfil',
  `edo_reg` int(10) UNSIGNED NOT NULL COMMENT 'Indica 1 si el registro está activo y 0 sino lo está',
  `usu_crea` int(10) UNSIGNED NOT NULL COMMENT 'Id del usuario que crea el registro',
  `fec_crea` datetime NOT NULL COMMENT 'Fecha de creación del registro',
  `ip_crea` varchar(15) NOT NULL COMMENT 'Ip de donde se crea el registro',
  `usu_mod` int(10) UNSIGNED DEFAULT NULL COMMENT 'Id del usuario que modifica el registro',
  `fec_mod` datetime DEFAULT NULL COMMENT 'Fecha de modificación del registro',
  `ip_mod` varchar(15) DEFAULT NULL COMMENT 'Ip de donde se modifica el registro'
) ENGINE=InnoDB DEFAULT CHARSET=utf8 COMMENT='Perfiles del software';

--
-- Dumping data for table `tec_roles`
--

INSERT INTO `tec_roles` (`id`, `role`, `edo_reg`, `usu_crea`, `fec_crea`, `ip_crea`, `usu_mod`, `fec_mod`, `ip_mod`) VALUES
(0, 'SIN PERFIL', 1, 1, '2019-03-09 12:25:44', '127.0.0.1', NULL, NULL, NULL),
(1, 'SUPERUSUARIO', 1, 1, '2019-03-09 12:25:44', '127.0.0.1', NULL, NULL, NULL),
(2, 'ADMINISTRADOR', 1, 1, '2019-03-09 12:25:44', '127.0.0.1', NULL, NULL, NULL),
(3, 'DIGITADOR', 1, 1, '2019-11-09 09:49:35', '::1', 2, '2020-01-15 16:05:00', '::1'),
(4, 'DIGITADOR DE INSPECCIONES', 1, 1, '2019-12-11 11:11:38', '190.131.219.246', 1, '2019-12-11 11:24:19', '190.131.219.246'),
(5, 'DIGITADOR DE MANTENIMIENTOS', 1, 1, '2019-12-11 11:39:00', '190.131.219.246', 2, '2020-01-15 15:56:15', '::1'),
(6, 'DIGITADOR DE MANTENIMIENTOS (SIN PERMISOS)', 1, 1, '2019-12-12 23:59:41', '190.84.116.7', 2, '2020-01-15 10:48:42', '::1');

-- --------------------------------------------------------

--
-- Table structure for table `tec_sites`
--

CREATE TABLE `tec_sites` (
  `id` int(10) UNSIGNED NOT NULL,
  `companyId` int(10) UNSIGNED NOT NULL,
  `name` varchar(255) NOT NULL,
  `description` varchar(255) DEFAULT NULL,
  `lat` double(10,8) DEFAULT NULL,
  `long` double(10,8) DEFAULT NULL,
  `edo_reg` int(10) UNSIGNED NOT NULL COMMENT 'Estado del registro',
  `fec_crea` datetime NOT NULL COMMENT 'Fecha de creación del registro',
  `usu_crea` int(10) UNSIGNED NOT NULL COMMENT 'Usuario que crea el registro',
  `ip_crea` varchar(15) NOT NULL COMMENT 'Ip de donde se crea el registro',
  `fec_mod` datetime DEFAULT NULL COMMENT 'Fecha de modificación del registro',
  `usu_mod` int(10) UNSIGNED DEFAULT NULL COMMENT 'Usuario que modifica el artículo',
  `ip_mod` varchar(15) DEFAULT NULL COMMENT 'Ip de donde se modifica el registro'
) ENGINE=InnoDB DEFAULT CHARSET=latin1;

--
-- Dumping data for table `tec_sites`
--

INSERT INTO `tec_sites` (`id`, `companyId`, `name`, `description`, `lat`, `long`, `edo_reg`, `fec_crea`, `usu_crea`, `ip_crea`, `fec_mod`, `usu_mod`, `ip_mod`) VALUES
(1, 1, 'Cualquier proyecto', '', NULL, NULL, 1, '2020-01-13 12:52:25', 1, '::1', NULL, NULL, NULL),
(2, 2, 'Drummond Mina', '', NULL, NULL, 1, '2020-01-15 09:59:15', 2, '10.25.5.166', '2020-02-18 16:03:06', 2, '190.84.118.95'),
(3, 2, 'Drummond Puerto', '', NULL, NULL, 1, '2020-01-15 09:59:28', 2, '10.25.5.166', '2020-01-15 11:40:30', 2, '10.25.5.166'),
(4, 3, 'Calenturitas', '', NULL, NULL, 1, '2020-01-15 10:08:25', 2, '10.25.5.166', NULL, NULL, NULL),
(5, 3, 'PLJ', '', NULL, NULL, 1, '2020-01-15 10:08:36', 2, '10.25.5.166', NULL, NULL, NULL),
(6, 4, 'La Mina', '', NULL, NULL, 1, '2020-01-15 11:42:36', 2, '10.25.5.166', NULL, NULL, NULL),
(7, 4, 'Puerto Bolívar', '', NULL, NULL, 1, '2020-01-15 11:42:55', 2, '10.25.5.166', NULL, NULL, NULL),
(8, 3, 'Puerto Nuevo', '', NULL, NULL, 1, '2020-01-31 12:05:12', 2, '10.25.5.166', NULL, NULL, NULL);

-- --------------------------------------------------------

--
-- Table structure for table `tec_techs`
--

CREATE TABLE `tec_techs` (
  `id` int(10) UNSIGNED NOT NULL,
  `siteId` int(10) UNSIGNED NOT NULL,
  `idGroup` int(10) UNSIGNED NOT NULL,
  `document` varchar(45) NOT NULL,
  `name` varchar(255) NOT NULL,
  `edo_reg` int(10) UNSIGNED NOT NULL COMMENT 'Estado del registro 0 inactivo 1 activo',
  `usu_crea` int(10) UNSIGNED NOT NULL COMMENT 'Usuario que crea el registro',
  `fec_crea` datetime NOT NULL DEFAULT current_timestamp() COMMENT 'Fecha en la que se crea el registro',
  `ip_crea` varchar(15) NOT NULL COMMENT 'Ip del equipo donde se crea el registro',
  `usu_mod` int(10) UNSIGNED DEFAULT NULL COMMENT 'Usuario que modifca el registro',
  `fec_mod` datetime DEFAULT NULL COMMENT 'Fecha en la que se modifica el registro',
  `ip_mod` varchar(15) DEFAULT NULL COMMENT 'Ip del equipo donde se modifica el registro'
) ENGINE=InnoDB DEFAULT CHARSET=latin1;

--
-- Dumping data for table `tec_techs`
--

INSERT INTO `tec_techs` (`id`, `siteId`, `idGroup`, `document`, `name`, `edo_reg`, `usu_crea`, `fec_crea`, `ip_crea`, `usu_mod`, `fec_mod`, `ip_mod`) VALUES
(1, 9, 46, '72213963', 'PEDRO SUÁREZ', 1, 1, '2019-11-25 14:49:37', '::1', 1, '2019-11-25 15:36:38', '::1'),
(2, 13, 46, '12341234', 'Carlos Gonzalez', 1, 1, '2019-12-11 17:08:15', '190.131.219.246', NULL, NULL, NULL),
(3, 13, 47, '123321', 'Carlos Gonzalez', 1, 1, '2019-12-11 17:35:34', '190.131.219.246', 1, '2019-12-11 17:35:50', '190.131.219.246'),
(4, 14, 46, '1129583416', 'Oscar Iván Castillo Domínguez', 1, 1, '2019-12-13 00:45:36', '190.84.116.7', NULL, NULL, NULL),
(5, 3, 46, '72134567', 'Técnico Calenturitas Prodeco', 1, 4, '2020-01-10 17:27:07', '::1', 4, '2020-01-10 17:29:54', '::1'),
(6, 5, 83, '1062808309', 'Williams Navarro Kevin Jafeth', 1, 10, '2020-01-31 11:17:06', '10.25.5.200', NULL, NULL, NULL),
(7, 5, 83, '72169482', 'Morales Gómez Hugo Luis ', 1, 10, '2020-01-31 11:18:37', '10.25.5.200', 10, '2020-01-31 11:29:47', '10.25.5.200'),
(8, 4, 83, '84458277', 'Garcia Peña Edward Javier', 1, 9, '2020-01-31 11:18:55', '10.25.5.200', 9, '2020-01-31 11:34:02', '10.25.5.200'),
(9, 5, 83, '12524649', 'Vanegas Rojas Marcos Fidel', 1, 10, '2020-01-31 11:20:27', '10.25.5.200', NULL, NULL, NULL),
(10, 6, 83, '72181612', 'Gustavo Enrique Padilla Gutierréz', 1, 11, '2020-01-31 11:20:36', '10.25.5.200', 11, '2020-01-31 11:41:53', '10.25.5.200'),
(11, 4, 83, '14623911', 'Castañeda Rubiano Elkin Fabian', 1, 9, '2020-01-31 11:21:26', '10.25.5.200', 9, '2020-01-31 11:33:06', '10.25.5.200'),
(12, 5, 83, '1129508403', 'Trujillo Cisneros Elkin Javier', 1, 10, '2020-01-31 11:22:04', '10.25.5.200', NULL, NULL, NULL),
(13, 5, 116, '1064110426', 'Arboleda Pedrozo Fabio José', 1, 10, '2020-01-31 11:22:57', '10.25.5.200', NULL, NULL, NULL),
(14, 2, 83, '77163014', 'Beleño Martínez Carlos Luis ', 1, 5, '2020-01-31 11:22:57', '10.25.5.200', 5, '2020-01-31 11:28:42', '10.25.5.200'),
(15, 5, 83, '7572115', 'Angulo Mejía José Dario', 1, 10, '2020-01-31 11:23:18', '10.25.5.200', 10, '2020-01-31 11:30:25', '10.25.5.200'),
(16, 5, 83, '1067710444', 'Guerra Corzo Eduardo Enrique', 1, 10, '2020-01-31 11:23:44', '10.25.5.200', NULL, NULL, NULL),
(17, 5, 116, '1062812402', 'Patiño Ortega Andres Gavino', 1, 10, '2020-01-31 11:24:20', '10.25.5.200', NULL, NULL, NULL),
(18, 4, 83, '1064790734', ' Arias Bustamante Ferney Ofaldo', 1, 9, '2020-01-31 11:24:28', '10.25.5.200', 9, '2020-01-31 11:32:24', '10.25.5.200'),
(19, 5, 117, '1064107786', 'Ramirez Brand Derlinson ', 1, 10, '2020-01-31 11:25:22', '10.25.5.200', NULL, NULL, NULL),
(20, 5, 117, '1064115473', 'Pérez Sierra Nilson José', 1, 10, '2020-01-31 11:28:32', '10.25.5.200', 10, '2020-01-31 11:30:47', '10.25.5.200'),
(21, 4, 83, '1064113636', 'Estrada Aponte Juan David', 1, 9, '2020-01-31 11:31:39', '10.25.5.200', NULL, NULL, NULL),
(22, 5, 117, '1064111766', 'Nevado Quintero Arleison', 1, 10, '2020-01-31 11:32:12', '10.25.5.200', NULL, NULL, NULL),
(23, 3, 116, '12634584', 'Ramírez Camacho Lucas Isidro ', 1, 3, '2020-01-31 11:32:37', '10.25.5.200', NULL, NULL, NULL),
(24, 2, 83, '1045708677', 'Consuegra Cassiani Yeisson Elías', 1, 5, '2020-01-31 11:33:02', '10.25.5.200', NULL, NULL, NULL),
(25, 3, 116, '1083455416', 'Escobar Rodríguez Roicer De Jesús', 1, 3, '2020-01-31 11:33:04', '10.25.5.200', NULL, NULL, NULL),
(26, 5, 116, '12524623', 'Coronel Mozo José Luis ', 1, 10, '2020-01-31 11:33:25', '10.25.5.200', NULL, NULL, NULL),
(27, 3, 117, '72296967', 'Rangel Mendoza Marco Fidel', 1, 3, '2020-01-31 11:33:55', '10.25.5.200', NULL, NULL, NULL),
(28, 5, 117, '1064115918', 'Bastidas Jiménez Luis Eduardo', 1, 10, '2020-01-31 11:33:56', '10.25.5.200', NULL, NULL, NULL),
(29, 3, 117, '1083567187', 'Carbonó Campo Dorian Segundo', 1, 3, '2020-01-31 11:34:21', '10.25.5.200', NULL, NULL, NULL),
(30, 3, 83, '85262130', 'Reina Ortiz Anderson David', 1, 3, '2020-01-31 11:34:49', '10.25.5.200', NULL, NULL, NULL),
(31, 5, 116, '1063965890', 'Geiner Gutiérrez Padilla', 1, 10, '2020-01-31 11:34:50', '10.25.5.200', NULL, NULL, NULL),
(32, 6, 118, '84104919', 'Carlos Armando Daza Quintero', 1, 11, '2020-01-31 11:35:01', '10.25.5.200', 11, '2020-01-31 12:04:34', '10.25.5.200'),
(33, 3, 83, '1083457977', 'Murillo Ortega Arley Alexander', 1, 3, '2020-01-31 11:35:14', '10.25.5.200', NULL, NULL, NULL),
(34, 3, 118, '1083010060', 'Carrasquilla Acosta Jhoyl Jose', 1, 3, '2020-01-31 11:35:35', '10.25.5.200', NULL, NULL, NULL),
(35, 3, 118, '1083454740', 'Urieles Martinez David Manuel', 1, 3, '2020-01-31 11:36:07', '10.25.5.200', NULL, NULL, NULL),
(36, 6, 118, '72202573', 'Javier Enrique Arrieta Guillén', 1, 11, '2020-01-31 11:36:32', '10.25.5.200', 11, '2020-01-31 11:43:26', '10.25.5.200'),
(37, 6, 118, '72283267', 'Jair Enrique Barranco Zamora', 1, 11, '2020-01-31 11:37:06', '10.25.5.200', 11, '2020-01-31 11:40:31', '10.25.5.200'),
(38, 2, 83, '77165008', 'Cruz Polo Carlos Eduardo', 1, 5, '2020-01-31 11:38:29', '10.25.5.200', NULL, NULL, NULL),
(39, 2, 83, '1065837808', 'De Armas Osia Jose Enrique', 1, 5, '2020-01-31 11:40:31', '10.25.5.200', NULL, NULL, NULL),
(40, 2, 116, '72201276', 'Barraza Ospino Leobaldo Elías', 1, 12, '2020-01-31 11:41:52', '10.25.5.200', NULL, NULL, NULL),
(41, 4, 83, '1067817049', 'Morón Bermudez Juan Camilo', 1, 9, '2020-01-31 11:42:11', '10.25.5.200', NULL, NULL, NULL),
(42, 2, 83, '1064117969', 'Jimenez Bobadillo Edwin Alberto', 1, 5, '2020-01-31 11:43:07', '10.25.5.200', NULL, NULL, NULL),
(43, 2, 116, '1067725385', 'Bula Duran Jhon Jairo', 1, 12, '2020-01-31 11:44:02', '10.25.5.200', 5, '2020-02-04 09:35:26', '186.169.145.192'),
(44, 2, 116, '1067710419', 'Busto Carvajal Luís Mario', 1, 12, '2020-01-31 11:44:52', '10.25.5.200', NULL, NULL, NULL),
(45, 2, 116, '1042422734', 'De la Asunción Hurtado Julio Ernesto', 1, 12, '2020-01-31 11:45:51', '10.25.5.200', NULL, NULL, NULL),
(46, 2, 116, '1064113868', 'Martínez Meneses Hector Luís', 1, 12, '2020-01-31 11:47:18', '10.25.5.200', NULL, NULL, NULL),
(47, 2, 116, '72219506', 'Navarro Ojeda Arís de Jesús', 1, 12, '2020-01-31 11:49:04', '10.25.5.200', NULL, NULL, NULL),
(48, 2, 116, '1064112996', 'Ochoa meneses Critían Camilo', 1, 12, '2020-01-31 11:49:44', '10.25.5.200', NULL, NULL, NULL),
(49, 2, 116, '8767809', 'Rocha Chegwin Nicolás Segundo', 1, 12, '2020-01-31 11:52:32', '10.25.5.200', NULL, NULL, NULL),
(50, 2, 116, '1128125632', 'Rojano Fernández Javier Enrrique', 1, 12, '2020-01-31 11:54:02', '10.25.5.200', NULL, NULL, NULL),
(51, 2, 116, '72288617', 'Torres Jiménez Jorge Armándo', 1, 12, '2020-01-31 11:55:11', '10.25.5.200', NULL, NULL, NULL),
(52, 2, 116, '7574141', 'Varga Beleño Davíd Alberto', 1, 12, '2020-01-31 11:57:40', '10.25.5.200', NULL, NULL, NULL),
(53, 2, 116, '8568709', 'Zambrano Villa Gabriel Antonio', 1, 12, '2020-01-31 12:02:30', '10.25.5.200', NULL, NULL, NULL),
(54, 2, 83, '8771812', 'Jimenez Garcia Armando', 1, 5, '2020-01-31 12:03:36', '10.25.5.200', NULL, NULL, NULL),
(55, 2, 83, '72238790', 'Leyva Mejia  David Miguel', 1, 5, '2020-01-31 12:05:54', '10.25.5.200', 5, '2020-02-04 11:32:58', '186.169.145.192'),
(56, 2, 83, '8776008', 'Orozco Villarreal  Carlos Eduardo', 1, 5, '2020-01-31 12:07:36', '10.25.5.200', NULL, NULL, NULL),
(57, 2, 83, '3846772', 'Perez Gomez Jose Ignacio', 1, 5, '2020-01-31 12:13:52', '10.25.5.200', NULL, NULL, NULL),
(58, 2, 83, '72252853', 'Rojas Meza Carlos Alberto', 1, 5, '2020-01-31 12:14:57', '10.25.5.200', 7, '2020-02-06 17:51:25', '186.169.146.96'),
(59, 2, 83, '72490200', 'Salas Lopez  Alberto Rafael', 1, 5, '2020-01-31 12:15:28', '10.25.5.200', NULL, NULL, NULL),
(60, 2, 83, '1193571829', 'Silva Guzmán Yesid Alfonso', 1, 5, '2020-01-31 12:16:01', '10.25.5.200', NULL, NULL, NULL),
(61, 2, 117, '8778023', 'Cera Cervantes Jairo Rafael', 1, 5, '2020-02-04 09:31:45', '186.169.145.192', NULL, NULL, NULL),
(62, 2, 117, '1129579357', 'Cervantes Grecco Hader Saul', 1, 5, '2020-02-04 09:32:29', '186.169.145.192', NULL, NULL, NULL),
(63, 2, 117, '72342344', 'Contreras Escorcia Cristian Eduardo', 1, 5, '2020-02-04 09:34:06', '186.169.145.192', NULL, NULL, NULL),
(64, 2, 117, '72281535', 'Corro Iglesias Jhair Ubaldo', 1, 5, '2020-02-04 09:36:18', '186.169.145.192', NULL, NULL, NULL),
(65, 2, 117, '1149436800', 'Florez Berrio Javier Eduardo', 1, 5, '2020-02-04 09:38:25', '186.169.145.192', NULL, NULL, NULL),
(66, 2, 117, '12435829', 'Hugues Estor David Rafael ', 1, 5, '2020-02-04 09:39:45', '186.169.145.192', NULL, NULL, NULL),
(67, 2, 117, '1064111795', 'Llirena Peñaloza Hugo Humberto', 1, 5, '2020-02-04 09:41:20', '186.169.145.192', NULL, NULL, NULL),
(68, 2, 117, '1067722539', 'Oñate Barbosa Israel Antonio', 1, 5, '2020-02-04 09:42:43', '186.169.145.192', NULL, NULL, NULL),
(69, 2, 117, '15173331', 'Pallares Padilla Martin', 1, 5, '2020-02-04 09:44:00', '186.169.145.192', NULL, NULL, NULL),
(70, 2, 117, '12635648', 'Perez Escorcia Jaimen Alberto', 1, 5, '2020-02-04 09:44:51', '186.169.145.192', NULL, NULL, NULL),
(71, 2, 117, '1083568672', 'Ponton Jimenez Juan Carlos', 1, 5, '2020-02-04 09:45:24', '186.169.145.192', NULL, NULL, NULL),
(72, 2, 117, '8777587', 'Querales Escorcia Alberto Jose', 1, 5, '2020-02-04 09:46:20', '186.169.145.192', NULL, NULL, NULL);

-- --------------------------------------------------------

--
-- Table structure for table `tec_typeactivity`
--

CREATE TABLE `tec_typeactivity` (
  `id` int(10) UNSIGNED NOT NULL,
  `name` varchar(255) NOT NULL,
  `edo_reg` int(10) UNSIGNED NOT NULL COMMENT 'Estado del registro',
  `fec_crea` datetime NOT NULL COMMENT 'Fecha de creación del registro',
  `usu_crea` int(10) UNSIGNED NOT NULL COMMENT 'Usuario que crea el registro',
  `ip_crea` varchar(15) NOT NULL COMMENT 'Ip de donde se crea el registro',
  `fec_mod` datetime DEFAULT NULL COMMENT 'Fecha de modificación del registro',
  `usu_mod` int(10) UNSIGNED DEFAULT NULL COMMENT 'Usuario que modifica el artículo',
  `ip_mod` varchar(15) DEFAULT NULL COMMENT 'Ip de donde se modifica el registro'
) ENGINE=InnoDB DEFAULT CHARSET=latin1;

--
-- Dumping data for table `tec_typeactivity`
--

INSERT INTO `tec_typeactivity` (`id`, `name`, `edo_reg`, `fec_crea`, `usu_crea`, `ip_crea`, `fec_mod`, `usu_mod`, `ip_mod`) VALUES
(1, 'INSPECCIONES', 1, '2019-09-19 14:32:00', 1, '127.0.0.1', NULL, NULL, NULL),
(2, 'MANTENIMIENTOS', 1, '2019-09-19 14:32:00', 1, '127.0.0.1', NULL, NULL, NULL),
(3, 'RECARGAS', 1, '2019-09-19 14:32:00', 1, '127.0.0.1', NULL, NULL, NULL),
(4, 'REINSTALACIONES', 1, '2019-09-19 14:32:00', 1, '127.0.0.1', NULL, NULL, NULL),
(5, 'EMERGENCIAS', 1, '2019-09-19 14:32:00', 1, '127.0.0.1', NULL, NULL, NULL);

-- --------------------------------------------------------

--
-- Table structure for table `tec_userspers`
--

CREATE TABLE `tec_userspers` (
  `id` int(10) UNSIGNED NOT NULL COMMENT 'Id del usuario',
  `positionId` int(10) UNSIGNED NOT NULL COMMENT 'Empresa o entidad a la que pertenece el usuario',
  `roleId` int(10) UNSIGNED NOT NULL,
  `siteId` int(10) UNSIGNED NOT NULL,
  `dolog` enum('S','N') NOT NULL,
  `user` varchar(255) NOT NULL COMMENT 'Identificador del usuario',
  `pass` varchar(255) NOT NULL COMMENT 'Contraseña del usuario',
  `idenum` int(10) UNSIGNED NOT NULL COMMENT 'Número de cédula del usuario',
  `names` varchar(255) NOT NULL COMMENT 'Nombre del usuario',
  `lastname` varchar(255) NOT NULL COMMENT 'Apellidos del usuario',
  `email` varchar(255) DEFAULT NULL COMMENT 'Email del usuario',
  `foto` text NOT NULL,
  `edo_reg` int(10) UNSIGNED NOT NULL COMMENT 'Estado del registro 0 inactivo 1 activo',
  `usu_crea` int(10) UNSIGNED NOT NULL COMMENT 'Usuario que crea el registro',
  `fec_crea` datetime NOT NULL DEFAULT current_timestamp() COMMENT 'Fecha en la que se crea el registro',
  `ip_crea` varchar(15) NOT NULL COMMENT 'Ip del equipo donde se crea el registro',
  `usu_mod` int(10) UNSIGNED DEFAULT NULL COMMENT 'Usuario que modifca el registro',
  `fec_mod` datetime DEFAULT NULL COMMENT 'Fecha en la que se modifica el registro',
  `ip_mod` varchar(15) DEFAULT NULL COMMENT 'Ip del equipo donde se modifica el registro'
) ENGINE=InnoDB DEFAULT CHARSET=utf8 COMMENT='Usuarios del Software';

--
-- Dumping data for table `tec_userspers`
--

INSERT INTO `tec_userspers` (`id`, `positionId`, `roleId`, `siteId`, `dolog`, `user`, `pass`, `idenum`, `names`, `lastname`, `email`, `foto`, `edo_reg`, `usu_crea`, `fec_crea`, `ip_crea`, `usu_mod`, `fec_mod`, `ip_mod`) VALUES
(1, 76, 1, 1, 'S', 'AWSUPERU', '$2y$11$TrXvZllC.xn1fSHPX/.IXu//YoIDWJrfWuJOYVrq/jgaDP5XlFfyu', 72456963, 'SUPER', 'USUARIO', 'micorreo@gmail.com', 'ef80c_sidebar_usuario-corporativo.png', 1, 1, '2015-08-27 16:26:15', '190.143.40.112', 1, '2020-01-13 13:01:38', '::1'),
(2, 77, 2, 1, 'S', 'AWADMIN', '$2y$11$nJFgwu8In79rrABQoInh4u8jTH1MlltRIOaMpF/86POXzMq9kZoPm', 97405976, 'Administrador', 'Plataforma', 'correo@gmail.com', '', 1, 1, '2015-08-27 16:26:15', '190.143.40.112', 1, '2020-01-13 13:02:40', '::1'),
(3, 80, 3, 3, 'S', 'AWAORTEGA', '$2y$11$5omaFXhS9xImVlE/X8jlJeL3CSPS/kfL9OeNb71Hf4t91nSlyl4/G', 1042445724, 'Augusto José', 'Ortega Parra', 'aortega@tecno-fuego.com.co', '7f0fe_augusto-ortega.jpg', 1, 1, '2019-11-13 20:00:36', '::1', 2, '2020-01-20 17:55:49', '10.25.5.166'),
(4, 79, 3, 2, 'S', 'AWDACENDRA', '$2y$11$2xzARKVp6QnWSNPmf0l4NuYdHGT7l4gnRwi2eW/g1MFmCsNhyBEq.', 72258245, 'Deivis Enrique', 'Acendra Álvarez', 'dacendra@tecno-fuego.com.co', '754de_deivis-acendra.jpg', 1, 2, '2020-01-15 10:28:42', '10.25.5.166', 2, '2020-01-20 17:55:36', '10.25.5.166'),
(5, 80, 3, 2, 'S', 'AWJARROYO', '$2y$11$/iaSuIIBjgszjkWcNwI7l.R99treofFWpWGIxlHPIyCnhGlEGJaNq', 78305037, 'Javier Antonio', 'Arroyo De Hoyos', 'jarroyo@tecno-fuego.com.co', '5729a_javier-arroyo.jpg', 1, 2, '2020-01-15 12:22:51', '10.25.5.166', 2, '2020-01-31 09:45:25', '10.25.5.166'),
(6, 79, 3, 2, 'S', 'AWECORREA', '$2y$11$38Jouvs7Zu6KmyMpS8WVGu5PUx1dDEMxArj/E5jUlrT.DzyFa8VX6', 13871392, 'Edward Mauricio', 'Correa Herreño', 'ecorrea@tecno-fuego.com.co', 'd8555_edward-correa.jpg', 1, 2, '2020-01-15 12:28:19', '10.25.5.166', 2, '2020-01-31 12:01:11', '10.25.5.166'),
(7, 79, 3, 2, 'S', 'AWWOJEDA', '$2y$11$oTI15hUxekUOZApt99bK4ORgM2zU5kM3AJvXbEm4jostCOXxMHH/q', 72257092, 'Wilman Antonio', 'Ojeda Navarro', 'wojeda@tecno-fuego.com.co', '468e2_wilman-ojeda.jpg', 1, 2, '2020-01-15 12:30:18', '10.25.5.166', 2, '2020-01-31 12:00:52', '10.25.5.166'),
(8, 79, 3, 2, 'S', 'AWFDELAHOZ', '$2y$11$QRROzlS19LY0lwydAj76j.Jb4zb5tCDaglDRjVGoGBs7lB7xruwj.', 72054429, 'Freddy Arturo', 'De La Hoz Mercado', 'fdelahoz@tecno-fuego.com.co', 'b0fe8_freddy-de-la-hoz.jpg', 1, 2, '2020-01-15 12:32:39', '10.25.5.166', 2, '2020-01-31 12:00:18', '10.25.5.166'),
(9, 80, 3, 4, 'S', 'AWJMERCADO', '$2y$11$wx3tBU0X4suA0RfJQgbAUeW3q9q0TAepChcPhev4fFXn4n6KIl72S', 72272972, 'Javier Alfonso', 'Mercado Archibold', 'jmercado@tecno-fuego.com.co', 'c0a33_javier-mercado.jpg', 1, 2, '2020-01-15 12:55:11', '10.25.5.166', 2, '2020-01-20 17:54:02', '10.25.5.166'),
(10, 80, 3, 5, 'S', 'AWJPOLO', '$2y$11$SPZTI5A0R6GV0ZX0ahI51uclgmj0xFaL1H2BvJjQ0x7i25VvmqkTa', 91525122, 'Jose Daniel', 'Polo Figueroa', 'jpolo@tecno-fuego.com.co', 'a264e_jose-polo.jpg', 1, 2, '2020-01-15 12:56:37', '10.25.5.166', 2, '2020-01-20 17:53:49', '10.25.5.166'),
(11, 80, 3, 6, 'S', 'AWCPENARANDA', '$2y$11$B5BoBvw/YeJcwah/J9NAuecFzhf8q4zLbPLCQeITeBcILQoemvh06', 1140816136, 'Carlos Andrés', 'Peñaranda Vargas', 'cpenaranda@tecno-fuego.com.co', 'a8694_carlos-penaranda.jpg', 1, 2, '2020-01-15 12:58:09', '10.25.5.166', 2, '2020-01-20 17:53:37', '10.25.5.166'),
(12, 80, 3, 2, 'S', 'AWLJIMENEZ', '$2y$11$T3sajbUGSdNED0388EPo/eHtmF..OdPBUnLgNfGQYGc/Y.hsbyKMi', 22468463, 'Lina Rocío', 'Jiménez Fedullo', 'ljimenez@tecno-fuego.com.co', 'f07c9_lina-jimenez.jpg', 1, 2, '2020-01-31 09:35:51', '10.25.5.166', NULL, NULL, NULL),
(13, 80, 3, 8, 'S', 'AWGAREVALO', '$2y$11$4/TF1N.ozjmJQxwMayk5G.HUh4Glwi27o2bPoFSsw8rXkOKeWBkc2', 1050951607, 'Gustavo Adolfo', 'Arévalo Rodríguez', 'garevalo@tecno-fuego.com.co', '1d81b_gustavo-arevalo.jpg', 1, 2, '2020-01-31 09:44:41', '10.25.5.166', 2, '2020-01-31 12:06:00', '10.25.5.166');

-- --------------------------------------------------------

--
-- Table structure for table `tec_usrproj`
--

CREATE TABLE `tec_usrproj` (
  `userId` int(10) UNSIGNED NOT NULL,
  `projectId` int(10) UNSIGNED NOT NULL
) ENGINE=InnoDB DEFAULT CHARSET=latin1;

-- --------------------------------------------------------

--
-- Table structure for table `tec_valists`
--

CREATE TABLE `tec_valists` (
  `id` int(10) UNSIGNED NOT NULL,
  `idlist` int(10) UNSIGNED NOT NULL,
  `valfather` int(10) UNSIGNED NOT NULL,
  `label` varchar(255) NOT NULL,
  `edo_reg` int(10) UNSIGNED NOT NULL COMMENT 'Estado del registro',
  `fec_crea` datetime NOT NULL COMMENT 'Fecha de creación del registro',
  `usu_crea` int(10) UNSIGNED NOT NULL COMMENT 'Usuario que crea el registro',
  `ip_crea` varchar(15) NOT NULL COMMENT 'Ip de donde se crea el registro',
  `fec_mod` datetime DEFAULT NULL COMMENT 'Fecha de modificación del registro',
  `usu_mod` int(10) UNSIGNED DEFAULT NULL COMMENT 'Usuario que modifica el artículo',
  `ip_mod` varchar(15) DEFAULT NULL COMMENT 'Ip de donde se modifica el registro'
) ENGINE=InnoDB DEFAULT CHARSET=latin1;

--
-- Dumping data for table `tec_valists`
--

INSERT INTO `tec_valists` (`id`, `idlist`, `valfather`, `label`, `edo_reg`, `fec_crea`, `usu_crea`, `ip_crea`, `fec_mod`, `usu_mod`, `ip_mod`) VALUES
(16, 4, 0, 'Extintor', 1, '2019-11-12 01:45:31', 1, '::1', '2020-02-20 20:33:46', 2, '190.131.219.246'),
(17, 4, 0, 'LT-A-101', 1, '2019-11-12 01:45:31', 1, '::1', '2020-02-20 20:33:46', 2, '190.131.219.246'),
(18, 4, 0, 'LT-A-101/LVS', 1, '2019-11-12 01:45:31', 1, '::1', '2020-02-20 20:33:46', 2, '190.131.219.246'),
(19, 4, 0, 'LVS', 1, '2019-11-12 01:45:31', 1, '::1', '2020-02-20 20:33:46', 2, '190.131.219.246'),
(20, 4, 0, 'SC-N', 1, '2019-11-12 01:45:31', 1, '::1', '2020-02-20 20:33:46', 2, '190.131.219.246'),
(21, 4, 0, 'SC-N/CF-210', 1, '2019-11-12 01:45:31', 1, '::1', '2020-02-20 20:33:46', 2, '190.131.219.246'),
(22, 4, 0, 'LT-A-101/LVS/SC-N', 1, '2019-11-12 01:45:31', 1, '::1', '2020-02-20 20:33:46', 2, '190.131.219.246'),
(23, 5, 0, 'Tanques', 1, '2019-11-12 01:48:14', 1, '::1', '2020-02-20 20:33:26', 2, '190.131.219.246'),
(24, 5, 0, 'Soportes tanques', 1, '2019-11-12 01:48:14', 1, '::1', '2020-02-20 20:33:26', 2, '190.131.219.246'),
(25, 5, 0, 'Cápsulas de barrido', 1, '2019-11-12 01:48:14', 1, '::1', '2020-02-20 20:33:26', 2, '190.131.219.246'),
(26, 5, 0, 'Boquillas', 1, '2019-11-12 01:48:14', 1, '::1', '2020-02-20 20:33:26', 2, '190.131.219.246'),
(27, 5, 0, 'Canecas', 1, '2019-11-12 01:48:14', 1, '::1', '2020-02-20 20:33:26', 2, '190.131.219.246'),
(28, 5, 0, 'Triple Tee', 1, '2019-11-12 01:48:14', 1, '::1', '2020-02-20 20:33:26', 2, '190.131.219.246'),
(29, 5, 0, 'Disco de ruptura', 1, '2019-11-12 01:48:14', 1, '::1', '2020-02-20 20:33:26', 2, '190.131.219.246'),
(30, 5, 0, 'Empaques', 1, '2019-11-12 01:48:14', 1, '::1', '2020-02-20 20:33:26', 2, '190.131.219.246'),
(31, 6, 0, 'Consecutivo', 1, '2019-11-12 01:53:25', 1, '::1', '2020-02-10 18:25:02', 2, '10.25.5.166'),
(32, 6, 0, 'Fecha PH', 1, '2019-11-12 01:53:25', 1, '::1', '2020-02-10 18:25:02', 2, '10.25.5.166'),
(33, 6, 0, 'Altura QS', 1, '2019-11-12 01:53:25', 1, '::1', '2020-02-10 18:25:02', 2, '10.25.5.166'),
(34, 6, 0, 'Serial', 1, '2019-11-12 01:53:25', 1, '::1', '2020-02-10 18:25:02', 2, '10.25.5.166'),
(35, 6, 0, 'Peso real', 1, '2019-11-12 01:53:25', 1, '::1', '2020-02-10 18:25:02', 2, '10.25.5.166'),
(36, 6, 0, 'Peso estampado', 1, '2019-11-12 01:53:25', 1, '::1', '2020-02-10 18:25:02', 2, '10.25.5.166'),
(37, 6, 0, 'Fecha de instalación', 1, '2019-11-12 01:53:25', 1, '::1', '2020-02-10 18:25:02', 2, '10.25.5.166'),
(38, 6, 0, 'Fecha de fabricación', 1, '2019-11-12 01:53:25', 1, '::1', '2020-02-10 18:25:02', 2, '10.25.5.166'),
(39, 6, 0, 'Fecha de mantenimiento', 1, '2019-11-12 01:53:25', 1, '::1', '2020-02-10 18:25:02', 2, '10.25.5.166'),
(40, 6, 0, 'Altura LVS', 1, '2019-11-12 01:53:25', 1, '::1', '2020-02-10 18:25:02', 2, '10.25.5.166'),
(41, 7, 0, 'Número', 1, '2019-11-12 02:08:30', 1, '::1', '2019-11-12 03:06:49', 1, '::1'),
(42, 7, 0, 'Fecha', 1, '2019-11-12 02:08:30', 1, '::1', '2019-11-12 03:06:48', 1, '::1'),
(43, 7, 0, 'Texto', 1, '2019-11-12 03:06:49', 1, '::1', NULL, NULL, NULL),
(49, 10, 0, 'Extinción', 1, '2019-11-28 18:59:25', 1, '::1', NULL, NULL, NULL),
(50, 10, 0, 'Detección', 1, '2019-11-28 18:59:25', 1, '::1', NULL, NULL, NULL),
(51, 10, 0, 'Extinción/Detección', 1, '2019-11-28 18:59:25', 1, '::1', NULL, NULL, NULL),
(63, 5, 0, 'Baterías', 1, '2019-12-10 09:12:52', 1, '190.84.116.24', '2020-02-20 20:33:26', 2, '190.131.219.246'),
(64, 4, 0, 'Prueba', 0, '2019-12-10 15:31:30', 1, '190.131.219.246', '2020-02-20 20:33:46', 2, '190.131.219.246'),
(71, 5, 0, 'Cables Térmicos', 1, '2019-12-11 15:27:18', 1, '190.131.219.246', '2020-02-20 20:33:26', 2, '190.131.219.246'),
(72, 5, 0, 'Módulos de Control', 1, '2019-12-11 15:38:28', 1, '190.131.219.246', '2020-02-20 20:33:26', 2, '190.131.219.246'),
(75, 5, 0, 'PAD', 1, '2019-12-13 00:26:05', 1, '190.84.116.7', '2020-02-20 20:33:26', 2, '190.131.219.246'),
(76, 1, 0, 'Superusuario', 1, '2020-01-13 12:34:59', 1, '::1', '2020-01-15 12:18:42', 2, '10.25.5.166'),
(77, 1, 0, 'Administrador', 1, '2020-01-13 12:35:23', 1, '::1', '2020-01-15 12:18:42', 2, '10.25.5.166'),
(78, 1, 0, 'Digitador', 1, '2020-01-13 12:36:21', 1, '::1', '2020-01-15 12:18:42', 2, '10.25.5.166'),
(79, 1, 0, 'Supervisor', 1, '2020-01-15 10:27:13', 2, '10.25.5.166', '2020-01-15 12:18:42', 2, '10.25.5.166'),
(80, 1, 0, 'Coordinador', 1, '2020-01-15 12:18:42', 2, '10.25.5.166', NULL, NULL, NULL),
(81, 11, 0, 'CAMIONES', 1, '2020-01-16 09:03:40', 2, '::1', '2020-01-31 10:21:57', 2, '10.25.5.166'),
(82, 2, 0, 'CATERPILLAR', 1, '2020-01-16 09:04:43', 2, '::1', '2020-02-04 15:49:47', 2, '74.87.123.162'),
(83, 9, 0, 'GRUPO 1', 1, '2020-01-16 09:06:35', 2, '::1', '2020-01-31 11:25:09', 2, '10.25.5.166'),
(84, 3, 82, '793C', 1, '2020-01-20 19:23:28', 2, '10.25.5.166', '2020-02-10 15:10:25', 2, '10.25.5.166'),
(85, 8, 0, 'Mañana', 1, '2020-01-21 11:37:19', 2, '190.131.219.246', NULL, NULL, NULL),
(86, 8, 0, 'Tarde', 1, '2020-01-21 11:37:19', 2, '190.131.219.246', NULL, NULL, NULL),
(87, 8, 0, 'Noche', 1, '2020-01-21 11:37:19', 2, '190.131.219.246', NULL, NULL, NULL),
(88, 3, 82, '793D', 1, '2020-01-31 09:50:59', 2, '10.25.5.166', '2020-02-10 15:10:25', 2, '10.25.5.166'),
(89, 3, 82, '789D', 1, '2020-01-31 09:51:42', 2, '10.25.5.166', '2020-02-10 15:10:25', 2, '10.25.5.166'),
(90, 11, 0, 'TRACTOR DE ORUGA', 1, '2020-01-31 09:52:26', 2, '10.25.5.166', '2020-01-31 10:21:57', 2, '10.25.5.166'),
(91, 3, 82, 'D11R', 1, '2020-01-31 09:54:04', 2, '10.25.5.166', '2020-02-10 15:10:25', 2, '10.25.5.166'),
(92, 11, 0, 'BUCYRUS', 1, '2020-01-31 10:06:06', 2, '10.25.5.166', '2020-01-31 10:21:57', 2, '10.25.5.166'),
(93, 11, 0, 'CARGADOR DE LLANTAS', 1, '2020-01-31 10:06:06', 2, '10.25.5.166', '2020-01-31 10:21:57', 2, '10.25.5.166'),
(94, 11, 0, 'DRAGALINA', 1, '2020-01-31 10:07:00', 2, '10.25.5.166', '2020-01-31 10:21:57', 2, '10.25.5.166'),
(95, 11, 0, 'LUBRICADOR', 1, '2020-01-31 10:07:00', 2, '10.25.5.166', '2020-01-31 10:21:57', 2, '10.25.5.166'),
(96, 11, 0, 'MANIPULADOR DE LLANTAS', 1, '2020-01-31 10:07:00', 2, '10.25.5.166', '2020-01-31 10:21:57', 2, '10.25.5.166'),
(97, 11, 0, 'LOCOMOTORAS', 1, '2020-01-31 10:08:25', 2, '10.25.5.166', '2020-01-31 10:21:57', 2, '10.25.5.166'),
(98, 2, 0, 'GE', 1, '2020-01-31 10:09:01', 2, '10.25.5.166', '2020-02-04 15:49:47', 2, '74.87.123.162'),
(99, 3, 98, 'C21', 1, '2020-01-31 10:09:38', 2, '10.25.5.166', '2020-02-10 15:10:25', 2, '10.25.5.166'),
(100, 3, 82, '992C', 1, '2020-01-31 10:10:23', 2, '10.25.5.166', '2020-02-10 15:10:25', 2, '10.25.5.166'),
(101, 11, 0, 'MOTONIVELADORAS', 1, '2020-01-31 10:12:55', 2, '10.25.5.166', '2020-01-31 10:21:57', 2, '10.25.5.166'),
(102, 11, 0, 'PALAS', 1, '2020-01-31 10:14:16', 2, '10.25.5.166', '2020-01-31 10:21:57', 2, '10.25.5.166'),
(103, 11, 0, 'RETROEXCAVADORAS', 1, '2020-01-31 10:14:16', 2, '10.25.5.166', '2020-01-31 10:21:57', 2, '10.25.5.166'),
(104, 11, 0, 'TALADROS', 1, '2020-01-31 10:16:51', 2, '10.25.5.166', '2020-01-31 10:21:57', 2, '10.25.5.166'),
(105, 11, 0, 'TANQUEROS', 1, '2020-01-31 10:16:51', 2, '10.25.5.166', '2020-01-31 10:21:57', 2, '10.25.5.166'),
(106, 11, 0, 'TRACTOR DE LLANTAS', 1, '2020-01-31 10:16:51', 2, '10.25.5.166', '2020-01-31 10:21:57', 2, '10.25.5.166'),
(107, 11, 0, 'FEEDER', 1, '2020-01-31 10:21:57', 2, '10.25.5.166', NULL, NULL, NULL),
(108, 11, 0, 'BATEADORA', 1, '2020-01-31 10:21:57', 2, '10.25.5.166', NULL, NULL, NULL),
(109, 11, 0, 'REGULADORA', 1, '2020-01-31 10:21:57', 2, '10.25.5.166', NULL, NULL, NULL),
(110, 11, 0, 'LOAD OUT', 1, '2020-01-31 10:21:57', 2, '10.25.5.166', NULL, NULL, NULL),
(111, 3, 82, '24', 1, '2020-01-31 10:24:11', 2, '10.25.5.166', '2020-02-10 15:10:25', 2, '10.25.5.166'),
(112, 3, 82, '990', 1, '2020-01-31 10:24:11', 2, '10.25.5.166', '2020-02-10 15:10:25', 2, '10.25.5.166'),
(113, 2, 0, 'BUCYRUS', 1, '2020-01-31 10:26:41', 2, '10.25.5.166', '2020-02-04 15:49:47', 2, '74.87.123.162'),
(114, 2, 0, 'DEMAG', 1, '2020-01-31 10:26:41', 2, '10.25.5.166', '2020-02-04 15:49:47', 2, '74.87.123.162'),
(115, 3, 82, '793B', 1, '2020-01-31 11:12:51', 2, '10.25.5.166', '2020-02-10 15:10:25', 2, '10.25.5.166'),
(116, 9, 0, 'GRUPO 2', 1, '2020-01-31 11:17:24', 2, '10.25.5.166', '2020-01-31 11:25:09', 2, '10.25.5.166'),
(117, 9, 0, 'GRUPO 3', 1, '2020-01-31 11:17:24', 2, '10.25.5.166', '2020-01-31 11:25:09', 2, '10.25.5.166'),
(118, 9, 0, 'GRUPO 5-2', 1, '2020-01-31 11:25:09', 2, '10.25.5.166', NULL, NULL, NULL),
(119, 3, 113, '1570', 1, '2020-02-04 09:11:52', 2, '24.106.27.38', '2020-02-10 15:10:25', 2, '10.25.5.166'),
(120, 3, 113, '2570', 1, '2020-02-04 09:11:52', 2, '24.106.27.38', '2020-02-10 15:10:25', 2, '10.25.5.166'),
(121, 3, 82, '16G', 1, '2020-02-04 09:12:55', 2, '24.106.27.38', '2020-02-10 15:10:25', 2, '10.25.5.166'),
(122, 3, 82, '16H', 1, '2020-02-04 09:12:55', 2, '24.106.27.38', '2020-02-10 15:10:25', 2, '10.25.5.166'),
(123, 3, 82, '16M', 1, '2020-02-04 09:12:55', 2, '24.106.27.38', '2020-02-10 15:10:25', 2, '10.25.5.166'),
(124, 3, 82, '24M', 1, '2020-02-04 09:14:26', 2, '24.106.27.38', '2020-02-10 15:10:25', 2, '10.25.5.166'),
(125, 3, 82, '24H', 1, '2020-02-04 09:14:26', 2, '24.106.27.38', '2020-02-10 15:10:25', 2, '10.25.5.166'),
(126, 3, 82, '345CL', 1, '2020-02-04 09:14:26', 2, '24.106.27.38', '2020-02-10 15:10:25', 2, '10.25.5.166'),
(127, 3, 82, '345DL', 1, '2020-02-04 09:14:26', 2, '24.106.27.38', '2020-02-10 15:10:25', 2, '10.25.5.166'),
(128, 3, 82, '350L', 1, '2020-02-04 09:16:14', 2, '24.106.27.38', '2020-02-10 15:10:25', 2, '10.25.5.166'),
(129, 3, 113, '495HR', 1, '2020-02-04 09:16:14', 2, '24.106.27.38', '2020-02-10 15:10:25', 2, '10.25.5.166'),
(130, 3, 82, '769CW', 1, '2020-02-04 09:16:14', 2, '24.106.27.38', '2020-02-10 15:10:25', 2, '10.25.5.166'),
(131, 3, 82, '777C', 1, '2020-02-04 09:16:14', 2, '24.106.27.38', '2020-02-10 15:10:25', 2, '10.25.5.166'),
(132, 3, 82, '777CW', 1, '2020-02-04 09:16:14', 2, '24.106.27.38', '2020-02-10 15:10:25', 2, '10.25.5.166'),
(133, 3, 82, '777D', 1, '2020-02-04 09:17:22', 2, '24.106.27.38', '2020-02-10 15:10:25', 2, '10.25.5.166'),
(134, 3, 82, '777D-H', 1, '2020-02-04 09:17:22', 2, '24.106.27.38', '2020-02-10 15:10:25', 2, '10.25.5.166'),
(135, 3, 82, '777F', 1, '2020-02-04 09:17:22', 2, '24.106.27.38', '2020-02-10 15:10:25', 2, '10.25.5.166'),
(136, 3, 82, '785A', 1, '2020-02-04 09:18:28', 2, '24.106.27.38', '2020-02-10 15:10:25', 2, '10.25.5.166'),
(137, 3, 82, '793F', 1, '2020-02-04 09:18:28', 2, '24.106.27.38', '2020-02-10 15:10:25', 2, '10.25.5.166'),
(138, 3, 82, '824C', 1, '2020-02-04 09:20:17', 2, '24.106.27.38', '2020-02-10 15:10:25', 2, '10.25.5.166'),
(139, 2, 0, 'KOMATSU', 1, '2020-02-04 09:21:06', 2, '24.106.27.38', '2020-02-04 15:49:47', 2, '74.87.123.162'),
(140, 2, 0, 'HITACHI', 1, '2020-02-04 09:21:06', 2, '24.106.27.38', '2020-02-04 15:49:47', 2, '74.87.123.162'),
(141, 2, 0, 'VOLVO', 1, '2020-02-04 09:21:06', 2, '24.106.27.38', '2020-02-04 15:49:47', 2, '74.87.123.162'),
(142, 3, 139, '830E', 1, '2020-02-04 09:21:57', 2, '24.106.27.38', '2020-02-10 15:10:25', 2, '10.25.5.166'),
(143, 3, 82, '834B', 1, '2020-02-04 09:21:57', 2, '24.106.27.38', '2020-02-10 15:10:25', 2, '10.25.5.166'),
(144, 3, 82, '980C', 1, '2020-02-04 09:23:53', 2, '24.106.27.38', '2020-02-10 15:10:25', 2, '10.25.5.166'),
(145, 3, 82, '980G', 1, '2020-02-04 09:23:53', 2, '24.106.27.38', '2020-02-10 15:10:25', 2, '10.25.5.166'),
(146, 3, 82, '988B', 1, '2020-02-04 09:23:53', 2, '24.106.27.38', '2020-02-10 15:10:25', 2, '10.25.5.166'),
(147, 3, 82, '988H', 1, '2020-02-04 09:23:53', 2, '24.106.27.38', '2020-02-10 15:10:25', 2, '10.25.5.166'),
(148, 3, 82, '992C', 1, '2020-02-04 09:23:53', 2, '24.106.27.38', '2020-02-10 15:10:25', 2, '10.25.5.166'),
(149, 3, 82, 'D10R', 1, '2020-02-04 09:27:25', 2, '24.106.27.38', '2020-02-10 15:10:25', 2, '10.25.5.166'),
(150, 3, 82, 'D11T', 1, '2020-02-04 09:27:25', 2, '24.106.27.38', '2020-02-10 15:10:25', 2, '10.25.5.166'),
(151, 3, 82, 'D250', 1, '2020-02-04 09:27:25', 2, '24.106.27.38', '2020-02-10 15:10:25', 2, '10.25.5.166'),
(152, 3, 82, 'D6', 1, '2020-02-04 09:27:25', 2, '24.106.27.38', '2020-02-10 15:10:25', 2, '10.25.5.166'),
(153, 3, 82, 'D9L', 1, '2020-02-04 09:27:25', 2, '24.106.27.38', '2020-02-10 15:10:25', 2, '10.25.5.166'),
(154, 3, 140, 'EX1200', 1, '2020-02-04 09:28:52', 2, '24.106.27.38', '2020-02-10 15:10:25', 2, '10.25.5.166'),
(155, 3, 140, 'EX3600', 1, '2020-02-04 09:28:52', 2, '24.106.27.38', '2020-02-10 15:10:25', 2, '10.25.5.166'),
(156, 3, 114, 'H185S', 1, '2020-02-04 09:28:52', 2, '24.106.27.38', '2020-02-10 15:10:25', 2, '10.25.5.166'),
(157, 3, 114, 'H285S', 1, '2020-02-04 09:28:52', 2, '24.106.27.38', '2020-02-10 15:10:25', 2, '10.25.5.166'),
(158, 3, 139, 'PC1000', 1, '2020-02-04 09:30:05', 2, '24.106.27.38', '2020-02-10 15:10:25', 2, '10.25.5.166'),
(159, 3, 139, 'PC2000', 1, '2020-02-04 09:30:05', 2, '24.106.27.38', '2020-02-10 15:10:25', 2, '10.25.5.166'),
(160, 3, 139, 'PC8000', 1, '2020-02-04 09:30:05', 2, '24.106.27.38', '2020-02-10 15:10:25', 2, '10.25.5.166'),
(161, 2, 0, 'DRILTECH', 1, '2020-02-04 09:31:07', 2, '24.106.27.38', '2020-02-04 15:49:47', 2, '74.87.123.162'),
(162, 3, 161, 'C40K', 1, '2020-02-04 09:32:56', 2, '24.106.27.38', '2020-02-10 15:10:25', 2, '10.25.5.166'),
(163, 3, 161, 'D40K', 1, '2020-02-04 09:32:56', 2, '24.106.27.38', '2020-02-10 15:10:25', 2, '10.25.5.166'),
(164, 3, 161, 'D45K', 1, '2020-02-04 09:32:56', 2, '24.106.27.38', '2020-02-10 15:10:25', 2, '10.25.5.166'),
(165, 3, 161, 'D50K', 1, '2020-02-04 09:32:56', 2, '24.106.27.38', '2020-02-10 15:10:25', 2, '10.25.5.166'),
(166, 3, 161, 'D50KS', 1, '2020-02-04 09:34:10', 2, '24.106.27.38', '2020-02-10 15:10:25', 2, '10.25.5.166'),
(167, 3, 161, 'D60K', 1, '2020-02-04 09:34:10', 2, '24.106.27.38', '2020-02-10 15:10:25', 2, '10.25.5.166'),
(168, 3, 161, 'D75K', 1, '2020-02-04 09:34:10', 2, '24.106.27.38', '2020-02-10 15:10:25', 2, '10.25.5.166'),
(169, 3, 161, 'DMM3', 1, '2020-02-04 09:34:10', 2, '24.106.27.38', '2020-02-10 15:10:25', 2, '10.25.5.166'),
(170, 3, 82, '777DW', 1, '2020-02-04 12:50:52', 2, '24.106.27.38', '2020-02-10 15:10:25', 2, '10.25.5.166'),
(171, 3, 82, '320C', 1, '2020-02-04 15:30:09', 2, '74.87.123.162', '2020-02-10 15:10:25', 2, '10.25.5.166'),
(172, 3, 82, '769B', 1, '2020-02-04 15:30:09', 2, '74.87.123.162', '2020-02-10 15:10:25', 2, '10.25.5.166'),
(173, 3, 82, '769D', 1, '2020-02-04 15:30:09', 2, '74.87.123.162', '2020-02-10 15:10:25', 2, '10.25.5.166'),
(174, 3, 82, '773C', 1, '2020-02-04 15:30:09', 2, '74.87.123.162', '2020-02-10 15:10:25', 2, '10.25.5.166'),
(175, 3, 82, '775D', 1, '2020-02-04 15:30:09', 2, '74.87.123.162', '2020-02-10 15:10:25', 2, '10.25.5.166'),
(176, 3, 82, 'D10T', 1, '2020-02-04 15:32:02', 2, '74.87.123.162', '2020-02-10 15:10:25', 2, '10.25.5.166'),
(177, 3, 82, 'D11R', 1, '2020-02-04 15:32:02', 2, '74.87.123.162', '2020-02-10 15:10:25', 2, '10.25.5.166'),
(178, 3, 98, 'U18', 1, '2020-02-04 15:32:02', 2, '74.87.123.162', '2020-02-10 15:10:25', 2, '10.25.5.166'),
(179, 3, 98, 'U20', 1, '2020-02-04 15:32:50', 2, '74.87.123.162', '2020-02-10 15:10:25', 2, '10.25.5.166'),
(180, 3, 82, '6060', 1, '2020-02-04 15:36:19', 2, '74.87.123.162', '2020-02-10 15:10:25', 2, '10.25.5.166'),
(181, 3, 82, '623K', 1, '2020-02-04 15:36:19', 2, '74.87.123.162', '2020-02-10 15:10:25', 2, '10.25.5.166'),
(182, 3, 82, '789C', 1, '2020-02-04 15:36:19', 2, '74.87.123.162', '2020-02-10 15:10:25', 2, '10.25.5.166'),
(183, 3, 82, '834H', 1, '2020-02-04 15:38:44', 2, '74.87.123.162', '2020-02-10 15:10:25', 2, '10.25.5.166'),
(184, 3, 82, '854K', 1, '2020-02-04 15:38:44', 2, '74.87.123.162', '2020-02-10 15:10:25', 2, '10.25.5.166'),
(185, 3, 82, '993K', 1, '2020-02-04 15:38:44', 2, '74.87.123.162', '2020-02-10 15:10:25', 2, '10.25.5.166'),
(186, 3, 141, 'A40E', 1, '2020-02-04 15:41:16', 2, '74.87.123.162', '2020-02-10 15:10:25', 2, '10.25.5.166'),
(187, 3, 141, 'CA40E', 1, '2020-02-04 15:41:16', 2, '74.87.123.162', '2020-02-10 15:10:25', 2, '10.25.5.166'),
(188, 3, 82, 'D7R', 1, '2020-02-04 15:41:16', 2, '74.87.123.162', '2020-02-10 15:10:25', 2, '10.25.5.166'),
(189, 3, 82, 'D9T', 1, '2020-02-04 15:41:16', 2, '74.87.123.162', '2020-02-10 15:10:25', 2, '10.25.5.166'),
(190, 3, 141, 'EC460BLC', 1, '2020-02-04 15:43:04', 2, '74.87.123.162', '2020-02-10 15:10:25', 2, '10.25.5.166'),
(191, 3, 140, 'EH3500', 1, '2020-02-04 15:43:04', 2, '74.87.123.162', '2020-02-10 15:10:25', 2, '10.25.5.166'),
(192, 3, 140, 'EH4000', 1, '2020-02-04 15:43:04', 2, '74.87.123.162', '2020-02-10 15:10:25', 2, '10.25.5.166'),
(193, 3, 140, 'EX1900', 1, '2020-02-04 15:43:04', 2, '74.87.123.162', '2020-02-10 15:10:25', 2, '10.25.5.166'),
(194, 3, 140, 'EH2500', 1, '2020-02-04 15:43:04', 2, '74.87.123.162', '2020-02-10 15:10:25', 2, '10.25.5.166'),
(195, 3, 141, 'LA40E', 1, '2020-02-04 15:44:41', 2, '74.87.123.162', '2020-02-10 15:10:25', 2, '10.25.5.166'),
(196, 3, 82, 'MD6250', 1, '2020-02-04 15:44:41', 2, '74.87.123.162', '2020-02-10 15:10:25', 2, '10.25.5.166'),
(197, 2, 0, 'O&k', 1, '2020-02-04 15:45:13', 2, '74.87.123.162', '2020-02-04 15:49:47', 2, '74.87.123.162'),
(198, 3, 197, 'RH-120E', 1, '2020-02-04 15:46:32', 2, '74.87.123.162', '2020-02-10 15:10:25', 2, '10.25.5.166'),
(199, 3, 197, 'RH-40E', 1, '2020-02-04 15:46:32', 2, '74.87.123.162', '2020-02-10 15:10:25', 2, '10.25.5.166'),
(200, 3, 141, '350DL', 1, '2020-02-04 15:46:32', 2, '74.87.123.162', '2020-02-10 15:10:25', 2, '10.25.5.166'),
(201, 3, 82, '730', 1, '2020-02-04 15:49:24', 2, '74.87.123.162', '2020-02-10 15:10:25', 2, '10.25.5.166'),
(202, 3, 82, '637G', 1, '2020-02-04 15:49:24', 2, '74.87.123.162', '2020-02-10 15:10:25', 2, '10.25.5.166'),
(203, 2, 0, 'ATLAS COPCO', 1, '2020-02-04 15:49:47', 2, '74.87.123.162', NULL, NULL, NULL),
(204, 3, 203, 'DM45E', 1, '2020-02-04 15:51:47', 2, '74.87.123.162', '2020-02-10 15:10:25', 2, '10.25.5.166'),
(205, 3, 203, 'DML', 1, '2020-02-04 15:51:47', 2, '74.87.123.162', '2020-02-10 15:10:25', 2, '10.25.5.166'),
(206, 3, 139, 'PC5500', 1, '2020-02-04 15:51:47', 2, '74.87.123.162', '2020-02-10 15:10:25', 2, '10.25.5.166'),
(207, 3, 197, 'RH-170B', 1, '2020-02-04 15:51:47', 2, '74.87.123.162', '2020-02-10 15:10:25', 2, '10.25.5.166'),
(208, 3, 197, 'RH-200', 1, '2020-02-04 15:51:47', 2, '74.87.123.162', '2020-02-10 15:10:25', 2, '10.25.5.166'),
(209, 3, 197, 'RH-340E', 1, '2020-02-04 15:51:47', 2, '74.87.123.162', '2020-02-10 15:10:25', 2, '10.25.5.166'),
(210, 5, 0, 'Cápsulas de Actuación', 1, '2020-02-10 18:06:50', 2, '10.25.5.166', '2020-02-20 20:33:26', 2, '190.131.219.246'),
(211, 6, 0, 'Presión', 1, '2020-02-10 18:25:02', 2, '10.25.5.166', NULL, NULL, NULL),
(212, 4, 0, 'CF-210', 1, '2020-02-10 18:34:34', 2, '10.25.5.166', '2020-02-20 20:33:46', 2, '190.131.219.246'),
(213, 5, 0, 'Servicios', 1, '2020-02-20 20:33:26', 2, '190.131.219.246', NULL, NULL, NULL),
(214, 4, 0, 'Servicios', 1, '2020-02-20 20:33:46', 2, '190.131.219.246', NULL, NULL, NULL);

--
-- Indexes for dumped tables
--

--
-- Indexes for table `tec_activities`
--
ALTER TABLE `tec_activities`
  ADD PRIMARY KEY (`id`),
  ADD KEY `fk_tec_activities_types_idx` (`idTypeAct`);

--
-- Indexes for table `tec_activ_techs`
--
ALTER TABLE `tec_activ_techs`
  ADD KEY `fk_tec_activ_techs_techs_idx` (`idtech`),
  ADD KEY `fk_tec_activ_techs_activs_idx` (`idactiv`);

--
-- Indexes for table `tec_ciudades`
--
ALTER TABLE `tec_ciudades`
  ADD PRIMARY KEY (`idciudad`),
  ADD KEY `fk_ciudades_dptos_idx` (`iddpto`),
  ADD KEY `fk_qaj_ciudades_usucrea_idx` (`usu_crea`),
  ADD KEY `fk_qaj_ciudades_usumod_idx` (`usu_mod`);

--
-- Indexes for table `tec_company`
--
ALTER TABLE `tec_company`
  ADD PRIMARY KEY (`id`);

--
-- Indexes for table `tec_components`
--
ALTER TABLE `tec_components`
  ADD PRIMARY KEY (`id`),
  ADD KEY `fk_tec_components_sites_idx` (`siteId`),
  ADD KEY `fk_tec_components_component_idx` (`idComponent`),
  ADD KEY `fk_tec_components_type_sys_idx` (`idTySys`);

--
-- Indexes for table `tec_compo_vals`
--
ALTER TABLE `tec_compo_vals`
  ADD PRIMARY KEY (`id`),
  ADD KEY `fk_tec_compo_vals_component_idx` (`idComponent`),
  ADD KEY `fk_tec_compo_vals_fields_idx` (`idField`);

--
-- Indexes for table `tec_dptos`
--
ALTER TABLE `tec_dptos`
  ADD PRIMARY KEY (`iddpto`),
  ADD KEY `fk_dptos_paises_idx` (`idpais`),
  ADD KEY `fk_qaj_dptos_usucrea_idx` (`usu_crea`),
  ADD KEY `fk_qaj_dptos_usumod_idx` (`usu_mod`);

--
-- Indexes for table `tec_entidades`
--
ALTER TABLE `tec_entidades`
  ADD PRIMARY KEY (`identidad`);

--
-- Indexes for table `tec_equipment`
--
ALTER TABLE `tec_equipment`
  ADD PRIMARY KEY (`id`),
  ADD KEY `fk_tec_equipment_sites_idx` (`siteId`),
  ADD KEY `fk_tec_equipment_fleets` (`typeEquipamentId`),
  ADD KEY `fk_tec_equipment_models` (`idModel`);

--
-- Indexes for table `tec_equip_compos`
--
ALTER TABLE `tec_equip_compos`
  ADD KEY `fk_tec_equip_compos_equips_idx` (`idEquip`),
  ADD KEY `fk_tec_equip_compos_compos_idx` (`idCompo`);

--
-- Indexes for table `tec_equip_repos`
--
ALTER TABLE `tec_equip_repos`
  ADD PRIMARY KEY (`idEqRep`),
  ADD KEY `fk_tec_equip_repos_equips_idx` (`idEquip`),
  ADD KEY `fk_tec_equip_repos_repos_idx` (`idRepo`);

--
-- Indexes for table `tec_lists`
--
ALTER TABLE `tec_lists`
  ADD PRIMARY KEY (`id`);

--
-- Indexes for table `tec_locations`
--
ALTER TABLE `tec_locations`
  ADD PRIMARY KEY (`id`),
  ADD KEY `fk_tec_locations_sites_idx` (`siteId`);

--
-- Indexes for table `tec_options`
--
ALTER TABLE `tec_options`
  ADD PRIMARY KEY (`id`),
  ADD KEY `fk_qaj_opciones_usucrea_idx` (`usu_crea`),
  ADD KEY `fk_qaj_opciones_usumod_idx` (`usu_mod`);

--
-- Indexes for table `tec_paises`
--
ALTER TABLE `tec_paises`
  ADD PRIMARY KEY (`idpais`);

--
-- Indexes for table `tec_parts`
--
ALTER TABLE `tec_parts`
  ADD PRIMARY KEY (`id`),
  ADD KEY `fk_tec_parts_lstcats_idx` (`idCategory`),
  ADD KEY `fk_tec_parts_lstype_idx` (`idFamily`);

--
-- Indexes for table `tec_parts_flds`
--
ALTER TABLE `tec_parts_flds`
  ADD PRIMARY KEY (`id`),
  ADD KEY `fk_tec_parts_flds_parts_idx` (`idPart`),
  ADD KEY `fk_tec_parts_flds_lstflds_idx` (`idField`),
  ADD KEY `fk_tec_parts_flds_lsttyps_idx` (`idType`);

--
-- Indexes for table `tec_parts_vals`
--
ALTER TABLE `tec_parts_vals`
  ADD PRIMARY KEY (`id`),
  ADD KEY `fk_tec_parts_vals_parts_idx` (`idPart`),
  ADD KEY `fk_tec_parts_vals_projs_idx` (`idProject`);

--
-- Indexes for table `tec_perfs_opts`
--
ALTER TABLE `tec_perfs_opts`
  ADD PRIMARY KEY (`idrole`,`idoption`),
  ADD KEY `fk_qaj_perfs_opcs_opcion_idx` (`idoption`),
  ADD KEY `fk_qaj_perfs_opcs_usucrea_idx` (`usu_crea`),
  ADD KEY `fk_qaj_perfs_opcs_usumod_idx` (`usu_mod`);

--
-- Indexes for table `tec_roles`
--
ALTER TABLE `tec_roles`
  ADD PRIMARY KEY (`id`);

--
-- Indexes for table `tec_sites`
--
ALTER TABLE `tec_sites`
  ADD PRIMARY KEY (`id`),
  ADD KEY `fk_tec_sites_company_idx` (`companyId`);

--
-- Indexes for table `tec_techs`
--
ALTER TABLE `tec_techs`
  ADD PRIMARY KEY (`id`),
  ADD KEY `fk_tec_techs_sites_idx` (`siteId`),
  ADD KEY `fk_tec_techs_groups_idx` (`idGroup`);

--
-- Indexes for table `tec_typeactivity`
--
ALTER TABLE `tec_typeactivity`
  ADD PRIMARY KEY (`id`);

--
-- Indexes for table `tec_userspers`
--
ALTER TABLE `tec_userspers`
  ADD PRIMARY KEY (`id`),
  ADD KEY `fk_tec_userspers_roles_idx` (`roleId`),
  ADD KEY `fk_tec_userspers_positions_idx` (`positionId`),
  ADD KEY `fk_tec_userspers_sites_idx` (`siteId`);

--
-- Indexes for table `tec_usrproj`
--
ALTER TABLE `tec_usrproj`
  ADD PRIMARY KEY (`userId`,`projectId`),
  ADD KEY `fk_tec_usrproj_projs_idx` (`projectId`);

--
-- Indexes for table `tec_valists`
--
ALTER TABLE `tec_valists`
  ADD PRIMARY KEY (`id`),
  ADD KEY `fk_tec_valists_lists_idx` (`idlist`);

--
-- AUTO_INCREMENT for dumped tables
--

--
-- AUTO_INCREMENT for table `tec_activities`
--
ALTER TABLE `tec_activities`
  MODIFY `id` int(10) UNSIGNED NOT NULL AUTO_INCREMENT, AUTO_INCREMENT=5;

--
-- AUTO_INCREMENT for table `tec_ciudades`
--
ALTER TABLE `tec_ciudades`
  MODIFY `idciudad` int(10) UNSIGNED NOT NULL AUTO_INCREMENT COMMENT 'Id de la ciudad', AUTO_INCREMENT=1001;

--
-- AUTO_INCREMENT for table `tec_company`
--
ALTER TABLE `tec_company`
  MODIFY `id` int(10) UNSIGNED NOT NULL AUTO_INCREMENT, AUTO_INCREMENT=5;

--
-- AUTO_INCREMENT for table `tec_components`
--
ALTER TABLE `tec_components`
  MODIFY `id` int(10) UNSIGNED NOT NULL AUTO_INCREMENT, AUTO_INCREMENT=18;

--
-- AUTO_INCREMENT for table `tec_compo_vals`
--
ALTER TABLE `tec_compo_vals`
  MODIFY `id` int(10) UNSIGNED NOT NULL AUTO_INCREMENT, AUTO_INCREMENT=58;

--
-- AUTO_INCREMENT for table `tec_dptos`
--
ALTER TABLE `tec_dptos`
  MODIFY `iddpto` int(10) UNSIGNED NOT NULL AUTO_INCREMENT COMMENT 'Id del departamento', AUTO_INCREMENT=101;

--
-- AUTO_INCREMENT for table `tec_entidades`
--
ALTER TABLE `tec_entidades`
  MODIFY `identidad` int(10) UNSIGNED NOT NULL AUTO_INCREMENT COMMENT 'Id de la entidad a la que pertenecen los usuarios', AUTO_INCREMENT=3;

--
-- AUTO_INCREMENT for table `tec_equipment`
--
ALTER TABLE `tec_equipment`
  MODIFY `id` int(10) UNSIGNED NOT NULL AUTO_INCREMENT, AUTO_INCREMENT=1027;

--
-- AUTO_INCREMENT for table `tec_equip_repos`
--
ALTER TABLE `tec_equip_repos`
  MODIFY `idEqRep` int(10) UNSIGNED NOT NULL AUTO_INCREMENT, AUTO_INCREMENT=3;

--
-- AUTO_INCREMENT for table `tec_lists`
--
ALTER TABLE `tec_lists`
  MODIFY `id` int(10) UNSIGNED NOT NULL AUTO_INCREMENT, AUTO_INCREMENT=12;

--
-- AUTO_INCREMENT for table `tec_locations`
--
ALTER TABLE `tec_locations`
  MODIFY `id` int(10) UNSIGNED NOT NULL AUTO_INCREMENT, AUTO_INCREMENT=2;

--
-- AUTO_INCREMENT for table `tec_options`
--
ALTER TABLE `tec_options`
  MODIFY `id` int(10) UNSIGNED NOT NULL AUTO_INCREMENT COMMENT 'Id de la opción', AUTO_INCREMENT=22;

--
-- AUTO_INCREMENT for table `tec_paises`
--
ALTER TABLE `tec_paises`
  MODIFY `idpais` int(10) UNSIGNED NOT NULL AUTO_INCREMENT COMMENT 'Id del país', AUTO_INCREMENT=3;

--
-- AUTO_INCREMENT for table `tec_parts`
--
ALTER TABLE `tec_parts`
  MODIFY `id` int(10) UNSIGNED NOT NULL AUTO_INCREMENT, AUTO_INCREMENT=20;

--
-- AUTO_INCREMENT for table `tec_parts_flds`
--
ALTER TABLE `tec_parts_flds`
  MODIFY `id` int(10) UNSIGNED NOT NULL AUTO_INCREMENT, AUTO_INCREMENT=42;

--
-- AUTO_INCREMENT for table `tec_parts_vals`
--
ALTER TABLE `tec_parts_vals`
  MODIFY `id` int(10) UNSIGNED NOT NULL AUTO_INCREMENT, AUTO_INCREMENT=40;

--
-- AUTO_INCREMENT for table `tec_roles`
--
ALTER TABLE `tec_roles`
  MODIFY `id` int(10) UNSIGNED NOT NULL AUTO_INCREMENT COMMENT 'Id del perfil', AUTO_INCREMENT=7;

--
-- AUTO_INCREMENT for table `tec_sites`
--
ALTER TABLE `tec_sites`
  MODIFY `id` int(10) UNSIGNED NOT NULL AUTO_INCREMENT, AUTO_INCREMENT=9;

--
-- AUTO_INCREMENT for table `tec_techs`
--
ALTER TABLE `tec_techs`
  MODIFY `id` int(10) UNSIGNED NOT NULL AUTO_INCREMENT, AUTO_INCREMENT=73;

--
-- AUTO_INCREMENT for table `tec_typeactivity`
--
ALTER TABLE `tec_typeactivity`
  MODIFY `id` int(10) UNSIGNED NOT NULL AUTO_INCREMENT, AUTO_INCREMENT=6;

--
-- AUTO_INCREMENT for table `tec_userspers`
--
ALTER TABLE `tec_userspers`
  MODIFY `id` int(10) UNSIGNED NOT NULL AUTO_INCREMENT COMMENT 'Id del usuario', AUTO_INCREMENT=14;

--
-- AUTO_INCREMENT for table `tec_valists`
--
ALTER TABLE `tec_valists`
  MODIFY `id` int(10) UNSIGNED NOT NULL AUTO_INCREMENT, AUTO_INCREMENT=215;

--
-- Constraints for dumped tables
--

--
-- Constraints for table `tec_activities`
--
ALTER TABLE `tec_activities`
  ADD CONSTRAINT `fk_tec_activities_types` FOREIGN KEY (`idTypeAct`) REFERENCES `tec_typeactivity` (`id`) ON DELETE NO ACTION ON UPDATE CASCADE;

--
-- Constraints for table `tec_activ_techs`
--
ALTER TABLE `tec_activ_techs`
  ADD CONSTRAINT `fk_tec_activ_techs_activs` FOREIGN KEY (`idactiv`) REFERENCES `tec_activities` (`id`) ON DELETE NO ACTION ON UPDATE CASCADE,
  ADD CONSTRAINT `fk_tec_activ_techs_techs` FOREIGN KEY (`idtech`) REFERENCES `tec_techs` (`id`) ON DELETE NO ACTION ON UPDATE CASCADE;

--
-- Constraints for table `tec_ciudades`
--
ALTER TABLE `tec_ciudades`
  ADD CONSTRAINT `fk_ciudades_dptos` FOREIGN KEY (`iddpto`) REFERENCES `tec_dptos` (`iddpto`) ON UPDATE CASCADE,
  ADD CONSTRAINT `fk_qaj_ciudades_usucrea` FOREIGN KEY (`usu_crea`) REFERENCES `tec_userspers` (`id`) ON UPDATE CASCADE,
  ADD CONSTRAINT `fk_qaj_ciudades_usumod` FOREIGN KEY (`usu_mod`) REFERENCES `tec_userspers` (`id`) ON UPDATE CASCADE;

--
-- Constraints for table `tec_components`
--
ALTER TABLE `tec_components`
  ADD CONSTRAINT `fk_tec_components_component` FOREIGN KEY (`idComponent`) REFERENCES `tec_components` (`id`) ON UPDATE CASCADE,
  ADD CONSTRAINT `fk_tec_components_sites` FOREIGN KEY (`siteId`) REFERENCES `tec_sites` (`id`) ON UPDATE CASCADE,
  ADD CONSTRAINT `fk_tec_components_type_sys` FOREIGN KEY (`idTySys`) REFERENCES `tec_valists` (`id`) ON UPDATE CASCADE;

--
-- Constraints for table `tec_compo_vals`
--
ALTER TABLE `tec_compo_vals`
  ADD CONSTRAINT `fk_tec_compo_vals_component` FOREIGN KEY (`idComponent`) REFERENCES `tec_components` (`id`) ON UPDATE CASCADE,
  ADD CONSTRAINT `fk_tec_compo_vals_fields` FOREIGN KEY (`idField`) REFERENCES `tec_valists` (`id`) ON UPDATE CASCADE;

--
-- Constraints for table `tec_dptos`
--
ALTER TABLE `tec_dptos`
  ADD CONSTRAINT `fk_dptos_paises` FOREIGN KEY (`idpais`) REFERENCES `tec_paises` (`idpais`) ON UPDATE CASCADE,
  ADD CONSTRAINT `fk_qaj_dptos_usucrea` FOREIGN KEY (`usu_crea`) REFERENCES `tec_userspers` (`id`) ON UPDATE CASCADE,
  ADD CONSTRAINT `fk_qaj_dptos_usumod` FOREIGN KEY (`usu_mod`) REFERENCES `tec_userspers` (`id`);

--
-- Constraints for table `tec_equipment`
--
ALTER TABLE `tec_equipment`
  ADD CONSTRAINT `fk_tec_equipment_fleets` FOREIGN KEY (`typeEquipamentId`) REFERENCES `tec_valists` (`id`) ON UPDATE CASCADE,
  ADD CONSTRAINT `fk_tec_equipment_models` FOREIGN KEY (`idModel`) REFERENCES `tec_valists` (`id`) ON UPDATE CASCADE,
  ADD CONSTRAINT `fk_tec_equipment_sites` FOREIGN KEY (`siteId`) REFERENCES `tec_sites` (`id`) ON UPDATE CASCADE;

--
-- Constraints for table `tec_equip_compos`
--
ALTER TABLE `tec_equip_compos`
  ADD CONSTRAINT `fk_tec_equip_compos_compos` FOREIGN KEY (`idCompo`) REFERENCES `tec_components` (`id`) ON UPDATE CASCADE,
  ADD CONSTRAINT `fk_tec_equip_compos_equips` FOREIGN KEY (`idEquip`) REFERENCES `tec_equipment` (`id`) ON UPDATE CASCADE;

--
-- Constraints for table `tec_equip_repos`
--
ALTER TABLE `tec_equip_repos`
  ADD CONSTRAINT `fk_tec_equip_repos_equips` FOREIGN KEY (`idEquip`) REFERENCES `tec_equipment` (`id`) ON UPDATE CASCADE,
  ADD CONSTRAINT `fk_tec_equip_repos_repos` FOREIGN KEY (`idRepo`) REFERENCES `tec_parts` (`id`) ON UPDATE CASCADE;

--
-- Constraints for table `tec_locations`
--
ALTER TABLE `tec_locations`
  ADD CONSTRAINT `fk_tec_locations_sites` FOREIGN KEY (`siteId`) REFERENCES `tec_sites` (`id`) ON UPDATE CASCADE;

--
-- Constraints for table `tec_options`
--
ALTER TABLE `tec_options`
  ADD CONSTRAINT `fk_qaj_opciones_usucrea` FOREIGN KEY (`usu_crea`) REFERENCES `tec_userspers` (`id`) ON UPDATE CASCADE,
  ADD CONSTRAINT `fk_qaj_opciones_usumod` FOREIGN KEY (`usu_mod`) REFERENCES `tec_userspers` (`id`) ON UPDATE CASCADE;

--
-- Constraints for table `tec_parts`
--
ALTER TABLE `tec_parts`
  ADD CONSTRAINT `fk_tec_parts_lstcats` FOREIGN KEY (`idCategory`) REFERENCES `tec_valists` (`id`) ON UPDATE CASCADE,
  ADD CONSTRAINT `fk_tec_parts_lstfam` FOREIGN KEY (`idFamily`) REFERENCES `tec_valists` (`id`);

--
-- Constraints for table `tec_parts_flds`
--
ALTER TABLE `tec_parts_flds`
  ADD CONSTRAINT `fk_tec_parts_flds_lstflds` FOREIGN KEY (`idField`) REFERENCES `tec_valists` (`id`) ON UPDATE CASCADE,
  ADD CONSTRAINT `fk_tec_parts_flds_lsttyps` FOREIGN KEY (`idType`) REFERENCES `tec_valists` (`id`) ON UPDATE CASCADE,
  ADD CONSTRAINT `fk_tec_parts_flds_parts` FOREIGN KEY (`idPart`) REFERENCES `tec_parts` (`id`) ON UPDATE CASCADE;

--
-- Constraints for table `tec_parts_vals`
--
ALTER TABLE `tec_parts_vals`
  ADD CONSTRAINT `fk_tec_parts_vals_parts` FOREIGN KEY (`idPart`) REFERENCES `tec_parts` (`id`) ON UPDATE CASCADE,
  ADD CONSTRAINT `fk_tec_parts_vals_projs` FOREIGN KEY (`idProject`) REFERENCES `tec_sites` (`id`) ON UPDATE CASCADE;

--
-- Constraints for table `tec_perfs_opts`
--
ALTER TABLE `tec_perfs_opts`
  ADD CONSTRAINT `fk_qaj_perfs_opcs_opcion` FOREIGN KEY (`idoption`) REFERENCES `tec_options` (`id`) ON UPDATE CASCADE,
  ADD CONSTRAINT `fk_qaj_perfs_opcs_perfil` FOREIGN KEY (`idrole`) REFERENCES `tec_roles` (`id`) ON UPDATE CASCADE,
  ADD CONSTRAINT `fk_qaj_perfs_opcs_usucrea` FOREIGN KEY (`usu_crea`) REFERENCES `tec_userspers` (`id`) ON UPDATE CASCADE,
  ADD CONSTRAINT `fk_qaj_perfs_opcs_usumod` FOREIGN KEY (`usu_mod`) REFERENCES `tec_userspers` (`id`) ON UPDATE CASCADE;

--
-- Constraints for table `tec_sites`
--
ALTER TABLE `tec_sites`
  ADD CONSTRAINT `fk_tec_sites_company` FOREIGN KEY (`companyId`) REFERENCES `tec_company` (`id`) ON UPDATE CASCADE;

--
-- Constraints for table `tec_techs`
--
ALTER TABLE `tec_techs`
  ADD CONSTRAINT `fk_tec_techs_groups` FOREIGN KEY (`idGroup`) REFERENCES `tec_valists` (`id`) ON UPDATE CASCADE,
  ADD CONSTRAINT `fk_tec_techs_sites` FOREIGN KEY (`siteId`) REFERENCES `tec_sites` (`id`) ON UPDATE CASCADE;

--
-- Constraints for table `tec_userspers`
--
ALTER TABLE `tec_userspers`
  ADD CONSTRAINT `fk_tec_userspers_positions` FOREIGN KEY (`positionId`) REFERENCES `tec_valists` (`id`) ON UPDATE CASCADE,
  ADD CONSTRAINT `fk_tec_userspers_roles` FOREIGN KEY (`roleId`) REFERENCES `tec_roles` (`id`) ON UPDATE CASCADE,
  ADD CONSTRAINT `fk_tec_userspers_sites` FOREIGN KEY (`siteId`) REFERENCES `tec_sites` (`id`) ON UPDATE CASCADE;

--
-- Constraints for table `tec_usrproj`
--
ALTER TABLE `tec_usrproj`
  ADD CONSTRAINT `fk_tec_usrproj_projs` FOREIGN KEY (`projectId`) REFERENCES `tec_sites` (`id`) ON UPDATE CASCADE,
  ADD CONSTRAINT `fk_tec_usrproj_usrs` FOREIGN KEY (`userId`) REFERENCES `tec_userspers` (`id`) ON UPDATE CASCADE;

--
-- Constraints for table `tec_valists`
--
ALTER TABLE `tec_valists`
  ADD CONSTRAINT `fk_tec_valists_lists` FOREIGN KEY (`idlist`) REFERENCES `tec_lists` (`id`) ON UPDATE CASCADE;
COMMIT;
SET FOREIGN_KEY_CHECKS=1;

/*!40101 SET CHARACTER_SET_CLIENT=@OLD_CHARACTER_SET_CLIENT */;
/*!40101 SET CHARACTER_SET_RESULTS=@OLD_CHARACTER_SET_RESULTS */;
/*!40101 SET COLLATION_CONNECTION=@OLD_COLLATION_CONNECTION */;
