-- MySQL dump 10.13  Distrib 5.7.29, for Linux (x86_64)
--
-- Host: localhost    Database: tecnofuego
-- ------------------------------------------------------
-- Server version	5.7.29-0ubuntu0.18.04.1

/*!40101 SET @OLD_CHARACTER_SET_CLIENT=@@CHARACTER_SET_CLIENT */;
/*!40101 SET @OLD_CHARACTER_SET_RESULTS=@@CHARACTER_SET_RESULTS */;
/*!40101 SET @OLD_COLLATION_CONNECTION=@@COLLATION_CONNECTION */;
/*!40101 SET NAMES utf8 */;
/*!40103 SET @OLD_TIME_ZONE=@@TIME_ZONE */;
/*!40103 SET TIME_ZONE='+00:00' */;
/*!40014 SET @OLD_UNIQUE_CHECKS=@@UNIQUE_CHECKS, UNIQUE_CHECKS=0 */;
/*!40014 SET @OLD_FOREIGN_KEY_CHECKS=@@FOREIGN_KEY_CHECKS, FOREIGN_KEY_CHECKS=0 */;
/*!40101 SET @OLD_SQL_MODE=@@SQL_MODE, SQL_MODE='NO_AUTO_VALUE_ON_ZERO' */;
/*!40111 SET @OLD_SQL_NOTES=@@SQL_NOTES, SQL_NOTES=0 */;

--
-- Table structure for table `tec_activities`
--

DROP TABLE IF EXISTS `tec_activities`;
/*!40101 SET @saved_cs_client     = @@character_set_client */;
/*!40101 SET character_set_client = utf8 */;
CREATE TABLE `tec_activities` (
  `id` int(11) NOT NULL AUTO_INCREMENT,
  `version` varchar(50) DEFAULT NULL,
  `internalNumber` varchar(50) DEFAULT NULL,
  `startDate` datetime DEFAULT NULL,
  `endDate` datetime DEFAULT NULL,
  `horometer` float DEFAULT NULL,
  `installationBatteryDate` datetime DEFAULT NULL,
  `systemDetection` varchar(45) DEFAULT NULL,
  `moduleSerial` varchar(100) DEFAULT NULL,
  `fabricationDate` datetime DEFAULT NULL,
  `installationDateThermalCable` datetime DEFAULT NULL,
  `componentId` int(10) unsigned NOT NULL,
  PRIMARY KEY (`id`)
) ENGINE=InnoDB DEFAULT CHARSET=latin1;
/*!40101 SET character_set_client = @saved_cs_client */;

--
-- Dumping data for table `tec_activities`
--

LOCK TABLES `tec_activities` WRITE;
/*!40000 ALTER TABLE `tec_activities` DISABLE KEYS */;
/*!40000 ALTER TABLE `tec_activities` ENABLE KEYS */;
UNLOCK TABLES;

--
-- Table structure for table `tec_ciudades`
--

DROP TABLE IF EXISTS `tec_ciudades`;
/*!40101 SET @saved_cs_client     = @@character_set_client */;
/*!40101 SET character_set_client = utf8 */;
CREATE TABLE `tec_ciudades` (
  `idciudad` int(10) unsigned NOT NULL AUTO_INCREMENT COMMENT 'Id de la ciudad',
  `ciudad` varchar(255) NOT NULL COMMENT 'Nombre de la ciudad',
  `iddpto` int(10) unsigned NOT NULL COMMENT 'Id del departamento al que pertenece dicha ciudad',
  `edo_reg` int(10) unsigned NOT NULL COMMENT 'Estado del registro',
  `fec_crea` datetime NOT NULL COMMENT 'Fecha de creación del registro',
  `usu_crea` int(10) unsigned NOT NULL COMMENT 'Usuario que crea el registro',
  `ip_crea` varchar(15) NOT NULL COMMENT 'Ip de donde se crea el registro',
  `fec_mod` datetime DEFAULT NULL COMMENT 'Fecha de modificación del registro',
  `usu_mod` int(10) unsigned DEFAULT NULL COMMENT 'Usuario que modifica el artículo',
  `ip_mod` varchar(15) DEFAULT NULL COMMENT 'Ip de donde se modifica el registro',
  PRIMARY KEY (`idciudad`),
  KEY `fk_ciudades_dptos_idx` (`iddpto`),
  KEY `fk_qaj_ciudades_usucrea_idx` (`usu_crea`),
  KEY `fk_qaj_ciudades_usumod_idx` (`usu_mod`),
  CONSTRAINT `fk_ciudades_dptos` FOREIGN KEY (`iddpto`) REFERENCES `tec_dptos` (`iddpto`) ON DELETE NO ACTION ON UPDATE CASCADE,
  CONSTRAINT `fk_qaj_ciudades_usucrea` FOREIGN KEY (`usu_crea`) REFERENCES `tec_userspers` (`id`) ON DELETE NO ACTION ON UPDATE CASCADE,
  CONSTRAINT `fk_qaj_ciudades_usumod` FOREIGN KEY (`usu_mod`) REFERENCES `tec_userspers` (`id`) ON DELETE NO ACTION ON UPDATE CASCADE
) ENGINE=InnoDB AUTO_INCREMENT=1001 DEFAULT CHARSET=latin1;
/*!40101 SET character_set_client = @saved_cs_client */;

--
-- Dumping data for table `tec_ciudades`
--

LOCK TABLES `tec_ciudades` WRITE;
/*!40000 ALTER TABLE `tec_ciudades` DISABLE KEYS */;
INSERT INTO `tec_ciudades` VALUES (0,'N/A',0,1,'2014-04-02 19:26:11',1,'127.0.0.1',NULL,NULL,NULL),(1,'ABEJORRAL',5,1,'2014-04-02 19:26:11',1,'127.0.0.1',NULL,NULL,NULL),(2,'ÁBREGO',54,1,'2014-04-02 19:26:11',1,'127.0.0.1',NULL,NULL,NULL),(3,'ABRIAQUÍ',5,1,'2014-04-02 19:26:11',1,'127.0.0.1',NULL,NULL,NULL),(4,'ACACÍAS',50,1,'2014-04-02 19:26:11',1,'127.0.0.1',NULL,NULL,NULL),(5,'ACANDÍ',27,1,'2014-04-02 19:26:11',1,'127.0.0.1',NULL,NULL,NULL),(6,'ACEVEDO',41,1,'2014-04-02 19:26:11',1,'127.0.0.1',NULL,NULL,NULL),(7,'ACHÍ',13,1,'2014-04-02 19:26:11',1,'127.0.0.1',NULL,NULL,NULL),(8,'AGRADO',41,1,'2014-04-02 19:26:11',1,'127.0.0.1',NULL,NULL,NULL),(9,'AGUA DE DIOS',25,1,'2014-04-02 19:26:11',1,'127.0.0.1',NULL,NULL,NULL),(10,'AGUACHICA',20,1,'2014-04-02 19:26:11',1,'127.0.0.1',NULL,NULL,NULL),(11,'AGUADA',68,1,'2014-04-02 19:26:11',1,'127.0.0.1',NULL,NULL,NULL),(12,'AGUADAS',17,1,'2014-04-02 19:26:11',1,'127.0.0.1',NULL,NULL,NULL),(13,'AGUAZUL',85,1,'2014-04-02 19:26:11',1,'127.0.0.1',NULL,NULL,NULL),(14,'AGUSTÍN CODAZZI',20,1,'2014-04-02 19:26:11',1,'127.0.0.1',NULL,NULL,NULL),(15,'AIPE',41,1,'2014-04-02 19:26:11',1,'127.0.0.1',NULL,NULL,NULL),(16,'ALBÁN',25,1,'2014-04-02 19:26:11',1,'127.0.0.1',NULL,NULL,NULL),(17,'ALBANIA',18,1,'2014-04-02 19:26:11',1,'127.0.0.1',NULL,NULL,NULL),(18,'ALBANIA',44,1,'2014-04-02 19:26:11',1,'127.0.0.1',NULL,NULL,NULL),(19,'ALBANIA',68,1,'2014-04-02 19:26:11',1,'127.0.0.1',NULL,NULL,NULL),(20,'ALCALÁ',76,1,'2014-04-02 19:26:11',1,'127.0.0.1',NULL,NULL,NULL),(21,'ALDANA',52,1,'2014-04-02 19:26:11',1,'127.0.0.1',NULL,NULL,NULL),(22,'ALEJANDRÍA',5,1,'2014-04-02 19:26:11',1,'127.0.0.1',NULL,NULL,NULL),(23,'ALGARROBO',47,1,'2014-04-02 19:26:11',1,'127.0.0.1',NULL,NULL,NULL),(24,'ALGECIRAS',41,1,'2014-04-02 19:26:11',1,'127.0.0.1',NULL,NULL,NULL),(25,'ALMAGUER',19,1,'2014-04-02 19:26:11',1,'127.0.0.1',NULL,NULL,NULL),(26,'ALMEIDA',15,1,'2014-04-02 19:26:11',1,'127.0.0.1',NULL,NULL,NULL),(27,'ALPUJARRA',73,1,'2014-04-02 19:26:11',1,'127.0.0.1',NULL,NULL,NULL),(28,'ALTAMIRA',41,1,'2014-04-02 19:26:11',1,'127.0.0.1',NULL,NULL,NULL),(29,'ALTO BAUDÓ',27,1,'2014-04-02 19:26:11',1,'127.0.0.1',NULL,NULL,NULL),(30,'ALTOS DEL ROSARIO',13,1,'2014-04-02 19:26:11',1,'127.0.0.1',NULL,NULL,NULL),(31,'ALVARADO',73,1,'2014-04-02 19:26:11',1,'127.0.0.1',NULL,NULL,NULL),(32,'AMAGÁ',5,1,'2014-04-02 19:26:11',1,'127.0.0.1',NULL,NULL,NULL),(33,'AMALFI',5,1,'2014-04-02 19:26:11',1,'127.0.0.1',NULL,NULL,NULL),(34,'AMBALEMA',73,1,'2014-04-02 19:26:11',1,'127.0.0.1',NULL,NULL,NULL),(35,'ANAPOIMA',25,1,'2014-04-02 19:26:11',1,'127.0.0.1',NULL,NULL,NULL),(36,'ANCUYÁ',52,1,'2014-04-02 19:26:11',1,'127.0.0.1',NULL,NULL,NULL),(37,'ANDALUCÍA',76,1,'2014-04-02 19:26:11',1,'127.0.0.1',NULL,NULL,NULL),(38,'ANDES',5,1,'2014-04-02 19:26:11',1,'127.0.0.1',NULL,NULL,NULL),(39,'ANGELÓPOLIS',5,1,'2014-04-02 19:26:11',1,'127.0.0.1',NULL,NULL,NULL),(40,'ANGOSTURA',5,1,'2014-04-02 19:26:11',1,'127.0.0.1',NULL,NULL,NULL),(41,'ANOLAIMA',25,1,'2014-04-02 19:26:11',1,'127.0.0.1',NULL,NULL,NULL),(42,'ANORÍ',5,1,'2014-04-02 19:26:11',1,'127.0.0.1',NULL,NULL,NULL),(43,'ANSERMA',17,1,'2014-04-02 19:26:11',1,'127.0.0.1',NULL,NULL,NULL),(44,'ANSERMANUEVO',76,1,'2014-04-02 19:26:11',1,'127.0.0.1',NULL,NULL,NULL),(45,'ANZÁ',5,1,'2014-04-02 19:26:11',1,'127.0.0.1',NULL,NULL,NULL),(46,'ANZOÁTEGUI',73,1,'2014-04-02 19:26:11',1,'127.0.0.1',NULL,NULL,NULL),(47,'APARTADÓ',5,1,'2014-04-02 19:26:11',1,'127.0.0.1',NULL,NULL,NULL),(48,'APÍA',66,1,'2014-04-02 19:26:11',1,'127.0.0.1',NULL,NULL,NULL),(49,'APULO',25,1,'2014-04-02 19:26:11',1,'127.0.0.1',NULL,NULL,NULL),(50,'AQUITANIA',15,1,'2014-04-02 19:26:11',1,'127.0.0.1',NULL,NULL,NULL),(51,'ARACATACA',47,1,'2014-04-02 19:26:11',1,'127.0.0.1',NULL,NULL,NULL),(52,'ARANZAZU',17,1,'2014-04-02 19:26:11',1,'127.0.0.1',NULL,NULL,NULL),(53,'ARATOCA',68,1,'2014-04-02 19:26:11',1,'127.0.0.1',NULL,NULL,NULL),(54,'ARAUCA',81,1,'2014-04-02 19:26:11',1,'127.0.0.1',NULL,NULL,NULL),(55,'ARAUQUITA',81,1,'2014-04-02 19:26:11',1,'127.0.0.1',NULL,NULL,NULL),(56,'ARBELÁEZ',25,1,'2014-04-02 19:26:11',1,'127.0.0.1',NULL,NULL,NULL),(57,'ARBOLEDA',52,1,'2014-04-02 19:26:11',1,'127.0.0.1',NULL,NULL,NULL),(58,'ARBOLEDAS',54,1,'2014-04-02 19:26:11',1,'127.0.0.1',NULL,NULL,NULL),(59,'ARBOLETES',5,1,'2014-04-02 19:26:11',1,'127.0.0.1',NULL,NULL,NULL),(60,'ARCABUCO',15,1,'2014-04-02 19:26:11',1,'127.0.0.1',NULL,NULL,NULL),(61,'ARENAL',13,1,'2014-04-02 19:26:11',1,'127.0.0.1',NULL,NULL,NULL),(62,'ARGELIA',5,1,'2014-04-02 19:26:11',1,'127.0.0.1',NULL,NULL,NULL),(63,'ARGELIA',76,1,'2014-04-02 19:26:11',1,'127.0.0.1',NULL,NULL,NULL),(64,'ARGELIA',19,1,'2014-04-02 19:26:11',1,'127.0.0.1',NULL,NULL,NULL),(65,'ARIGUANÍ',47,1,'2014-04-02 19:26:11',1,'127.0.0.1',NULL,NULL,NULL),(66,'ARJONA',13,1,'2014-04-02 19:26:11',1,'127.0.0.1',NULL,NULL,NULL),(67,'ARMENIA',5,1,'2014-04-02 19:26:11',1,'127.0.0.1',NULL,NULL,NULL),(68,'ARMENIA',63,1,'2014-04-02 19:26:11',1,'127.0.0.1',NULL,NULL,NULL),(69,'ARMERO GUAYABAL',73,1,'2014-04-02 19:26:11',1,'127.0.0.1',NULL,NULL,NULL),(70,'ARROYOHONDO',13,1,'2014-04-02 19:26:11',1,'127.0.0.1',NULL,NULL,NULL),(71,'ASTREA',20,1,'2014-04-02 19:26:11',1,'127.0.0.1',NULL,NULL,NULL),(72,'ATACO',73,1,'2014-04-02 19:26:11',1,'127.0.0.1',NULL,NULL,NULL),(73,'ATRATO',27,1,'2014-04-02 19:26:11',1,'127.0.0.1',NULL,NULL,NULL),(74,'AYAPEL',23,1,'2014-04-02 19:26:11',1,'127.0.0.1',NULL,NULL,NULL),(75,'BAGADÓ',27,1,'2014-04-02 19:26:11',1,'127.0.0.1',NULL,NULL,NULL),(76,'BAHÍA SOLANO',27,1,'2014-04-02 19:26:11',1,'127.0.0.1',NULL,NULL,NULL),(77,'BAJO BAUDÓ',27,1,'2014-04-02 19:26:11',1,'127.0.0.1',NULL,NULL,NULL),(78,'BALBOA',19,1,'2014-04-02 19:26:11',1,'127.0.0.1',NULL,NULL,NULL),(79,'BARANOA',8,1,'2014-04-02 19:26:11',1,'127.0.0.1',NULL,NULL,NULL),(80,'BARAYA',41,1,'2014-04-02 19:26:11',1,'127.0.0.1',NULL,NULL,NULL),(81,'BARBACOAS',52,1,'2014-04-02 19:26:11',1,'127.0.0.1',NULL,NULL,NULL),(82,'BARBOSA',68,1,'2014-04-02 19:26:11',1,'127.0.0.1',NULL,NULL,NULL),(83,'BARBOSA',5,1,'2014-04-02 19:26:11',1,'127.0.0.1',NULL,NULL,NULL),(84,'BARICHARA',68,1,'2014-04-02 19:26:11',1,'127.0.0.1',NULL,NULL,NULL),(85,'BARRANCA DE UPÍA',50,1,'2014-04-02 19:26:11',1,'127.0.0.1',NULL,NULL,NULL),(86,'BARRANCABERMEJA',68,1,'2014-04-02 19:26:11',1,'127.0.0.1',NULL,NULL,NULL),(87,'BARRANCAS',44,1,'2014-04-02 19:26:11',1,'127.0.0.1',NULL,NULL,NULL),(88,'BARRANCO DE LOBA',13,1,'2014-04-02 19:26:11',1,'127.0.0.1',NULL,NULL,NULL),(89,'BARRANCO MINAS',94,1,'2014-04-02 19:26:11',1,'127.0.0.1',NULL,NULL,NULL),(90,'BARRANQUILLA',8,1,'2014-04-02 19:26:11',1,'127.0.0.1',NULL,NULL,NULL),(91,'BECERRIL',20,1,'2014-04-02 19:26:11',1,'127.0.0.1',NULL,NULL,NULL),(92,'BELALCÁZAR',17,1,'2014-04-02 19:26:11',1,'127.0.0.1',NULL,NULL,NULL),(93,'BELÉN',52,1,'2014-04-02 19:26:11',1,'127.0.0.1',NULL,NULL,NULL),(94,'BELÉN',15,1,'2014-04-02 19:26:11',1,'127.0.0.1',NULL,NULL,NULL),(95,'BELÉN DE LOS ANDAQUÍES',18,1,'2014-04-02 19:26:11',1,'127.0.0.1',NULL,NULL,NULL),(96,'BELÉN DE UMBRÍA',66,1,'2014-04-02 19:26:11',1,'127.0.0.1',NULL,NULL,NULL),(97,'BELLO',5,1,'2014-04-02 19:26:11',1,'127.0.0.1',NULL,NULL,NULL),(98,'BELMIRA',5,1,'2014-04-02 19:26:11',1,'127.0.0.1',NULL,NULL,NULL),(99,'BELTRÁN',25,1,'2014-04-02 19:26:11',1,'127.0.0.1',NULL,NULL,NULL),(100,'BERBEO',15,1,'2014-04-02 19:26:11',1,'127.0.0.1',NULL,NULL,NULL),(101,'BETANIA',5,1,'2014-04-02 19:26:11',1,'127.0.0.1',NULL,NULL,NULL),(102,'BETÉITIVA',15,1,'2014-04-02 19:26:11',1,'127.0.0.1',NULL,NULL,NULL),(103,'BETULIA',68,1,'2014-04-02 19:26:11',1,'127.0.0.1',NULL,NULL,NULL),(104,'BETULIA',5,1,'2014-04-02 19:26:11',1,'127.0.0.1',NULL,NULL,NULL),(105,'BITUIMA',25,1,'2014-04-02 19:26:11',1,'127.0.0.1',NULL,NULL,NULL),(106,'BOAVITA',15,1,'2014-04-02 19:26:11',1,'127.0.0.1',NULL,NULL,NULL),(107,'BOCHALEMA',54,1,'2014-04-02 19:26:11',1,'127.0.0.1',NULL,NULL,NULL),(108,'BOGOTÁ D.C.',11,1,'2014-04-02 19:26:11',1,'127.0.0.1',NULL,NULL,NULL),(109,'BOJACÁ',25,1,'2014-04-02 19:26:11',1,'127.0.0.1',NULL,NULL,NULL),(110,'BOJAYÁ',27,1,'2014-04-02 19:26:11',1,'127.0.0.1',NULL,NULL,NULL),(111,'BOLÍVAR',68,1,'2014-04-02 19:26:11',1,'127.0.0.1',NULL,NULL,NULL),(112,'BOLÍVAR',19,1,'2014-04-02 19:26:11',1,'127.0.0.1',NULL,NULL,NULL),(113,'BOSCONIA',20,1,'2014-04-02 19:26:11',1,'127.0.0.1',NULL,NULL,NULL),(114,'BOYACÁ',15,1,'2014-04-02 19:26:11',1,'127.0.0.1',NULL,NULL,NULL),(115,'BRICEÑO',15,1,'2014-04-02 19:26:11',1,'127.0.0.1',NULL,NULL,NULL),(116,'BRICEÑO',5,1,'2014-04-02 19:26:11',1,'127.0.0.1',NULL,NULL,NULL),(117,'BUCARAMANGA',68,1,'2014-04-02 19:26:11',1,'127.0.0.1',NULL,NULL,NULL),(118,'BUCARASICA',54,1,'2014-04-02 19:26:11',1,'127.0.0.1',NULL,NULL,NULL),(119,'BUENAVENTURA',76,1,'2014-04-02 19:26:11',1,'127.0.0.1',NULL,NULL,NULL),(120,'BUENAVISTA',15,1,'2014-04-02 19:26:11',1,'127.0.0.1',NULL,NULL,NULL),(121,'BUENAVISTA',70,1,'2014-04-02 19:26:11',1,'127.0.0.1',NULL,NULL,NULL),(122,'BUENAVISTA',23,1,'2014-04-02 19:26:11',1,'127.0.0.1',NULL,NULL,NULL),(123,'BUENAVISTA',63,1,'2014-04-02 19:26:11',1,'127.0.0.1',NULL,NULL,NULL),(124,'BUENOS AIRES',19,1,'2014-04-02 19:26:11',1,'127.0.0.1',NULL,NULL,NULL),(125,'BUESACO',52,1,'2014-04-02 19:26:11',1,'127.0.0.1',NULL,NULL,NULL),(126,'BUGALAGRANDE',76,1,'2014-04-02 19:26:11',1,'127.0.0.1',NULL,NULL,NULL),(127,'BURITICÁ',5,1,'2014-04-02 19:26:11',1,'127.0.0.1',NULL,NULL,NULL),(128,'BUSBANZÁ',15,1,'2014-04-02 19:26:11',1,'127.0.0.1',NULL,NULL,NULL),(129,'CABRERA',68,1,'2014-04-02 19:26:11',1,'127.0.0.1',NULL,NULL,NULL),(130,'CABRERA',25,1,'2014-04-02 19:26:11',1,'127.0.0.1',NULL,NULL,NULL),(131,'CABUYARO',50,1,'2014-04-02 19:26:11',1,'127.0.0.1',NULL,NULL,NULL),(132,'CACAHUAL',94,1,'2014-04-02 19:26:11',1,'127.0.0.1',NULL,NULL,NULL),(133,'CÁCERES',5,1,'2014-04-02 19:26:11',1,'127.0.0.1',NULL,NULL,NULL),(134,'CACHIPAY',25,1,'2014-04-02 19:26:11',1,'127.0.0.1',NULL,NULL,NULL),(135,'CÁCHIRA',54,1,'2014-04-02 19:26:11',1,'127.0.0.1',NULL,NULL,NULL),(136,'CÁCOTA',54,1,'2014-04-02 19:26:11',1,'127.0.0.1',NULL,NULL,NULL),(137,'CAICEDO',5,1,'2014-04-02 19:26:11',1,'127.0.0.1',NULL,NULL,NULL),(138,'CAICEDONIA',76,1,'2014-04-02 19:26:11',1,'127.0.0.1',NULL,NULL,NULL),(139,'CAIMITO',70,1,'2014-04-02 19:26:11',1,'127.0.0.1',NULL,NULL,NULL),(140,'CAJAMARCA',73,1,'2014-04-02 19:26:11',1,'127.0.0.1',NULL,NULL,NULL),(141,'CAJIBÍO',19,1,'2014-04-02 19:26:11',1,'127.0.0.1',NULL,NULL,NULL),(142,'CAJICÁ',25,1,'2014-04-02 19:26:11',1,'127.0.0.1',NULL,NULL,NULL),(143,'CALAMAR',95,1,'2014-04-02 19:26:11',1,'127.0.0.1',NULL,NULL,NULL),(144,'CALAMAR',13,1,'2014-04-02 19:26:11',1,'127.0.0.1',NULL,NULL,NULL),(145,'CALARCÁ',63,1,'2014-04-02 19:26:11',1,'127.0.0.1',NULL,NULL,NULL),(146,'CALDAS',5,1,'2014-04-02 19:26:11',1,'127.0.0.1',NULL,NULL,NULL),(147,'CALDAS',15,1,'2014-04-02 19:26:11',1,'127.0.0.1',NULL,NULL,NULL),(148,'CALDONO',19,1,'2014-04-02 19:26:11',1,'127.0.0.1',NULL,NULL,NULL),(149,'CALI',76,1,'2014-04-02 19:26:11',1,'127.0.0.1',NULL,NULL,NULL),(150,'CALIFORNIA',68,1,'2014-04-02 19:26:11',1,'127.0.0.1',NULL,NULL,NULL),(151,'CALIMA',76,1,'2014-04-02 19:26:11',1,'127.0.0.1',NULL,NULL,NULL),(152,'CALOTO',19,1,'2014-04-02 19:26:11',1,'127.0.0.1',NULL,NULL,NULL),(153,'CAMPAMENTO',5,1,'2014-04-02 19:26:11',1,'127.0.0.1',NULL,NULL,NULL),(154,'CAMPO DE LA CRUZ',8,1,'2014-04-02 19:26:11',1,'127.0.0.1',NULL,NULL,NULL),(155,'CAMPOALEGRE',41,1,'2014-04-02 19:26:11',1,'127.0.0.1',NULL,NULL,NULL),(156,'CAMPOHERMOSO',15,1,'2014-04-02 19:26:11',1,'127.0.0.1',NULL,NULL,NULL),(157,'CANALETE',23,1,'2014-04-02 19:26:11',1,'127.0.0.1',NULL,NULL,NULL),(158,'CAÑASGORDAS',5,1,'2014-04-02 19:26:11',1,'127.0.0.1',NULL,NULL,NULL),(159,'CANDELARIA',8,1,'2014-04-02 19:26:11',1,'127.0.0.1',NULL,NULL,NULL),(160,'CANDELARIA',76,1,'2014-04-02 19:26:11',1,'127.0.0.1',NULL,NULL,NULL),(161,'CANTAGALLO',13,1,'2014-04-02 19:26:11',1,'127.0.0.1',NULL,NULL,NULL),(162,'CAPARRAPÍ',25,1,'2014-04-02 19:26:11',1,'127.0.0.1',NULL,NULL,NULL),(163,'CAPITANEJO',68,1,'2014-04-02 19:26:11',1,'127.0.0.1',NULL,NULL,NULL),(164,'CÁQUEZA',25,1,'2014-04-02 19:26:11',1,'127.0.0.1',NULL,NULL,NULL),(165,'CARACOLÍ',5,1,'2014-04-02 19:26:11',1,'127.0.0.1',NULL,NULL,NULL),(166,'CARAMANTA',5,1,'2014-04-02 19:26:11',1,'127.0.0.1',NULL,NULL,NULL),(167,'CARCASÍ',68,1,'2014-04-02 19:26:11',1,'127.0.0.1',NULL,NULL,NULL),(168,'CAREPA',5,1,'2014-04-02 19:26:11',1,'127.0.0.1',NULL,NULL,NULL),(169,'CARMEN DE APICALÁ',73,1,'2014-04-02 19:26:11',1,'127.0.0.1',NULL,NULL,NULL),(170,'CARMEN DE CARUPA',25,1,'2014-04-02 19:26:11',1,'127.0.0.1',NULL,NULL,NULL),(171,'CARMEN DEL DARIÉN',27,1,'2014-04-02 19:26:11',1,'127.0.0.1',NULL,NULL,NULL),(172,'CAROLINA',5,1,'2014-04-02 19:26:11',1,'127.0.0.1',NULL,NULL,NULL),(173,'CARTAGENA DE INDIAS',13,1,'2014-04-02 19:26:11',1,'127.0.0.1',NULL,NULL,NULL),(174,'CARTAGENA DEL CHAIRÁ',18,1,'2014-04-02 19:26:11',1,'127.0.0.1',NULL,NULL,NULL),(175,'CARTAGO',76,1,'2014-04-02 19:26:11',1,'127.0.0.1',NULL,NULL,NULL),(176,'CARURÚ',97,1,'2014-04-02 19:26:11',1,'127.0.0.1',NULL,NULL,NULL),(177,'CASABIANCA',73,1,'2014-04-02 19:26:11',1,'127.0.0.1',NULL,NULL,NULL),(178,'CASTILLA LA NUEVA',50,1,'2014-04-02 19:26:11',1,'127.0.0.1',NULL,NULL,NULL),(179,'CAUCASIA',5,1,'2014-04-02 19:26:11',1,'127.0.0.1',NULL,NULL,NULL),(180,'CEPITÁ',68,1,'2014-04-02 19:26:11',1,'127.0.0.1',NULL,NULL,NULL),(181,'CERETÉ',23,1,'2014-04-02 19:26:11',1,'127.0.0.1',NULL,NULL,NULL),(182,'CERINZA',15,1,'2014-04-02 19:26:11',1,'127.0.0.1',NULL,NULL,NULL),(183,'CERRITO',68,1,'2014-04-02 19:26:11',1,'127.0.0.1',NULL,NULL,NULL),(184,'CERRO DE SAN ANTONIO',47,1,'2014-04-02 19:26:11',1,'127.0.0.1',NULL,NULL,NULL),(185,'CÉRTEGUI',27,1,'2014-04-02 19:26:11',1,'127.0.0.1',NULL,NULL,NULL),(186,'CHACHAGÜÍ',52,1,'2014-04-02 19:26:11',1,'127.0.0.1',NULL,NULL,NULL),(187,'CHAGUANÍ',25,1,'2014-04-02 19:26:11',1,'127.0.0.1',NULL,NULL,NULL),(188,'CHALÁN',70,1,'2014-04-02 19:26:11',1,'127.0.0.1',NULL,NULL,NULL),(189,'CHÁMEZA',85,1,'2014-04-02 19:26:11',1,'127.0.0.1',NULL,NULL,NULL),(190,'CHAPARRAL',73,1,'2014-04-02 19:26:11',1,'127.0.0.1',NULL,NULL,NULL),(191,'CHARALÁ',68,1,'2014-04-02 19:26:11',1,'127.0.0.1',NULL,NULL,NULL),(192,'CHARTA',68,1,'2014-04-02 19:26:11',1,'127.0.0.1',NULL,NULL,NULL),(193,'CHÍA',25,1,'2014-04-02 19:26:11',1,'127.0.0.1',NULL,NULL,NULL),(194,'CHIGORODÓ',5,1,'2014-04-02 19:26:11',1,'127.0.0.1',NULL,NULL,NULL),(195,'CHIMA',68,1,'2014-04-02 19:26:11',1,'127.0.0.1',NULL,NULL,NULL),(196,'CHIMÁ',23,1,'2014-04-02 19:26:11',1,'127.0.0.1',NULL,NULL,NULL),(197,'CHIMICHAGUA',20,1,'2014-04-02 19:26:11',1,'127.0.0.1',NULL,NULL,NULL),(198,'CHINÁCOTA',54,1,'2014-04-02 19:26:11',1,'127.0.0.1',NULL,NULL,NULL),(199,'CHINAVITA',15,1,'2014-04-02 19:26:11',1,'127.0.0.1',NULL,NULL,NULL),(200,'CHINCHINÁ',17,1,'2014-04-02 19:26:11',1,'127.0.0.1',NULL,NULL,NULL),(201,'CHINÚ',23,1,'2014-04-02 19:26:11',1,'127.0.0.1',NULL,NULL,NULL),(202,'CHIPAQUE',25,1,'2014-04-02 19:26:11',1,'127.0.0.1',NULL,NULL,NULL),(203,'CHIPATÁ',68,1,'2014-04-02 19:26:11',1,'127.0.0.1',NULL,NULL,NULL),(204,'CHIQUINQUIRÁ',15,1,'2014-04-02 19:26:11',1,'127.0.0.1',NULL,NULL,NULL),(205,'CHÍQUIZA',15,1,'2014-04-02 19:26:11',1,'127.0.0.1',NULL,NULL,NULL),(206,'CHIRIGUANÁ',20,1,'2014-04-02 19:26:11',1,'127.0.0.1',NULL,NULL,NULL),(207,'CHISCAS',15,1,'2014-04-02 19:26:11',1,'127.0.0.1',NULL,NULL,NULL),(208,'CHITA',15,1,'2014-04-02 19:26:11',1,'127.0.0.1',NULL,NULL,NULL),(209,'CHITAGÁ',54,1,'2014-04-02 19:26:11',1,'127.0.0.1',NULL,NULL,NULL),(210,'CHITARAQUE',15,1,'2014-04-02 19:26:11',1,'127.0.0.1',NULL,NULL,NULL),(211,'CHIVATÁ',15,1,'2014-04-02 19:26:11',1,'127.0.0.1',NULL,NULL,NULL),(212,'CHIVOLO',47,1,'2014-04-02 19:26:11',1,'127.0.0.1',NULL,NULL,NULL),(213,'CHIVOR',15,1,'2014-04-02 19:26:11',1,'127.0.0.1',NULL,NULL,NULL),(214,'CHOACHÍ',25,1,'2014-04-02 19:26:11',1,'127.0.0.1',NULL,NULL,NULL),(215,'CHOCONTÁ',25,1,'2014-04-02 19:26:11',1,'127.0.0.1',NULL,NULL,NULL),(216,'CICUCO',13,1,'2014-04-02 19:26:11',1,'127.0.0.1',NULL,NULL,NULL),(217,'CIÉNAGA',47,1,'2014-04-02 19:26:11',1,'127.0.0.1',NULL,NULL,NULL),(218,'CIÉNAGA DE ORO',23,1,'2014-04-02 19:26:11',1,'127.0.0.1',NULL,NULL,NULL),(219,'CIÉNEGA',15,1,'2014-04-02 19:26:11',1,'127.0.0.1',NULL,NULL,NULL),(220,'CIMITARRA',68,1,'2014-04-02 19:26:11',1,'127.0.0.1',NULL,NULL,NULL),(221,'CIRCASIA',63,1,'2014-04-02 19:26:11',1,'127.0.0.1',NULL,NULL,NULL),(222,'CISNEROS',5,1,'2014-04-02 19:26:11',1,'127.0.0.1',NULL,NULL,NULL),(223,'CIUDAD BOLÍVAR',5,1,'2014-04-02 19:26:11',1,'127.0.0.1',NULL,NULL,NULL),(224,'CLEMENCIA',13,1,'2014-04-02 19:26:11',1,'127.0.0.1',NULL,NULL,NULL),(225,'COCORNÁ',5,1,'2014-04-02 19:26:11',1,'127.0.0.1',NULL,NULL,NULL),(226,'COELLO',73,1,'2014-04-02 19:26:11',1,'127.0.0.1',NULL,NULL,NULL),(227,'COGUA',25,1,'2014-04-02 19:26:11',1,'127.0.0.1',NULL,NULL,NULL),(228,'COLOMBIA',41,1,'2014-04-02 19:26:11',1,'127.0.0.1',NULL,NULL,NULL),(229,'COLÓN',86,1,'2014-04-02 19:26:11',1,'127.0.0.1',NULL,NULL,NULL),(230,'COLÓN',52,1,'2014-04-02 19:26:11',1,'127.0.0.1',NULL,NULL,NULL),(231,'COLOSÓ',70,1,'2014-04-02 19:26:11',1,'127.0.0.1',NULL,NULL,NULL),(232,'CÓMBITA',15,1,'2014-04-02 19:26:11',1,'127.0.0.1',NULL,NULL,NULL),(233,'CONCEPCIÓN',5,1,'2014-04-02 19:26:11',1,'127.0.0.1',NULL,NULL,NULL),(234,'CONCEPCIÓN',68,1,'2014-04-02 19:26:11',1,'127.0.0.1',NULL,NULL,NULL),(235,'CONCORDIA',47,1,'2014-04-02 19:26:11',1,'127.0.0.1',NULL,NULL,NULL),(236,'CONCORDIA',5,1,'2014-04-02 19:26:11',1,'127.0.0.1',NULL,NULL,NULL),(237,'CONDOTO',27,1,'2014-04-02 19:26:11',1,'127.0.0.1',NULL,NULL,NULL),(238,'CONFINES',68,1,'2014-04-02 19:26:11',1,'127.0.0.1',NULL,NULL,NULL),(239,'CONSACÁ',52,1,'2014-04-02 19:26:11',1,'127.0.0.1',NULL,NULL,NULL),(240,'CONTADERO',52,1,'2014-04-02 19:26:11',1,'127.0.0.1',NULL,NULL,NULL),(241,'CONTRATACIÓN',68,1,'2014-04-02 19:26:11',1,'127.0.0.1',NULL,NULL,NULL),(242,'CONVENCIÓN',54,1,'2014-04-02 19:26:11',1,'127.0.0.1',NULL,NULL,NULL),(243,'COPACABANA',5,1,'2014-04-02 19:26:11',1,'127.0.0.1',NULL,NULL,NULL),(244,'COPER',15,1,'2014-04-02 19:26:11',1,'127.0.0.1',NULL,NULL,NULL),(245,'CÓRDOBA',13,1,'2014-04-02 19:26:11',1,'127.0.0.1',NULL,NULL,NULL),(246,'CÓRDOBA',52,1,'2014-04-02 19:26:11',1,'127.0.0.1',NULL,NULL,NULL),(247,'CORINTO',19,1,'2014-04-02 19:26:11',1,'127.0.0.1',NULL,NULL,NULL),(248,'COROMORO',68,1,'2014-04-02 19:26:11',1,'127.0.0.1',NULL,NULL,NULL),(249,'COROZAL',70,1,'2014-04-02 19:26:11',1,'127.0.0.1',NULL,NULL,NULL),(250,'CORRALES',15,1,'2014-04-02 19:26:11',1,'127.0.0.1',NULL,NULL,NULL),(251,'COTA',25,1,'2014-04-02 19:26:11',1,'127.0.0.1',NULL,NULL,NULL),(252,'COTORRA',23,1,'2014-04-02 19:26:11',1,'127.0.0.1',NULL,NULL,NULL),(253,'COVARACHÍA',15,1,'2014-04-02 19:26:11',1,'127.0.0.1',NULL,NULL,NULL),(254,'COVEÑAS',70,1,'2014-04-02 19:26:11',1,'127.0.0.1',NULL,NULL,NULL),(255,'COYAIMA',73,1,'2014-04-02 19:26:11',1,'127.0.0.1',NULL,NULL,NULL),(256,'CRAVO NORTE',81,1,'2014-04-02 19:26:11',1,'127.0.0.1',NULL,NULL,NULL),(257,'CUASPÚD',52,1,'2014-04-02 19:26:11',1,'127.0.0.1',NULL,NULL,NULL),(258,'CUBARÁ',15,1,'2014-04-02 19:26:11',1,'127.0.0.1',NULL,NULL,NULL),(259,'CUBARRAL',50,1,'2014-04-02 19:26:11',1,'127.0.0.1',NULL,NULL,NULL),(260,'CUCAITA',15,1,'2014-04-02 19:26:11',1,'127.0.0.1',NULL,NULL,NULL),(261,'CUCUNUBÁ',25,1,'2014-04-02 19:26:11',1,'127.0.0.1',NULL,NULL,NULL),(262,'CÚCUTA',54,1,'2014-04-02 19:26:11',1,'127.0.0.1',NULL,NULL,NULL),(263,'CUCUTILLA',54,1,'2014-04-02 19:26:11',1,'127.0.0.1',NULL,NULL,NULL),(264,'CUÍTIVA',15,1,'2014-04-02 19:26:11',1,'127.0.0.1',NULL,NULL,NULL),(265,'CUMARAL',50,1,'2014-04-02 19:26:11',1,'127.0.0.1',NULL,NULL,NULL),(266,'CUMARIBO',99,1,'2014-04-02 19:26:11',1,'127.0.0.1',NULL,NULL,NULL),(267,'CUMBAL',52,1,'2014-04-02 19:26:11',1,'127.0.0.1',NULL,NULL,NULL),(268,'CUMBITARA',52,1,'2014-04-02 19:26:11',1,'127.0.0.1',NULL,NULL,NULL),(269,'CUNDAY',73,1,'2014-04-02 19:26:11',1,'127.0.0.1',NULL,NULL,NULL),(270,'CURILLO',18,1,'2014-04-02 19:26:11',1,'127.0.0.1',NULL,NULL,NULL),(271,'CURITÍ',68,1,'2014-04-02 19:26:11',1,'127.0.0.1',NULL,NULL,NULL),(272,'CURUMANÍ',20,1,'2014-04-02 19:26:11',1,'127.0.0.1',NULL,NULL,NULL),(273,'DABEIBA',5,1,'2014-04-02 19:26:11',1,'127.0.0.1',NULL,NULL,NULL),(274,'DAGUA',76,1,'2014-04-02 19:26:11',1,'127.0.0.1',NULL,NULL,NULL),(275,'DIBULLA',44,1,'2014-04-02 19:26:11',1,'127.0.0.1',NULL,NULL,NULL),(276,'DISTRACCIÓN',44,1,'2014-04-02 19:26:11',1,'127.0.0.1',NULL,NULL,NULL),(277,'DOLORES',73,1,'2014-04-02 19:26:11',1,'127.0.0.1',NULL,NULL,NULL),(278,'DONMATÍAS',5,1,'2014-04-02 19:26:11',1,'127.0.0.1',NULL,NULL,NULL),(279,'DOSQUEBRADAS',66,1,'2014-04-02 19:26:11',1,'127.0.0.1',NULL,NULL,NULL),(280,'DUITAMA',15,1,'2014-04-02 19:26:11',1,'127.0.0.1',NULL,NULL,NULL),(281,'DURANIA',54,1,'2014-04-02 19:26:11',1,'127.0.0.1',NULL,NULL,NULL),(282,'EBÉJICO',5,1,'2014-04-02 19:26:11',1,'127.0.0.1',NULL,NULL,NULL),(283,'EL ÁGUILA',76,1,'2014-04-02 19:26:11',1,'127.0.0.1',NULL,NULL,NULL),(284,'EL BAGRE',5,1,'2014-04-02 19:26:11',1,'127.0.0.1',NULL,NULL,NULL),(285,'EL BANCO',47,1,'2014-04-02 19:26:11',1,'127.0.0.1',NULL,NULL,NULL),(286,'EL CAIRO',76,1,'2014-04-02 19:26:11',1,'127.0.0.1',NULL,NULL,NULL),(287,'EL CALVARIO',50,1,'2014-04-02 19:26:11',1,'127.0.0.1',NULL,NULL,NULL),(288,'EL CANTÓN DEL SAN PABLO',27,1,'2014-04-02 19:26:11',1,'127.0.0.1',NULL,NULL,NULL),(289,'EL CARMEN',54,1,'2014-04-02 19:26:11',1,'127.0.0.1',NULL,NULL,NULL),(290,'EL CARMEN DE ATRATO',27,1,'2014-04-02 19:26:11',1,'127.0.0.1',NULL,NULL,NULL),(291,'EL CARMEN DE BOLÍVAR',13,1,'2014-04-02 19:26:11',1,'127.0.0.1',NULL,NULL,NULL),(292,'EL CARMEN DE CHUCURÍ',68,1,'2014-04-02 19:26:11',1,'127.0.0.1',NULL,NULL,NULL),(293,'EL CARMEN DE VIBORAL',5,1,'2014-04-02 19:26:11',1,'127.0.0.1',NULL,NULL,NULL),(294,'EL CASTILLO',50,1,'2014-04-02 19:26:11',1,'127.0.0.1',NULL,NULL,NULL),(295,'EL CERRITO',76,1,'2014-04-02 19:26:11',1,'127.0.0.1',NULL,NULL,NULL),(296,'EL CHARCO',52,1,'2014-04-02 19:26:11',1,'127.0.0.1',NULL,NULL,NULL),(297,'EL COCUY',15,1,'2014-04-02 19:26:11',1,'127.0.0.1',NULL,NULL,NULL),(298,'EL COLEGIO',25,1,'2014-04-02 19:26:11',1,'127.0.0.1',NULL,NULL,NULL),(299,'EL COPEY',20,1,'2014-04-02 19:26:11',1,'127.0.0.1',NULL,NULL,NULL),(300,'EL DONCELLO',18,1,'2014-04-02 19:26:11',1,'127.0.0.1',NULL,NULL,NULL),(301,'EL DORADO',50,1,'2014-04-02 19:26:11',1,'127.0.0.1',NULL,NULL,NULL),(302,'EL DOVIO',76,1,'2014-04-02 19:26:11',1,'127.0.0.1',NULL,NULL,NULL),(303,'EL ENCANTO',91,1,'2014-04-02 19:26:11',1,'127.0.0.1',NULL,NULL,NULL),(304,'EL ESPINO',15,1,'2014-04-02 19:26:11',1,'127.0.0.1',NULL,NULL,NULL),(305,'EL GUACAMAYO',68,1,'2014-04-02 19:26:11',1,'127.0.0.1',NULL,NULL,NULL),(306,'EL GUAMO',13,1,'2014-04-02 19:26:11',1,'127.0.0.1',NULL,NULL,NULL),(307,'EL LITORAL DEL SAN JUAN',27,1,'2014-04-02 19:26:11',1,'127.0.0.1',NULL,NULL,NULL),(308,'EL MOLINO',44,1,'2014-04-02 19:26:11',1,'127.0.0.1',NULL,NULL,NULL),(309,'EL PASO',20,1,'2014-04-02 19:26:11',1,'127.0.0.1',NULL,NULL,NULL),(310,'EL PAUJÍL',18,1,'2014-04-02 19:26:11',1,'127.0.0.1',NULL,NULL,NULL),(311,'EL PEÑOL',52,1,'2014-04-02 19:26:11',1,'127.0.0.1',NULL,NULL,NULL),(312,'EL PEÑÓN',68,1,'2014-04-02 19:26:11',1,'127.0.0.1',NULL,NULL,NULL),(313,'EL PEÑÓN',25,1,'2014-04-02 19:26:11',1,'127.0.0.1',NULL,NULL,NULL),(314,'EL PEÑÓN',13,1,'2014-04-02 19:26:11',1,'127.0.0.1',NULL,NULL,NULL),(315,'EL PIÑÓN',47,1,'2014-04-02 19:26:11',1,'127.0.0.1',NULL,NULL,NULL),(316,'EL PLAYÓN',68,1,'2014-04-02 19:26:11',1,'127.0.0.1',NULL,NULL,NULL),(317,'EL RETÉN',47,1,'2014-04-02 19:26:11',1,'127.0.0.1',NULL,NULL,NULL),(318,'EL RETORNO',95,1,'2014-04-02 19:26:11',1,'127.0.0.1',NULL,NULL,NULL),(319,'EL ROBLE',70,1,'2014-04-02 19:26:11',1,'127.0.0.1',NULL,NULL,NULL),(320,'EL ROSAL',25,1,'2014-04-02 19:26:11',1,'127.0.0.1',NULL,NULL,NULL),(321,'EL ROSARIO',52,1,'2014-04-02 19:26:11',1,'127.0.0.1',NULL,NULL,NULL),(322,'EL SANTUARIO',5,1,'2014-04-02 19:26:11',1,'127.0.0.1',NULL,NULL,NULL),(323,'EL TABLÓN DE GÓMEZ',52,1,'2014-04-02 19:26:11',1,'127.0.0.1',NULL,NULL,NULL),(324,'EL TAMBO',19,1,'2014-04-02 19:26:11',1,'127.0.0.1',NULL,NULL,NULL),(325,'EL TAMBO',52,1,'2014-04-02 19:26:11',1,'127.0.0.1',NULL,NULL,NULL),(326,'EL TARRA',54,1,'2014-04-02 19:26:11',1,'127.0.0.1',NULL,NULL,NULL),(327,'EL ZULIA',54,1,'2014-04-02 19:26:11',1,'127.0.0.1',NULL,NULL,NULL),(328,'ELÍAS',41,1,'2014-04-02 19:26:11',1,'127.0.0.1',NULL,NULL,NULL),(329,'ENCINO',68,1,'2014-04-02 19:26:11',1,'127.0.0.1',NULL,NULL,NULL),(330,'ENCISO',68,1,'2014-04-02 19:26:11',1,'127.0.0.1',NULL,NULL,NULL),(331,'ENTRERRÍOS',5,1,'2014-04-02 19:26:11',1,'127.0.0.1',NULL,NULL,NULL),(332,'ENVIGADO',5,1,'2014-04-02 19:26:11',1,'127.0.0.1',NULL,NULL,NULL),(333,'ESPINAL',73,1,'2014-04-02 19:26:11',1,'127.0.0.1',NULL,NULL,NULL),(334,'FACATATIVÁ',25,1,'2014-04-02 19:26:11',1,'127.0.0.1',NULL,NULL,NULL),(335,'FALAN',73,1,'2014-04-02 19:26:11',1,'127.0.0.1',NULL,NULL,NULL),(336,'FILADELFIA',17,1,'2014-04-02 19:26:11',1,'127.0.0.1',NULL,NULL,NULL),(337,'FILANDIA',63,1,'2014-04-02 19:26:11',1,'127.0.0.1',NULL,NULL,NULL),(338,'FIRAVITOBA',15,1,'2014-04-02 19:26:11',1,'127.0.0.1',NULL,NULL,NULL),(339,'FLANDES',73,1,'2014-04-02 19:26:11',1,'127.0.0.1',NULL,NULL,NULL),(340,'FLORENCIA',18,1,'2014-04-02 19:26:11',1,'127.0.0.1',NULL,NULL,NULL),(341,'FLORENCIA',19,1,'2014-04-02 19:26:11',1,'127.0.0.1',NULL,NULL,NULL),(342,'FLORESTA',15,1,'2014-04-02 19:26:11',1,'127.0.0.1',NULL,NULL,NULL),(343,'FLORIÁN',68,1,'2014-04-02 19:26:11',1,'127.0.0.1',NULL,NULL,NULL),(344,'FLORIDA',76,1,'2014-04-02 19:26:11',1,'127.0.0.1',NULL,NULL,NULL),(345,'FLORIDABLANCA',68,1,'2014-04-02 19:26:11',1,'127.0.0.1',NULL,NULL,NULL),(346,'FÓMEQUE',25,1,'2014-04-02 19:26:11',1,'127.0.0.1',NULL,NULL,NULL),(347,'FONSECA',44,1,'2014-04-02 19:26:11',1,'127.0.0.1',NULL,NULL,NULL),(348,'FORTUL',81,1,'2014-04-02 19:26:11',1,'127.0.0.1',NULL,NULL,NULL),(349,'FOSCA',25,1,'2014-04-02 19:26:11',1,'127.0.0.1',NULL,NULL,NULL),(350,'FRANCISCO PIZARRO',52,1,'2014-04-02 19:26:11',1,'127.0.0.1',NULL,NULL,NULL),(351,'FREDONIA',5,1,'2014-04-02 19:26:11',1,'127.0.0.1',NULL,NULL,NULL),(352,'FRESNO',73,1,'2014-04-02 19:26:11',1,'127.0.0.1',NULL,NULL,NULL),(353,'FRONTINO',5,1,'2014-04-02 19:26:11',1,'127.0.0.1',NULL,NULL,NULL),(354,'FUENTE DE ORO',50,1,'2014-04-02 19:26:11',1,'127.0.0.1',NULL,NULL,NULL),(355,'FUNDACIÓN',47,1,'2014-04-02 19:26:11',1,'127.0.0.1',NULL,NULL,NULL),(356,'FUNES',52,1,'2014-04-02 19:26:11',1,'127.0.0.1',NULL,NULL,NULL),(357,'FUNZA',25,1,'2014-04-02 19:26:11',1,'127.0.0.1',NULL,NULL,NULL),(358,'FÚQUENE',25,1,'2014-04-02 19:26:11',1,'127.0.0.1',NULL,NULL,NULL),(359,'FUSAGASUGÁ',25,1,'2014-04-02 19:26:11',1,'127.0.0.1',NULL,NULL,NULL),(360,'GACHALÁ',25,1,'2014-04-02 19:26:11',1,'127.0.0.1',NULL,NULL,NULL),(361,'GACHANCIPÁ',25,1,'2014-04-02 19:26:11',1,'127.0.0.1',NULL,NULL,NULL),(362,'GACHANTIVÁ',15,1,'2014-04-02 19:26:11',1,'127.0.0.1',NULL,NULL,NULL),(363,'GACHETÁ',25,1,'2014-04-02 19:26:11',1,'127.0.0.1',NULL,NULL,NULL),(364,'GALÁN',68,1,'2014-04-02 19:26:11',1,'127.0.0.1',NULL,NULL,NULL),(365,'GALAPA',8,1,'2014-04-02 19:26:11',1,'127.0.0.1',NULL,NULL,NULL),(366,'GALERAS',70,1,'2014-04-02 19:26:11',1,'127.0.0.1',NULL,NULL,NULL),(367,'GAMA',25,1,'2014-04-02 19:26:11',1,'127.0.0.1',NULL,NULL,NULL),(368,'GAMARRA',20,1,'2014-04-02 19:26:11',1,'127.0.0.1',NULL,NULL,NULL),(369,'GÁMBITA',68,1,'2014-04-02 19:26:11',1,'127.0.0.1',NULL,NULL,NULL),(370,'GÁMEZA',15,1,'2014-04-02 19:26:11',1,'127.0.0.1',NULL,NULL,NULL),(371,'GARAGOA',15,1,'2014-04-02 19:26:11',1,'127.0.0.1',NULL,NULL,NULL),(372,'GARZÓN',41,1,'2014-04-02 19:26:11',1,'127.0.0.1',NULL,NULL,NULL),(373,'GÉNOVA',63,1,'2014-04-02 19:26:11',1,'127.0.0.1',NULL,NULL,NULL),(374,'GIGANTE',41,1,'2014-04-02 19:26:11',1,'127.0.0.1',NULL,NULL,NULL),(375,'GINEBRA',76,1,'2014-04-02 19:26:11',1,'127.0.0.1',NULL,NULL,NULL),(376,'GIRALDO',5,1,'2014-04-02 19:26:11',1,'127.0.0.1',NULL,NULL,NULL),(377,'GIRARDOT',25,1,'2014-04-02 19:26:11',1,'127.0.0.1',NULL,NULL,NULL),(378,'GIRARDOTA',5,1,'2014-04-02 19:26:11',1,'127.0.0.1',NULL,NULL,NULL),(379,'GIRÓN',68,1,'2014-04-02 19:26:11',1,'127.0.0.1',NULL,NULL,NULL),(380,'GÓMEZ PLATA',5,1,'2014-04-02 19:26:11',1,'127.0.0.1',NULL,NULL,NULL),(381,'GONZÁLEZ',20,1,'2014-04-02 19:26:11',1,'127.0.0.1',NULL,NULL,NULL),(382,'GRAMALOTE',54,1,'2014-04-02 19:26:11',1,'127.0.0.1',NULL,NULL,NULL),(383,'GRANADA',5,1,'2014-04-02 19:26:11',1,'127.0.0.1',NULL,NULL,NULL),(384,'GRANADA',25,1,'2014-04-02 19:26:11',1,'127.0.0.1',NULL,NULL,NULL),(385,'GUACA',68,1,'2014-04-02 19:26:11',1,'127.0.0.1',NULL,NULL,NULL),(386,'GUACAMAYAS',15,1,'2014-04-02 19:26:11',1,'127.0.0.1',NULL,NULL,NULL),(387,'GUACARÍ',76,1,'2014-04-02 19:26:11',1,'127.0.0.1',NULL,NULL,NULL),(388,'GUACHENÉ',19,1,'2014-04-02 19:26:11',1,'127.0.0.1',NULL,NULL,NULL),(389,'GUACHETÁ',25,1,'2014-04-02 19:26:11',1,'127.0.0.1',NULL,NULL,NULL),(390,'GUACHUCAL',52,1,'2014-04-02 19:26:11',1,'127.0.0.1',NULL,NULL,NULL),(391,'GUADALAJARA DE BUGA',76,1,'2014-04-02 19:26:11',1,'127.0.0.1',NULL,NULL,NULL),(392,'GUADALUPE',5,1,'2014-04-02 19:26:11',1,'127.0.0.1',NULL,NULL,NULL),(393,'GUADALUPE',41,1,'2014-04-02 19:26:11',1,'127.0.0.1',NULL,NULL,NULL),(394,'GUADALUPE',68,1,'2014-04-02 19:26:11',1,'127.0.0.1',NULL,NULL,NULL),(395,'GUADUAS',25,1,'2014-04-02 19:26:11',1,'127.0.0.1',NULL,NULL,NULL),(396,'GUAITARILLA',52,1,'2014-04-02 19:26:11',1,'127.0.0.1',NULL,NULL,NULL),(397,'GUALMATÁN',52,1,'2014-04-02 19:26:11',1,'127.0.0.1',NULL,NULL,NULL),(398,'GUAMAL',47,1,'2014-04-02 19:26:11',1,'127.0.0.1',NULL,NULL,NULL),(399,'GUAMO',73,1,'2014-04-02 19:26:11',1,'127.0.0.1',NULL,NULL,NULL),(400,'GUAPÍ',19,1,'2014-04-02 19:26:11',1,'127.0.0.1',NULL,NULL,NULL),(401,'GUAPOTÁ',68,1,'2014-04-02 19:26:11',1,'127.0.0.1',NULL,NULL,NULL),(402,'GUARANDA',70,1,'2014-04-02 19:26:11',1,'127.0.0.1',NULL,NULL,NULL),(403,'GUARNE',5,1,'2014-04-02 19:26:11',1,'127.0.0.1',NULL,NULL,NULL),(404,'GUASCA',25,1,'2014-04-02 19:26:11',1,'127.0.0.1',NULL,NULL,NULL),(405,'GUATAPÉ',5,1,'2014-04-02 19:26:11',1,'127.0.0.1',NULL,NULL,NULL),(406,'GUATAQUÍ',25,1,'2014-04-02 19:26:11',1,'127.0.0.1',NULL,NULL,NULL),(407,'GUATAVITA',25,1,'2014-04-02 19:26:11',1,'127.0.0.1',NULL,NULL,NULL),(408,'GUATEQUE',15,1,'2014-04-02 19:26:11',1,'127.0.0.1',NULL,NULL,NULL),(409,'GUÁTICA',66,1,'2014-04-02 19:26:11',1,'127.0.0.1',NULL,NULL,NULL),(410,'GUAVATÁ',68,1,'2014-04-02 19:26:11',1,'127.0.0.1',NULL,NULL,NULL),(411,'GUAYABAL DE SÍQUIMA',25,1,'2014-04-02 19:26:11',1,'127.0.0.1',NULL,NULL,NULL),(412,'GUAYABETAL',25,1,'2014-04-02 19:26:11',1,'127.0.0.1',NULL,NULL,NULL),(413,'GUAYATÁ',15,1,'2014-04-02 19:26:11',1,'127.0.0.1',NULL,NULL,NULL),(414,'GUTIÉRREZ',25,1,'2014-04-02 19:26:11',1,'127.0.0.1',NULL,NULL,NULL),(415,'GÜEPSA',68,1,'2014-04-02 19:26:11',1,'127.0.0.1',NULL,NULL,NULL),(416,'GÜICÁN',15,1,'2014-04-02 19:26:11',1,'127.0.0.1',NULL,NULL,NULL),(417,'HACARÍ',54,1,'2014-04-02 19:26:11',1,'127.0.0.1',NULL,NULL,NULL),(418,'HATILLO DE LOBA',13,1,'2014-04-02 19:26:11',1,'127.0.0.1',NULL,NULL,NULL),(419,'HATO',68,1,'2014-04-02 19:26:11',1,'127.0.0.1',NULL,NULL,NULL),(420,'HATO COROZAL',85,1,'2014-04-02 19:26:11',1,'127.0.0.1',NULL,NULL,NULL),(421,'HATONUEVO',44,1,'2014-04-02 19:26:11',1,'127.0.0.1',NULL,NULL,NULL),(422,'HELICONIA',5,1,'2014-04-02 19:26:11',1,'127.0.0.1',NULL,NULL,NULL),(423,'HERRÁN',54,1,'2014-04-02 19:26:11',1,'127.0.0.1',NULL,NULL,NULL),(424,'HERVEO',73,1,'2014-04-02 19:26:11',1,'127.0.0.1',NULL,NULL,NULL),(425,'HISPANIA',5,1,'2014-04-02 19:26:11',1,'127.0.0.1',NULL,NULL,NULL),(426,'HOBO',41,1,'2014-04-02 19:26:11',1,'127.0.0.1',NULL,NULL,NULL),(427,'HONDA',73,1,'2014-04-02 19:26:11',1,'127.0.0.1',NULL,NULL,NULL),(428,'IBAGUÉ',73,1,'2014-04-02 19:26:11',1,'127.0.0.1',NULL,NULL,NULL),(429,'ICONONZO',73,1,'2014-04-02 19:26:11',1,'127.0.0.1',NULL,NULL,NULL),(430,'ILES',52,1,'2014-04-02 19:26:11',1,'127.0.0.1',NULL,NULL,NULL),(431,'IMUÉS',52,1,'2014-04-02 19:26:11',1,'127.0.0.1',NULL,NULL,NULL),(432,'INÍRIDA',94,1,'2014-04-02 19:26:11',1,'127.0.0.1',NULL,NULL,NULL),(433,'INZÁ',19,1,'2014-04-02 19:26:11',1,'127.0.0.1',NULL,NULL,NULL),(434,'IPIALES',52,1,'2014-04-02 19:26:11',1,'127.0.0.1',NULL,NULL,NULL),(435,'ÍQUIRA',41,1,'2014-04-02 19:26:11',1,'127.0.0.1',NULL,NULL,NULL),(436,'ISNOS',41,1,'2014-04-02 19:26:11',1,'127.0.0.1',NULL,NULL,NULL),(437,'ISTMINA',27,1,'2014-04-02 19:26:11',1,'127.0.0.1',NULL,NULL,NULL),(438,'ITAGÜÍ',5,1,'2014-04-02 19:26:11',1,'127.0.0.1',NULL,NULL,NULL),(439,'ITUANGO',5,1,'2014-04-02 19:26:11',1,'127.0.0.1',NULL,NULL,NULL),(440,'IZA',15,1,'2014-04-02 19:26:11',1,'127.0.0.1',NULL,NULL,NULL),(441,'JAMBALÓ',19,1,'2014-04-02 19:26:11',1,'127.0.0.1',NULL,NULL,NULL),(442,'JAMUNDÍ',76,1,'2014-04-02 19:26:11',1,'127.0.0.1',NULL,NULL,NULL),(443,'JARDÍN',5,1,'2014-04-02 19:26:11',1,'127.0.0.1',NULL,NULL,NULL),(444,'JENESANO',15,1,'2014-04-02 19:26:11',1,'127.0.0.1',NULL,NULL,NULL),(445,'JERICÓ',5,1,'2014-04-02 19:26:11',1,'127.0.0.1',NULL,NULL,NULL),(446,'JERUSALÉN',25,1,'2014-04-02 19:26:11',1,'127.0.0.1',NULL,NULL,NULL),(447,'JESÚS MARÍA',68,1,'2014-04-02 19:26:11',1,'127.0.0.1',NULL,NULL,NULL),(448,'JORDÁN',68,1,'2014-04-02 19:26:11',1,'127.0.0.1',NULL,NULL,NULL),(449,'JUAN DE ACOSTA',8,1,'2014-04-02 19:26:11',1,'127.0.0.1',NULL,NULL,NULL),(450,'JUNÍN',25,1,'2014-04-02 19:26:11',1,'127.0.0.1',NULL,NULL,NULL),(451,'JURADÓ',27,1,'2014-04-02 19:26:11',1,'127.0.0.1',NULL,NULL,NULL),(452,'LA APARTADA',23,1,'2014-04-02 19:26:11',1,'127.0.0.1',NULL,NULL,NULL),(453,'LA ARGENTINA',41,1,'2014-04-02 19:26:11',1,'127.0.0.1',NULL,NULL,NULL),(454,'LA BELLEZA',68,1,'2014-04-02 19:26:11',1,'127.0.0.1',NULL,NULL,NULL),(455,'LA CALERA',25,1,'2014-04-02 19:26:11',1,'127.0.0.1',NULL,NULL,NULL),(456,'LA CAPILLA',15,1,'2014-04-02 19:26:11',1,'127.0.0.1',NULL,NULL,NULL),(457,'LA CEJA',5,1,'2014-04-02 19:26:11',1,'127.0.0.1',NULL,NULL,NULL),(458,'LA CELIA',66,1,'2014-04-02 19:26:11',1,'127.0.0.1',NULL,NULL,NULL),(459,'LA CHORRERA',91,1,'2014-04-02 19:26:11',1,'127.0.0.1',NULL,NULL,NULL),(460,'LA CRUZ',52,1,'2014-04-02 19:26:11',1,'127.0.0.1',NULL,NULL,NULL),(461,'LA CUMBRE',76,1,'2014-04-02 19:26:11',1,'127.0.0.1',NULL,NULL,NULL),(462,'LA DORADA',17,1,'2014-04-02 19:26:11',1,'127.0.0.1',NULL,NULL,NULL),(463,'LA ESPERANZA',54,1,'2014-04-02 19:26:11',1,'127.0.0.1',NULL,NULL,NULL),(464,'LA ESTRELLA',5,1,'2014-04-02 19:26:11',1,'127.0.0.1',NULL,NULL,NULL),(465,'LA FLORIDA',52,1,'2014-04-02 19:26:11',1,'127.0.0.1',NULL,NULL,NULL),(466,'LA GLORIA',20,1,'2014-04-02 19:26:11',1,'127.0.0.1',NULL,NULL,NULL),(467,'LA GUADALUPE',94,1,'2014-04-02 19:26:11',1,'127.0.0.1',NULL,NULL,NULL),(468,'LA JAGUA DE IBIRICO',20,1,'2014-04-02 19:26:11',1,'127.0.0.1',NULL,NULL,NULL),(469,'LA JAGUA DEL PILAR',44,1,'2014-04-02 19:26:11',1,'127.0.0.1',NULL,NULL,NULL),(470,'LA LLANADA',52,1,'2014-04-02 19:26:11',1,'127.0.0.1',NULL,NULL,NULL),(471,'LA MACARENA',50,1,'2014-04-02 19:26:11',1,'127.0.0.1',NULL,NULL,NULL),(472,'LA MERCED',17,1,'2014-04-02 19:26:11',1,'127.0.0.1',NULL,NULL,NULL),(473,'LA MESA',25,1,'2014-04-02 19:26:11',1,'127.0.0.1',NULL,NULL,NULL),(474,'LA MONTAÑITA',18,1,'2014-04-02 19:26:11',1,'127.0.0.1',NULL,NULL,NULL),(475,'LA PALMA',25,1,'2014-04-02 19:26:11',1,'127.0.0.1',NULL,NULL,NULL),(476,'LA PAZ',20,1,'2014-04-02 19:26:11',1,'127.0.0.1',NULL,NULL,NULL),(477,'LA PAZ',68,1,'2014-04-02 19:26:11',1,'127.0.0.1',NULL,NULL,NULL),(478,'LA PEDRERA',91,1,'2014-04-02 19:26:11',1,'127.0.0.1',NULL,NULL,NULL),(479,'LA PEÑA',25,1,'2014-04-02 19:26:11',1,'127.0.0.1',NULL,NULL,NULL),(480,'LA PINTADA',5,1,'2014-04-02 19:26:11',1,'127.0.0.1',NULL,NULL,NULL),(481,'LA PLATA',41,1,'2014-04-02 19:26:11',1,'127.0.0.1',NULL,NULL,NULL),(482,'LA PLAYA',54,1,'2014-04-02 19:26:11',1,'127.0.0.1',NULL,NULL,NULL),(483,'LA PRIMAVERA',99,1,'2014-04-02 19:26:11',1,'127.0.0.1',NULL,NULL,NULL),(484,'LA SALINA',85,1,'2014-04-02 19:26:11',1,'127.0.0.1',NULL,NULL,NULL),(485,'LA SIERRA',19,1,'2014-04-02 19:26:11',1,'127.0.0.1',NULL,NULL,NULL),(486,'LA TEBAIDA',63,1,'2014-04-02 19:26:11',1,'127.0.0.1',NULL,NULL,NULL),(487,'LA TOLA',52,1,'2014-04-02 19:26:11',1,'127.0.0.1',NULL,NULL,NULL),(488,'LA UNIÓN',5,1,'2014-04-02 19:26:11',1,'127.0.0.1',NULL,NULL,NULL),(489,'LA UNIÓN',52,1,'2014-04-02 19:26:11',1,'127.0.0.1',NULL,NULL,NULL),(490,'LA UVITA',15,1,'2014-04-02 19:26:11',1,'127.0.0.1',NULL,NULL,NULL),(491,'LA VEGA',25,1,'2014-04-02 19:26:11',1,'127.0.0.1',NULL,NULL,NULL),(492,'LA VEGA',19,1,'2014-04-02 19:26:11',1,'127.0.0.1',NULL,NULL,NULL),(493,'LA VICTORIA',15,1,'2014-04-02 19:26:11',1,'127.0.0.1',NULL,NULL,NULL),(494,'LA VICTORIA',91,1,'2014-04-02 19:26:11',1,'127.0.0.1',NULL,NULL,NULL),(495,'LA VICTORIA',76,1,'2014-04-02 19:26:11',1,'127.0.0.1',NULL,NULL,NULL),(496,'LA VIRGINIA',66,1,'2014-04-02 19:26:11',1,'127.0.0.1',NULL,NULL,NULL),(497,'LABATECA',54,1,'2014-04-02 19:26:11',1,'127.0.0.1',NULL,NULL,NULL),(498,'LABRANZAGRANDE',15,1,'2014-04-02 19:26:11',1,'127.0.0.1',NULL,NULL,NULL),(499,'LANDÁZURI',68,1,'2014-04-02 19:26:11',1,'127.0.0.1',NULL,NULL,NULL),(500,'LEBRIJA',68,1,'2014-04-02 19:26:11',1,'127.0.0.1',NULL,NULL,NULL),(501,'LEIVA',52,1,'2014-04-02 19:26:11',1,'127.0.0.1',NULL,NULL,NULL),(502,'LEJANÍAS',50,1,'2014-04-02 19:26:11',1,'127.0.0.1',NULL,NULL,NULL),(503,'LENGUAZAQUE',25,1,'2014-04-02 19:26:11',1,'127.0.0.1',NULL,NULL,NULL),(504,'LÉRIDA',73,1,'2014-04-02 19:26:11',1,'127.0.0.1',NULL,NULL,NULL),(505,'LETICIA',91,1,'2014-04-02 19:26:11',1,'127.0.0.1',NULL,NULL,NULL),(506,'LÍBANO',73,1,'2014-04-02 19:26:11',1,'127.0.0.1',NULL,NULL,NULL),(507,'LIBORINA',5,1,'2014-04-02 19:26:11',1,'127.0.0.1',NULL,NULL,NULL),(508,'LINARES',52,1,'2014-04-02 19:26:11',1,'127.0.0.1',NULL,NULL,NULL),(509,'LLORÓ',27,1,'2014-04-02 19:26:11',1,'127.0.0.1',NULL,NULL,NULL),(510,'LÓPEZ DE MICAY',19,1,'2014-04-02 19:26:11',1,'127.0.0.1',NULL,NULL,NULL),(511,'LORICA',23,1,'2014-04-02 19:26:11',1,'127.0.0.1',NULL,NULL,NULL),(512,'LOS ANDES',52,1,'2014-04-02 19:26:11',1,'127.0.0.1',NULL,NULL,NULL),(513,'LOS CÓRDOBAS',23,1,'2014-04-02 19:26:11',1,'127.0.0.1',NULL,NULL,NULL),(514,'LOS PALMITOS',70,1,'2014-04-02 19:26:11',1,'127.0.0.1',NULL,NULL,NULL),(515,'LOS PATIOS',54,1,'2014-04-02 19:26:11',1,'127.0.0.1',NULL,NULL,NULL),(516,'LOS SANTOS',68,1,'2014-04-02 19:26:11',1,'127.0.0.1',NULL,NULL,NULL),(517,'LOURDES',54,1,'2014-04-02 19:26:11',1,'127.0.0.1',NULL,NULL,NULL),(518,'LURUACO',8,1,'2014-04-02 19:26:11',1,'127.0.0.1',NULL,NULL,NULL),(519,'MACANAL',15,1,'2014-04-02 19:26:11',1,'127.0.0.1',NULL,NULL,NULL),(520,'MACARAVITA',68,1,'2014-04-02 19:26:11',1,'127.0.0.1',NULL,NULL,NULL),(521,'MACEO',5,1,'2014-04-02 19:26:11',1,'127.0.0.1',NULL,NULL,NULL),(522,'MACHETÁ',25,1,'2014-04-02 19:26:11',1,'127.0.0.1',NULL,NULL,NULL),(523,'MADRID',25,1,'2014-04-02 19:26:11',1,'127.0.0.1',NULL,NULL,NULL),(524,'MAGANGUÉ',13,1,'2014-04-02 19:26:11',1,'127.0.0.1',NULL,NULL,NULL),(525,'MAGÜÍ',52,1,'2014-04-02 19:26:11',1,'127.0.0.1',NULL,NULL,NULL),(526,'MAHATES',13,1,'2014-04-02 19:26:11',1,'127.0.0.1',NULL,NULL,NULL),(527,'MAICAO',44,1,'2014-04-02 19:26:11',1,'127.0.0.1',NULL,NULL,NULL),(528,'MAJAGUAL',70,1,'2014-04-02 19:26:11',1,'127.0.0.1',NULL,NULL,NULL),(529,'MÁLAGA',68,1,'2014-04-02 19:26:11',1,'127.0.0.1',NULL,NULL,NULL),(530,'MALAMBO',8,1,'2014-04-02 19:26:11',1,'127.0.0.1',NULL,NULL,NULL),(531,'MALLAMA',52,1,'2014-04-02 19:26:11',1,'127.0.0.1',NULL,NULL,NULL),(532,'MANATÍ',8,1,'2014-04-02 19:26:11',1,'127.0.0.1',NULL,NULL,NULL),(533,'MANAURE',44,1,'2014-04-02 19:26:11',1,'127.0.0.1',NULL,NULL,NULL),(534,'MANAURE BALCÓN DEL CESAR',20,1,'2014-04-02 19:26:11',1,'127.0.0.1',NULL,NULL,NULL),(535,'MANÍ',85,1,'2014-04-02 19:26:11',1,'127.0.0.1',NULL,NULL,NULL),(536,'MANIZALES',17,1,'2014-04-02 19:26:11',1,'127.0.0.1',NULL,NULL,NULL),(537,'MANTA',25,1,'2014-04-02 19:26:11',1,'127.0.0.1',NULL,NULL,NULL),(538,'MANZANARES',17,1,'2014-04-02 19:26:11',1,'127.0.0.1',NULL,NULL,NULL),(539,'MAPIRIPÁN',50,1,'2014-04-02 19:26:11',1,'127.0.0.1',NULL,NULL,NULL),(540,'MAPIRIPANA',94,1,'2014-04-02 19:26:11',1,'127.0.0.1',NULL,NULL,NULL),(541,'MARGARITA',13,1,'2014-04-02 19:26:11',1,'127.0.0.1',NULL,NULL,NULL),(542,'MARÍA LA BAJA',13,1,'2014-04-02 19:26:11',1,'127.0.0.1',NULL,NULL,NULL),(543,'MARINILLA',5,1,'2014-04-02 19:26:11',1,'127.0.0.1',NULL,NULL,NULL),(544,'MARIPÍ',15,1,'2014-04-02 19:26:11',1,'127.0.0.1',NULL,NULL,NULL),(545,'MARMATO',17,1,'2014-04-02 19:26:11',1,'127.0.0.1',NULL,NULL,NULL),(546,'MARQUETALIA',17,1,'2014-04-02 19:26:11',1,'127.0.0.1',NULL,NULL,NULL),(547,'MARSELLA',66,1,'2014-04-02 19:26:11',1,'127.0.0.1',NULL,NULL,NULL),(548,'MARULANDA',17,1,'2014-04-02 19:26:11',1,'127.0.0.1',NULL,NULL,NULL),(549,'MATANZA',68,1,'2014-04-02 19:26:11',1,'127.0.0.1',NULL,NULL,NULL),(550,'MEDELLÍN',5,1,'2014-04-02 19:26:11',1,'127.0.0.1',NULL,NULL,NULL),(551,'MEDINA',25,1,'2014-04-02 19:26:11',1,'127.0.0.1',NULL,NULL,NULL),(552,'MEDIO ATRATO',27,1,'2014-04-02 19:26:11',1,'127.0.0.1',NULL,NULL,NULL),(553,'MEDIO BAUDÓ',27,1,'2014-04-02 19:26:11',1,'127.0.0.1',NULL,NULL,NULL),(554,'MEDIO SAN JUAN',27,1,'2014-04-02 19:26:11',1,'127.0.0.1',NULL,NULL,NULL),(555,'MELGAR',73,1,'2014-04-02 19:26:11',1,'127.0.0.1',NULL,NULL,NULL),(556,'MERCADERES',19,1,'2014-04-02 19:26:11',1,'127.0.0.1',NULL,NULL,NULL),(557,'MESETAS',50,1,'2014-04-02 19:26:11',1,'127.0.0.1',NULL,NULL,NULL),(558,'MILÁN',18,1,'2014-04-02 19:26:11',1,'127.0.0.1',NULL,NULL,NULL),(559,'MIRAFLORES',95,1,'2014-04-02 19:26:11',1,'127.0.0.1',NULL,NULL,NULL),(560,'MIRAFLORES',15,1,'2014-04-02 19:26:11',1,'127.0.0.1',NULL,NULL,NULL),(561,'MIRANDA',19,1,'2014-04-02 19:26:11',1,'127.0.0.1',NULL,NULL,NULL),(562,'MIRITÍ - PARANÁ',91,1,'2014-04-02 19:26:11',1,'127.0.0.1',NULL,NULL,NULL),(563,'MISTRATÓ',66,1,'2014-04-02 19:26:11',1,'127.0.0.1',NULL,NULL,NULL),(564,'MITÚ',97,1,'2014-04-02 19:26:11',1,'127.0.0.1',NULL,NULL,NULL),(565,'MOCOA',86,1,'2014-04-02 19:26:11',1,'127.0.0.1',NULL,NULL,NULL),(566,'MOGOTES',68,1,'2014-04-02 19:26:11',1,'127.0.0.1',NULL,NULL,NULL),(567,'MOLAGAVITA',68,1,'2014-04-02 19:26:11',1,'127.0.0.1',NULL,NULL,NULL),(568,'MOMIL',23,1,'2014-04-02 19:26:11',1,'127.0.0.1',NULL,NULL,NULL),(569,'MOMPÓS',13,1,'2014-04-02 19:26:11',1,'127.0.0.1',NULL,NULL,NULL),(570,'MONGUA',15,1,'2014-04-02 19:26:11',1,'127.0.0.1',NULL,NULL,NULL),(571,'MONGUÍ',15,1,'2014-04-02 19:26:11',1,'127.0.0.1',NULL,NULL,NULL),(572,'MONIQUIRÁ',15,1,'2014-04-02 19:26:11',1,'127.0.0.1',NULL,NULL,NULL),(573,'MOÑITOS',23,1,'2014-04-02 19:26:11',1,'127.0.0.1',NULL,NULL,NULL),(574,'MONTEBELLO',5,1,'2014-04-02 19:26:11',1,'127.0.0.1',NULL,NULL,NULL),(575,'MONTECRISTO',13,1,'2014-04-02 19:26:11',1,'127.0.0.1',NULL,NULL,NULL),(576,'MONTELÍBANO',23,1,'2014-04-02 19:26:11',1,'127.0.0.1',NULL,NULL,NULL),(577,'MONTENEGRO',63,1,'2014-04-02 19:26:11',1,'127.0.0.1',NULL,NULL,NULL),(578,'MONTERÍA',23,1,'2014-04-02 19:26:11',1,'127.0.0.1',NULL,NULL,NULL),(579,'MONTERREY',85,1,'2014-04-02 19:26:11',1,'127.0.0.1',NULL,NULL,NULL),(580,'MORALES',13,1,'2014-04-02 19:26:11',1,'127.0.0.1',NULL,NULL,NULL),(581,'MORELIA',18,1,'2014-04-02 19:26:11',1,'127.0.0.1',NULL,NULL,NULL),(582,'MORICHAL',94,1,'2014-04-02 19:26:11',1,'127.0.0.1',NULL,NULL,NULL),(583,'MORROA',70,1,'2014-04-02 19:26:11',1,'127.0.0.1',NULL,NULL,NULL),(584,'MOSQUERA',25,1,'2014-04-02 19:26:11',1,'127.0.0.1',NULL,NULL,NULL),(585,'MOTAVITA',15,1,'2014-04-02 19:26:11',1,'127.0.0.1',NULL,NULL,NULL),(586,'MURILLO',73,1,'2014-04-02 19:26:11',1,'127.0.0.1',NULL,NULL,NULL),(587,'MURINDÓ',5,1,'2014-04-02 19:26:11',1,'127.0.0.1',NULL,NULL,NULL),(588,'MUTATÁ',5,1,'2014-04-02 19:26:11',1,'127.0.0.1',NULL,NULL,NULL),(589,'MUTISCUA',54,1,'2014-04-02 19:26:11',1,'127.0.0.1',NULL,NULL,NULL),(590,'MUZO',15,1,'2014-04-02 19:26:11',1,'127.0.0.1',NULL,NULL,NULL),(591,'NARIÑO',5,1,'2014-04-02 19:26:11',1,'127.0.0.1',NULL,NULL,NULL),(592,'NARIÑO',52,1,'2014-04-02 19:26:11',1,'127.0.0.1',NULL,NULL,NULL),(593,'NÁTAGA',41,1,'2014-04-02 19:26:11',1,'127.0.0.1',NULL,NULL,NULL),(594,'NATAGAIMA',73,1,'2014-04-02 19:26:11',1,'127.0.0.1',NULL,NULL,NULL),(595,'NECHÍ',5,1,'2014-04-02 19:26:11',1,'127.0.0.1',NULL,NULL,NULL),(596,'NECOCLÍ',5,1,'2014-04-02 19:26:11',1,'127.0.0.1',NULL,NULL,NULL),(597,'NEIRA',17,1,'2014-04-02 19:26:11',1,'127.0.0.1',NULL,NULL,NULL),(598,'NEIVA',41,1,'2014-04-02 19:26:11',1,'127.0.0.1',NULL,NULL,NULL),(599,'NEMOCÓN',25,1,'2014-04-02 19:26:11',1,'127.0.0.1',NULL,NULL,NULL),(600,'NILO',25,1,'2014-04-02 19:26:11',1,'127.0.0.1',NULL,NULL,NULL),(601,'NIMAIMA',25,1,'2014-04-02 19:26:11',1,'127.0.0.1',NULL,NULL,NULL),(602,'NOBSA',15,1,'2014-04-02 19:26:11',1,'127.0.0.1',NULL,NULL,NULL),(603,'NOCAIMA',25,1,'2014-04-02 19:26:11',1,'127.0.0.1',NULL,NULL,NULL),(604,'NORCASIA',17,1,'2014-04-02 19:26:11',1,'127.0.0.1',NULL,NULL,NULL),(605,'NOROSÍ',13,1,'2014-04-02 19:26:11',1,'127.0.0.1',NULL,NULL,NULL),(606,'NÓVITA',27,1,'2014-04-02 19:26:11',1,'127.0.0.1',NULL,NULL,NULL),(607,'NUEVA GRANADA',47,1,'2014-04-02 19:26:11',1,'127.0.0.1',NULL,NULL,NULL),(608,'NUEVO COLÓN',15,1,'2014-04-02 19:26:11',1,'127.0.0.1',NULL,NULL,NULL),(609,'NUNCHÍA',85,1,'2014-04-02 19:26:11',1,'127.0.0.1',NULL,NULL,NULL),(610,'NUQUÍ',27,1,'2014-04-02 19:26:11',1,'127.0.0.1',NULL,NULL,NULL),(611,'OBANDO',76,1,'2014-04-02 19:26:11',1,'127.0.0.1',NULL,NULL,NULL),(612,'OCAMONTE',68,1,'2014-04-02 19:26:11',1,'127.0.0.1',NULL,NULL,NULL),(613,'OCAÑA',54,1,'2014-04-02 19:26:11',1,'127.0.0.1',NULL,NULL,NULL),(614,'OIBA',68,1,'2014-04-02 19:26:11',1,'127.0.0.1',NULL,NULL,NULL),(615,'OICATÁ',15,1,'2014-04-02 19:26:11',1,'127.0.0.1',NULL,NULL,NULL),(616,'OLAYA',5,1,'2014-04-02 19:26:11',1,'127.0.0.1',NULL,NULL,NULL),(617,'OLAYA HERRERA',52,1,'2014-04-02 19:26:11',1,'127.0.0.1',NULL,NULL,NULL),(618,'ONZAGA',68,1,'2014-04-02 19:26:11',1,'127.0.0.1',NULL,NULL,NULL),(619,'OPORAPA',41,1,'2014-04-02 19:26:11',1,'127.0.0.1',NULL,NULL,NULL),(620,'ORITO',86,1,'2014-04-02 19:26:11',1,'127.0.0.1',NULL,NULL,NULL),(621,'OROCUÉ',85,1,'2014-04-02 19:26:11',1,'127.0.0.1',NULL,NULL,NULL),(622,'ORTEGA',73,1,'2014-04-02 19:26:11',1,'127.0.0.1',NULL,NULL,NULL),(623,'OSPINA',52,1,'2014-04-02 19:26:11',1,'127.0.0.1',NULL,NULL,NULL),(624,'OTANCHE',15,1,'2014-04-02 19:26:11',1,'127.0.0.1',NULL,NULL,NULL),(625,'OVEJAS',70,1,'2014-04-02 19:26:11',1,'127.0.0.1',NULL,NULL,NULL),(626,'PACHAVITA',15,1,'2014-04-02 19:26:11',1,'127.0.0.1',NULL,NULL,NULL),(627,'PACHO',25,1,'2014-04-02 19:26:11',1,'127.0.0.1',NULL,NULL,NULL),(628,'PACOA',97,1,'2014-04-02 19:26:11',1,'127.0.0.1',NULL,NULL,NULL),(629,'PÁCORA',17,1,'2014-04-02 19:26:11',1,'127.0.0.1',NULL,NULL,NULL),(630,'PADILLA',19,1,'2014-04-02 19:26:11',1,'127.0.0.1',NULL,NULL,NULL),(631,'PÁEZ',19,1,'2014-04-02 19:26:11',1,'127.0.0.1',NULL,NULL,NULL),(632,'PÁEZ',15,1,'2014-04-02 19:26:11',1,'127.0.0.1',NULL,NULL,NULL),(633,'PAICOL',41,1,'2014-04-02 19:26:11',1,'127.0.0.1',NULL,NULL,NULL),(634,'PAILITAS',20,1,'2014-04-02 19:26:11',1,'127.0.0.1',NULL,NULL,NULL),(635,'PAIME',25,1,'2014-04-02 19:26:11',1,'127.0.0.1',NULL,NULL,NULL),(636,'PAIPA',15,1,'2014-04-02 19:26:11',1,'127.0.0.1',NULL,NULL,NULL),(637,'PAJARITO',15,1,'2014-04-02 19:26:11',1,'127.0.0.1',NULL,NULL,NULL),(638,'PALERMO',41,1,'2014-04-02 19:26:11',1,'127.0.0.1',NULL,NULL,NULL),(639,'PALESTINA',41,1,'2014-04-02 19:26:11',1,'127.0.0.1',NULL,NULL,NULL),(640,'PALESTINA',17,1,'2014-04-02 19:26:11',1,'127.0.0.1',NULL,NULL,NULL),(641,'PALMAR',68,1,'2014-04-02 19:26:11',1,'127.0.0.1',NULL,NULL,NULL),(642,'PALMAR DE VARELA',8,1,'2014-04-02 19:26:11',1,'127.0.0.1',NULL,NULL,NULL),(643,'PALMAS DEL SOCORRO',68,1,'2014-04-02 19:26:11',1,'127.0.0.1',NULL,NULL,NULL),(644,'PALMIRA',76,1,'2014-04-02 19:26:11',1,'127.0.0.1',NULL,NULL,NULL),(645,'PALMITO',70,1,'2014-04-02 19:26:11',1,'127.0.0.1',NULL,NULL,NULL),(646,'PALOCABILDO',73,1,'2014-04-02 19:26:11',1,'127.0.0.1',NULL,NULL,NULL),(647,'PAMPLONA',54,1,'2014-04-02 19:26:11',1,'127.0.0.1',NULL,NULL,NULL),(648,'PAMPLONITA',54,1,'2014-04-02 19:26:11',1,'127.0.0.1',NULL,NULL,NULL),(649,'PANA PANA',94,1,'2014-04-02 19:26:11',1,'127.0.0.1',NULL,NULL,NULL),(650,'PANDI',25,1,'2014-04-02 19:26:11',1,'127.0.0.1',NULL,NULL,NULL),(651,'PANQUEBA',15,1,'2014-04-02 19:26:11',1,'127.0.0.1',NULL,NULL,NULL),(652,'PAPUNAUA',97,1,'2014-04-02 19:26:11',1,'127.0.0.1',NULL,NULL,NULL),(653,'PÁRAMO',68,1,'2014-04-02 19:26:11',1,'127.0.0.1',NULL,NULL,NULL),(654,'PARATEBUENO',25,1,'2014-04-02 19:26:11',1,'127.0.0.1',NULL,NULL,NULL),(655,'PASCA',25,1,'2014-04-02 19:26:11',1,'127.0.0.1',NULL,NULL,NULL),(656,'PASTO',52,1,'2014-04-02 19:26:11',1,'127.0.0.1',NULL,NULL,NULL),(657,'PATÍA',19,1,'2014-04-02 19:26:11',1,'127.0.0.1',NULL,NULL,NULL),(658,'PAUNA',15,1,'2014-04-02 19:26:11',1,'127.0.0.1',NULL,NULL,NULL),(659,'PAYA',15,1,'2014-04-02 19:26:11',1,'127.0.0.1',NULL,NULL,NULL),(660,'PAZ DE ARIPORO',85,1,'2014-04-02 19:26:11',1,'127.0.0.1',NULL,NULL,NULL),(661,'PAZ DE RÍO',15,1,'2014-04-02 19:26:11',1,'127.0.0.1',NULL,NULL,NULL),(662,'PEDRAZA',47,1,'2014-04-02 19:26:11',1,'127.0.0.1',NULL,NULL,NULL),(663,'PELAYA',20,1,'2014-04-02 19:26:11',1,'127.0.0.1',NULL,NULL,NULL),(664,'PEÑOL',5,1,'2014-04-02 19:26:11',1,'127.0.0.1',NULL,NULL,NULL),(665,'PENSILVANIA',17,1,'2014-04-02 19:26:11',1,'127.0.0.1',NULL,NULL,NULL),(666,'PEQUE',5,1,'2014-04-02 19:26:11',1,'127.0.0.1',NULL,NULL,NULL),(667,'PEREIRA',66,1,'2014-04-02 19:26:11',1,'127.0.0.1',NULL,NULL,NULL),(668,'PESCA',15,1,'2014-04-02 19:26:11',1,'127.0.0.1',NULL,NULL,NULL),(669,'PIAMONTE',19,1,'2014-04-02 19:26:11',1,'127.0.0.1',NULL,NULL,NULL),(670,'PIEDECUESTA',68,1,'2014-04-02 19:26:11',1,'127.0.0.1',NULL,NULL,NULL),(671,'PIEDRAS',73,1,'2014-04-02 19:26:11',1,'127.0.0.1',NULL,NULL,NULL),(672,'PIENDAMÓ',19,1,'2014-04-02 19:26:11',1,'127.0.0.1',NULL,NULL,NULL),(673,'PIJAO',63,1,'2014-04-02 19:26:11',1,'127.0.0.1',NULL,NULL,NULL),(674,'PIJIÑO DEL CARMEN',47,1,'2014-04-02 19:26:11',1,'127.0.0.1',NULL,NULL,NULL),(675,'PINCHOTE',68,1,'2014-04-02 19:26:11',1,'127.0.0.1',NULL,NULL,NULL),(676,'PINILLOS',13,1,'2014-04-02 19:26:11',1,'127.0.0.1',NULL,NULL,NULL),(677,'PIOJÓ',8,1,'2014-04-02 19:26:11',1,'127.0.0.1',NULL,NULL,NULL),(678,'PISBA',15,1,'2014-04-02 19:26:11',1,'127.0.0.1',NULL,NULL,NULL),(679,'PITAL',41,1,'2014-04-02 19:26:11',1,'127.0.0.1',NULL,NULL,NULL),(680,'PITALITO',41,1,'2014-04-02 19:26:11',1,'127.0.0.1',NULL,NULL,NULL),(681,'PIVIJAY',47,1,'2014-04-02 19:26:11',1,'127.0.0.1',NULL,NULL,NULL),(682,'PLANADAS',73,1,'2014-04-02 19:26:11',1,'127.0.0.1',NULL,NULL,NULL),(683,'PLANETA RICA',23,1,'2014-04-02 19:26:11',1,'127.0.0.1',NULL,NULL,NULL),(684,'PLATO',47,1,'2014-04-02 19:26:11',1,'127.0.0.1',NULL,NULL,NULL),(685,'POLICARPA',52,1,'2014-04-02 19:26:11',1,'127.0.0.1',NULL,NULL,NULL),(686,'POLONUEVO',8,1,'2014-04-02 19:26:11',1,'127.0.0.1',NULL,NULL,NULL),(687,'PONEDERA',8,1,'2014-04-02 19:26:11',1,'127.0.0.1',NULL,NULL,NULL),(688,'POPAYÁN',19,1,'2014-04-02 19:26:11',1,'127.0.0.1',NULL,NULL,NULL),(689,'PORE',85,1,'2014-04-02 19:26:11',1,'127.0.0.1',NULL,NULL,NULL),(690,'POTOSÍ',52,1,'2014-04-02 19:26:11',1,'127.0.0.1',NULL,NULL,NULL),(691,'PRADERA',76,1,'2014-04-02 19:26:11',1,'127.0.0.1',NULL,NULL,NULL),(692,'PRADO',73,1,'2014-04-02 19:26:11',1,'127.0.0.1',NULL,NULL,NULL),(693,'PROVIDENCIA',88,1,'2014-04-02 19:26:11',1,'127.0.0.1',NULL,NULL,NULL),(694,'PROVIDENCIA',52,1,'2014-04-02 19:26:11',1,'127.0.0.1',NULL,NULL,NULL),(695,'PUEBLO BELLO',20,1,'2014-04-02 19:26:11',1,'127.0.0.1',NULL,NULL,NULL),(696,'PUEBLO NUEVO',23,1,'2014-04-02 19:26:11',1,'127.0.0.1',NULL,NULL,NULL),(697,'PUEBLO RICO',66,1,'2014-04-02 19:26:11',1,'127.0.0.1',NULL,NULL,NULL),(698,'PUEBLORRICO',5,1,'2014-04-02 19:26:11',1,'127.0.0.1',NULL,NULL,NULL),(699,'PUEBLOVIEJO',47,1,'2014-04-02 19:26:11',1,'127.0.0.1',NULL,NULL,NULL),(700,'PUENTE NACIONAL',68,1,'2014-04-02 19:26:11',1,'127.0.0.1',NULL,NULL,NULL),(701,'PUERRES',52,1,'2014-04-02 19:26:11',1,'127.0.0.1',NULL,NULL,NULL),(702,'PUERTO ALEGRÍA',91,1,'2014-04-02 19:26:11',1,'127.0.0.1',NULL,NULL,NULL),(703,'PUERTO ARICA',91,1,'2014-04-02 19:26:11',1,'127.0.0.1',NULL,NULL,NULL),(704,'PUERTO ASÍS',86,1,'2014-04-02 19:26:11',1,'127.0.0.1',NULL,NULL,NULL),(705,'PUERTO BERRÍO',5,1,'2014-04-02 19:26:11',1,'127.0.0.1',NULL,NULL,NULL),(706,'PUERTO BOYACÁ',15,1,'2014-04-02 19:26:11',1,'127.0.0.1',NULL,NULL,NULL),(707,'PUERTO CAICEDO',86,1,'2014-04-02 19:26:11',1,'127.0.0.1',NULL,NULL,NULL),(708,'PUERTO CARREÑO',99,1,'2014-04-02 19:26:11',1,'127.0.0.1',NULL,NULL,NULL),(709,'PUERTO COLOMBIA',8,1,'2014-04-02 19:26:11',1,'127.0.0.1',NULL,NULL,NULL),(710,'PUERTO COLOMBIA',94,1,'2014-04-02 19:26:11',1,'127.0.0.1',NULL,NULL,NULL),(711,'PUERTO CONCORDIA',50,1,'2014-04-02 19:26:11',1,'127.0.0.1',NULL,NULL,NULL),(712,'PUERTO ESCONDIDO',23,1,'2014-04-02 19:26:11',1,'127.0.0.1',NULL,NULL,NULL),(713,'PUERTO GAITÁN',50,1,'2014-04-02 19:26:11',1,'127.0.0.1',NULL,NULL,NULL),(714,'PUERTO GUZMÁN',86,1,'2014-04-02 19:26:11',1,'127.0.0.1',NULL,NULL,NULL),(715,'PUERTO LEGUÍZAMO',86,1,'2014-04-02 19:26:11',1,'127.0.0.1',NULL,NULL,NULL),(716,'PUERTO LIBERTADOR',23,1,'2014-04-02 19:26:11',1,'127.0.0.1',NULL,NULL,NULL),(717,'PUERTO LLERAS',50,1,'2014-04-02 19:26:11',1,'127.0.0.1',NULL,NULL,NULL),(718,'PUERTO LÓPEZ',50,1,'2014-04-02 19:26:11',1,'127.0.0.1',NULL,NULL,NULL),(719,'PUERTO NARE',5,1,'2014-04-02 19:26:11',1,'127.0.0.1',NULL,NULL,NULL),(720,'PUERTO NARIÑO',91,1,'2014-04-02 19:26:11',1,'127.0.0.1',NULL,NULL,NULL),(721,'PUERTO PARRA',68,1,'2014-04-02 19:26:11',1,'127.0.0.1',NULL,NULL,NULL),(722,'PUERTO RICO',50,1,'2014-04-02 19:26:11',1,'127.0.0.1',NULL,NULL,NULL),(723,'PUERTO RICO',18,1,'2014-04-02 19:26:11',1,'127.0.0.1',NULL,NULL,NULL),(724,'PUERTO RONDÓN',81,1,'2014-04-02 19:26:11',1,'127.0.0.1',NULL,NULL,NULL),(725,'PUERTO SALGAR',25,1,'2014-04-02 19:26:11',1,'127.0.0.1',NULL,NULL,NULL),(726,'PUERTO SANTANDER',91,1,'2014-04-02 19:26:11',1,'127.0.0.1',NULL,NULL,NULL),(727,'PUERTO SANTANDER',54,1,'2014-04-02 19:26:11',1,'127.0.0.1',NULL,NULL,NULL),(728,'PUERTO TEJADA',19,1,'2014-04-02 19:26:11',1,'127.0.0.1',NULL,NULL,NULL),(729,'PUERTO TRIUNFO',5,1,'2014-04-02 19:26:11',1,'127.0.0.1',NULL,NULL,NULL),(730,'PUERTO WILCHES',68,1,'2014-04-02 19:26:11',1,'127.0.0.1',NULL,NULL,NULL),(731,'PULÍ',25,1,'2014-04-02 19:26:11',1,'127.0.0.1',NULL,NULL,NULL),(732,'PUPIALES',52,1,'2014-04-02 19:26:11',1,'127.0.0.1',NULL,NULL,NULL),(733,'PURACÉ',19,1,'2014-04-02 19:26:11',1,'127.0.0.1',NULL,NULL,NULL),(734,'PURIFICACIÓN',73,1,'2014-04-02 19:26:11',1,'127.0.0.1',NULL,NULL,NULL),(735,'PURÍSIMA DE LA CONCEPCIÓN',23,1,'2014-04-02 19:26:11',1,'127.0.0.1',NULL,NULL,NULL),(736,'QUEBRADANEGRA',25,1,'2014-04-02 19:26:11',1,'127.0.0.1',NULL,NULL,NULL),(737,'QUETAME',25,1,'2014-04-02 19:26:11',1,'127.0.0.1',NULL,NULL,NULL),(738,'QUIBDÓ',27,1,'2014-04-02 19:26:11',1,'127.0.0.1',NULL,NULL,NULL),(739,'QUIMBAYA',63,1,'2014-04-02 19:26:11',1,'127.0.0.1',NULL,NULL,NULL),(740,'QUINCHÍA',66,1,'2014-04-02 19:26:11',1,'127.0.0.1',NULL,NULL,NULL),(741,'QUÍPAMA',15,1,'2014-04-02 19:26:11',1,'127.0.0.1',NULL,NULL,NULL),(742,'QUIPILE',25,1,'2014-04-02 19:26:11',1,'127.0.0.1',NULL,NULL,NULL),(743,'RAGONVALIA',54,1,'2014-04-02 19:26:11',1,'127.0.0.1',NULL,NULL,NULL),(744,'RAMIRIQUÍ',15,1,'2014-04-02 19:26:11',1,'127.0.0.1',NULL,NULL,NULL),(745,'RÁQUIRA',15,1,'2014-04-02 19:26:11',1,'127.0.0.1',NULL,NULL,NULL),(746,'RECETOR',85,1,'2014-04-02 19:26:11',1,'127.0.0.1',NULL,NULL,NULL),(747,'REGIDOR',13,1,'2014-04-02 19:26:11',1,'127.0.0.1',NULL,NULL,NULL),(748,'REMEDIOS',5,1,'2014-04-02 19:26:11',1,'127.0.0.1',NULL,NULL,NULL),(749,'REMOLINO',47,1,'2014-04-02 19:26:11',1,'127.0.0.1',NULL,NULL,NULL),(750,'REPELÓN',8,1,'2014-04-02 19:26:11',1,'127.0.0.1',NULL,NULL,NULL),(751,'RESTREPO',50,1,'2014-04-02 19:26:11',1,'127.0.0.1',NULL,NULL,NULL),(752,'RETIRO',5,1,'2014-04-02 19:26:11',1,'127.0.0.1',NULL,NULL,NULL),(753,'RICAURTE',25,1,'2014-04-02 19:26:11',1,'127.0.0.1',NULL,NULL,NULL),(754,'RÍO DE ORO',20,1,'2014-04-02 19:26:11',1,'127.0.0.1',NULL,NULL,NULL),(755,'RÍO IRÓ',27,1,'2014-04-02 19:26:11',1,'127.0.0.1',NULL,NULL,NULL),(756,'RÍO QUITO',27,1,'2014-04-02 19:26:11',1,'127.0.0.1',NULL,NULL,NULL),(757,'RÍO VIEJO',13,1,'2014-04-02 19:26:11',1,'127.0.0.1',NULL,NULL,NULL),(758,'RIOBLANCO',73,1,'2014-04-02 19:26:11',1,'127.0.0.1',NULL,NULL,NULL),(759,'RIOFRÍO',76,1,'2014-04-02 19:26:11',1,'127.0.0.1',NULL,NULL,NULL),(760,'RIOHACHA',44,1,'2014-04-02 19:26:11',1,'127.0.0.1',NULL,NULL,NULL),(761,'RIONEGRO',5,1,'2014-04-02 19:26:11',1,'127.0.0.1',NULL,NULL,NULL),(762,'RIOSUCIO',27,1,'2014-04-02 19:26:11',1,'127.0.0.1',NULL,NULL,NULL),(763,'RIOSUCIO',17,1,'2014-04-02 19:26:11',1,'127.0.0.1',NULL,NULL,NULL),(764,'RISARALDA',17,1,'2014-04-02 19:26:11',1,'127.0.0.1',NULL,NULL,NULL),(765,'RIVERA',41,1,'2014-04-02 19:26:11',1,'127.0.0.1',NULL,NULL,NULL),(766,'ROBERTO PAYÁN',52,1,'2014-04-02 19:26:11',1,'127.0.0.1',NULL,NULL,NULL),(767,'ROLDANILLO',76,1,'2014-04-02 19:26:11',1,'127.0.0.1',NULL,NULL,NULL),(768,'RONCESVALLES',73,1,'2014-04-02 19:26:11',1,'127.0.0.1',NULL,NULL,NULL),(769,'RONDÓN',15,1,'2014-04-02 19:26:11',1,'127.0.0.1',NULL,NULL,NULL),(770,'ROSAS',19,1,'2014-04-02 19:26:11',1,'127.0.0.1',NULL,NULL,NULL),(771,'ROVIRA',73,1,'2014-04-02 19:26:11',1,'127.0.0.1',NULL,NULL,NULL),(772,'SABANA DE TORRES',68,1,'2014-04-02 19:26:11',1,'127.0.0.1',NULL,NULL,NULL),(773,'SABANAGRANDE',8,1,'2014-04-02 19:26:11',1,'127.0.0.1',NULL,NULL,NULL),(774,'SABANALARGA',8,1,'2014-04-02 19:26:11',1,'127.0.0.1',NULL,NULL,NULL),(775,'SABANALARGA',85,1,'2014-04-02 19:26:11',1,'127.0.0.1',NULL,NULL,NULL),(776,'SABANALARGA',5,1,'2014-04-02 19:26:11',1,'127.0.0.1',NULL,NULL,NULL),(777,'SABANAS DE SAN ÁNGEL',47,1,'2014-04-02 19:26:11',1,'127.0.0.1',NULL,NULL,NULL),(778,'SABANETA',5,1,'2014-04-02 19:26:11',1,'127.0.0.1',NULL,NULL,NULL),(779,'SABOYÁ',15,1,'2014-04-02 19:26:11',1,'127.0.0.1',NULL,NULL,NULL),(780,'SÁCAMA',85,1,'2014-04-02 19:26:11',1,'127.0.0.1',NULL,NULL,NULL),(781,'SÁCHICA',15,1,'2014-04-02 19:26:11',1,'127.0.0.1',NULL,NULL,NULL),(782,'SAHAGÚN',23,1,'2014-04-02 19:26:11',1,'127.0.0.1',NULL,NULL,NULL),(783,'SALADOBLANCO',41,1,'2014-04-02 19:26:11',1,'127.0.0.1',NULL,NULL,NULL),(784,'SALAMINA',47,1,'2014-04-02 19:26:11',1,'127.0.0.1',NULL,NULL,NULL),(785,'SALAMINA',17,1,'2014-04-02 19:26:11',1,'127.0.0.1',NULL,NULL,NULL),(786,'SALAZAR',54,1,'2014-04-02 19:26:11',1,'127.0.0.1',NULL,NULL,NULL),(787,'SALDAÑA',73,1,'2014-04-02 19:26:11',1,'127.0.0.1',NULL,NULL,NULL),(788,'SALENTO',63,1,'2014-04-02 19:26:11',1,'127.0.0.1',NULL,NULL,NULL),(789,'SALGAR',5,1,'2014-04-02 19:26:11',1,'127.0.0.1',NULL,NULL,NULL),(790,'SAMACÁ',15,1,'2014-04-02 19:26:11',1,'127.0.0.1',NULL,NULL,NULL),(791,'SAMANÁ',17,1,'2014-04-02 19:26:11',1,'127.0.0.1',NULL,NULL,NULL),(792,'SAMANIEGO',52,1,'2014-04-02 19:26:11',1,'127.0.0.1',NULL,NULL,NULL),(793,'SAMPUÉS',70,1,'2014-04-02 19:26:11',1,'127.0.0.1',NULL,NULL,NULL),(794,'SAN AGUSTÍN',41,1,'2014-04-02 19:26:11',1,'127.0.0.1',NULL,NULL,NULL),(795,'SAN ALBERTO',20,1,'2014-04-02 19:26:11',1,'127.0.0.1',NULL,NULL,NULL),(796,'SAN ANDRÉS',88,1,'2014-04-02 19:26:11',1,'127.0.0.1',NULL,NULL,NULL),(797,'SAN ANDRÉS',68,1,'2014-04-02 19:26:11',1,'127.0.0.1',NULL,NULL,NULL),(798,'SAN ANDRÉS DE CUERQUÍA',5,1,'2014-04-02 19:26:11',1,'127.0.0.1',NULL,NULL,NULL),(799,'SAN ANDRÉS DE SOTAVENTO',23,1,'2014-04-02 19:26:11',1,'127.0.0.1',NULL,NULL,NULL),(800,'SAN ANDRÉS DE TUMACO',52,1,'2014-04-02 19:26:11',1,'127.0.0.1',NULL,NULL,NULL),(801,'SAN ANTERO',23,1,'2014-04-02 19:26:11',1,'127.0.0.1',NULL,NULL,NULL),(802,'SAN ANTONIO',73,1,'2014-04-02 19:26:11',1,'127.0.0.1',NULL,NULL,NULL),(803,'SAN ANTONIO DEL TEQUENDAMA',25,1,'2014-04-02 19:26:11',1,'127.0.0.1',NULL,NULL,NULL),(804,'SAN BENITO',68,1,'2014-04-02 19:26:11',1,'127.0.0.1',NULL,NULL,NULL),(805,'SAN BENITO ABAD',70,1,'2014-04-02 19:26:11',1,'127.0.0.1',NULL,NULL,NULL),(806,'SAN BERNARDO',25,1,'2014-04-02 19:26:11',1,'127.0.0.1',NULL,NULL,NULL),(807,'SAN BERNARDO',52,1,'2014-04-02 19:26:11',1,'127.0.0.1',NULL,NULL,NULL),(808,'SAN BERNARDO DEL VIENTO',23,1,'2014-04-02 19:26:11',1,'127.0.0.1',NULL,NULL,NULL),(809,'SAN CALIXTO',54,1,'2014-04-02 19:26:11',1,'127.0.0.1',NULL,NULL,NULL),(810,'SAN CARLOS',5,1,'2014-04-02 19:26:11',1,'127.0.0.1',NULL,NULL,NULL),(811,'SAN CARLOS',23,1,'2014-04-02 19:26:11',1,'127.0.0.1',NULL,NULL,NULL),(812,'SAN CARLOS DE GUAROA',50,1,'2014-04-02 19:26:11',1,'127.0.0.1',NULL,NULL,NULL),(813,'SAN CAYETANO',25,1,'2014-04-02 19:26:11',1,'127.0.0.1',NULL,NULL,NULL),(814,'SAN CAYETANO',54,1,'2014-04-02 19:26:11',1,'127.0.0.1',NULL,NULL,NULL),(815,'SAN CRISTÓBAL',13,1,'2014-04-02 19:26:11',1,'127.0.0.1',NULL,NULL,NULL),(816,'SAN DIEGO',20,1,'2014-04-02 19:26:11',1,'127.0.0.1',NULL,NULL,NULL),(817,'SAN EDUARDO',15,1,'2014-04-02 19:26:11',1,'127.0.0.1',NULL,NULL,NULL),(818,'SAN ESTANISLAO',13,1,'2014-04-02 19:26:11',1,'127.0.0.1',NULL,NULL,NULL),(819,'SAN FELIPE',94,1,'2014-04-02 19:26:11',1,'127.0.0.1',NULL,NULL,NULL),(820,'SAN FERNANDO',13,1,'2014-04-02 19:26:11',1,'127.0.0.1',NULL,NULL,NULL),(821,'SAN FRANCISCO',25,1,'2014-04-02 19:26:11',1,'127.0.0.1',NULL,NULL,NULL),(822,'SAN FRANCISCO',5,1,'2014-04-02 19:26:11',1,'127.0.0.1',NULL,NULL,NULL),(823,'SAN FRANCISCO',86,1,'2014-04-02 19:26:11',1,'127.0.0.1',NULL,NULL,NULL),(824,'SAN GIL',68,1,'2014-04-02 19:26:11',1,'127.0.0.1',NULL,NULL,NULL),(825,'SAN JACINTO',13,1,'2014-04-02 19:26:11',1,'127.0.0.1',NULL,NULL,NULL),(826,'SAN JACINTO DEL CAUCA',13,1,'2014-04-02 19:26:11',1,'127.0.0.1',NULL,NULL,NULL),(827,'SAN JERÓNIMO',5,1,'2014-04-02 19:26:11',1,'127.0.0.1',NULL,NULL,NULL),(828,'SAN JOAQUÍN',68,1,'2014-04-02 19:26:11',1,'127.0.0.1',NULL,NULL,NULL),(829,'SAN JOSÉ',17,1,'2014-04-02 19:26:11',1,'127.0.0.1',NULL,NULL,NULL),(830,'SAN JOSÉ DE LA MONTAÑA',5,1,'2014-04-02 19:26:11',1,'127.0.0.1',NULL,NULL,NULL),(831,'SAN JOSÉ DE MIRANDA',68,1,'2014-04-02 19:26:11',1,'127.0.0.1',NULL,NULL,NULL),(832,'SAN JOSÉ DE PARE',15,1,'2014-04-02 19:26:11',1,'127.0.0.1',NULL,NULL,NULL),(833,'SAN JOSÉ DE URÉ',23,1,'2014-04-02 19:26:11',1,'127.0.0.1',NULL,NULL,NULL),(834,'SAN JOSÉ DEL FRAGUA',18,1,'2014-04-02 19:26:11',1,'127.0.0.1',NULL,NULL,NULL),(835,'SAN JOSÉ DEL GUAVIARE',95,1,'2014-04-02 19:26:11',1,'127.0.0.1',NULL,NULL,NULL),(836,'SAN JOSÉ DEL PALMAR',27,1,'2014-04-02 19:26:11',1,'127.0.0.1',NULL,NULL,NULL),(837,'SAN JUAN DE ARAMA',50,1,'2014-04-02 19:26:11',1,'127.0.0.1',NULL,NULL,NULL),(838,'SAN JUAN DE BETULIA',70,1,'2014-04-02 19:26:11',1,'127.0.0.1',NULL,NULL,NULL),(839,'SAN JUAN DE RIOSECO',25,1,'2014-04-02 19:26:11',1,'127.0.0.1',NULL,NULL,NULL),(840,'SAN JUAN DE URABÁ',5,1,'2014-04-02 19:26:11',1,'127.0.0.1',NULL,NULL,NULL),(841,'SAN JUAN DEL CESAR',44,1,'2014-04-02 19:26:11',1,'127.0.0.1',NULL,NULL,NULL),(842,'SAN JUAN NEPOMUCENO',13,1,'2014-04-02 19:26:11',1,'127.0.0.1',NULL,NULL,NULL),(843,'SAN JUANITO',50,1,'2014-04-02 19:26:11',1,'127.0.0.1',NULL,NULL,NULL),(844,'SAN LORENZO',52,1,'2014-04-02 19:26:11',1,'127.0.0.1',NULL,NULL,NULL),(845,'SAN LUIS',5,1,'2014-04-02 19:26:11',1,'127.0.0.1',NULL,NULL,NULL),(846,'SAN LUIS',73,1,'2014-04-02 19:26:11',1,'127.0.0.1',NULL,NULL,NULL),(847,'SAN LUIS DE GACENO',15,1,'2014-04-02 19:26:11',1,'127.0.0.1',NULL,NULL,NULL),(848,'SAN LUIS DE PALENQUE',85,1,'2014-04-02 19:26:11',1,'127.0.0.1',NULL,NULL,NULL),(849,'SAN LUIS DE SINCÉ',70,1,'2014-04-02 19:26:11',1,'127.0.0.1',NULL,NULL,NULL),(850,'SAN MARCOS',70,1,'2014-04-02 19:26:11',1,'127.0.0.1',NULL,NULL,NULL),(851,'SAN MARTÍN',20,1,'2014-04-02 19:26:11',1,'127.0.0.1',NULL,NULL,NULL),(852,'SAN MARTÍN',50,1,'2014-04-02 19:26:11',1,'127.0.0.1',NULL,NULL,NULL),(853,'SAN MARTÍN DE LOBA',13,1,'2014-04-02 19:26:11',1,'127.0.0.1',NULL,NULL,NULL),(854,'SAN MATEO',15,1,'2014-04-02 19:26:11',1,'127.0.0.1',NULL,NULL,NULL),(855,'SAN MIGUEL',68,1,'2014-04-02 19:26:11',1,'127.0.0.1',NULL,NULL,NULL),(856,'SAN MIGUEL',86,1,'2014-04-02 19:26:11',1,'127.0.0.1',NULL,NULL,NULL),(857,'SAN MIGUEL DE SEMA',15,1,'2014-04-02 19:26:11',1,'127.0.0.1',NULL,NULL,NULL),(858,'SAN ONOFRE',70,1,'2014-04-02 19:26:11',1,'127.0.0.1',NULL,NULL,NULL),(859,'SAN PABLO',13,1,'2014-04-02 19:26:11',1,'127.0.0.1',NULL,NULL,NULL),(860,'SAN PABLO',52,1,'2014-04-02 19:26:11',1,'127.0.0.1',NULL,NULL,NULL),(861,'SAN PABLO DE BORBUR',15,1,'2014-04-02 19:26:11',1,'127.0.0.1',NULL,NULL,NULL),(862,'SAN PEDRO',70,1,'2014-04-02 19:26:11',1,'127.0.0.1',NULL,NULL,NULL),(863,'SAN PEDRO',76,1,'2014-04-02 19:26:11',1,'127.0.0.1',NULL,NULL,NULL),(864,'SAN PEDRO DE CARTAGO',52,1,'2014-04-02 19:26:11',1,'127.0.0.1',NULL,NULL,NULL),(865,'SAN PEDRO DE LOS MILAGROS',5,1,'2014-04-02 19:26:11',1,'127.0.0.1',NULL,NULL,NULL),(866,'SAN PEDRO DE URABÁ',5,1,'2014-04-02 19:26:11',1,'127.0.0.1',NULL,NULL,NULL),(867,'SAN PELAYO',23,1,'2014-04-02 19:26:11',1,'127.0.0.1',NULL,NULL,NULL),(868,'SAN RAFAEL',5,1,'2014-04-02 19:26:11',1,'127.0.0.1',NULL,NULL,NULL),(869,'SAN ROQUE',5,1,'2014-04-02 19:26:11',1,'127.0.0.1',NULL,NULL,NULL),(870,'SAN SEBASTIÁN',19,1,'2014-04-02 19:26:11',1,'127.0.0.1',NULL,NULL,NULL),(871,'SAN SEBASTIÁN DE BUENAVISTA',47,1,'2014-04-02 19:26:11',1,'127.0.0.1',NULL,NULL,NULL),(872,'SAN SEBASTIÁN DE MARIQUITA',73,1,'2014-04-02 19:26:11',1,'127.0.0.1',NULL,NULL,NULL),(873,'SAN VICENTE DE CHUCURÍ',68,1,'2014-04-02 19:26:11',1,'127.0.0.1',NULL,NULL,NULL),(874,'SAN VICENTE DEL CAGUÁN',18,1,'2014-04-02 19:26:11',1,'127.0.0.1',NULL,NULL,NULL),(875,'SAN VICENTE FERRER',5,1,'2014-04-02 19:26:11',1,'127.0.0.1',NULL,NULL,NULL),(876,'SAN ZENÓN',47,1,'2014-04-02 19:26:11',1,'127.0.0.1',NULL,NULL,NULL),(877,'SANDONÁ',52,1,'2014-04-02 19:26:11',1,'127.0.0.1',NULL,NULL,NULL),(878,'SANTA ANA',47,1,'2014-04-02 19:26:11',1,'127.0.0.1',NULL,NULL,NULL),(879,'SANTA BÁRBARA',5,1,'2014-04-02 19:26:11',1,'127.0.0.1',NULL,NULL,NULL),(880,'SANTA BÁRBARA',52,1,'2014-04-02 19:26:11',1,'127.0.0.1',NULL,NULL,NULL),(881,'SANTA BÁRBARA',68,1,'2014-04-02 19:26:11',1,'127.0.0.1',NULL,NULL,NULL),(882,'SANTA BÁRBARA DE PINTO',47,1,'2014-04-02 19:26:11',1,'127.0.0.1',NULL,NULL,NULL),(883,'SANTA CATALINA',13,1,'2014-04-02 19:26:11',1,'127.0.0.1',NULL,NULL,NULL),(884,'SANTA FÉ DE ANTIOQUIA',5,1,'2014-04-02 19:26:11',1,'127.0.0.1',NULL,NULL,NULL),(885,'SANTA HELENA DEL OPÓN',68,1,'2014-04-02 19:26:11',1,'127.0.0.1',NULL,NULL,NULL),(886,'SANTA ISABEL',73,1,'2014-04-02 19:26:11',1,'127.0.0.1',NULL,NULL,NULL),(887,'SANTA LUCÍA',8,1,'2014-04-02 19:26:11',1,'127.0.0.1',NULL,NULL,NULL),(888,'SANTA MARÍA',15,1,'2014-04-02 19:26:11',1,'127.0.0.1',NULL,NULL,NULL),(889,'SANTA MARÍA',41,1,'2014-04-02 19:26:11',1,'127.0.0.1',NULL,NULL,NULL),(890,'SANTA MARTA',47,1,'2014-04-02 19:26:11',1,'127.0.0.1',NULL,NULL,NULL),(891,'SANTA ROSA',13,1,'2014-04-02 19:26:11',1,'127.0.0.1',NULL,NULL,NULL),(892,'SANTA ROSA',19,1,'2014-04-02 19:26:11',1,'127.0.0.1',NULL,NULL,NULL),(893,'SANTA ROSA DE CABAL',66,1,'2014-04-02 19:26:11',1,'127.0.0.1',NULL,NULL,NULL),(894,'SANTA ROSA DE OSOS',5,1,'2014-04-02 19:26:11',1,'127.0.0.1',NULL,NULL,NULL),(895,'SANTA ROSA DE VITERBO',15,1,'2014-04-02 19:26:11',1,'127.0.0.1',NULL,NULL,NULL),(896,'SANTA ROSA DEL SUR',13,1,'2014-04-02 19:26:11',1,'127.0.0.1',NULL,NULL,NULL),(897,'SANTA ROSALÍA',99,1,'2014-04-02 19:26:11',1,'127.0.0.1',NULL,NULL,NULL),(898,'SANTA SOFÍA',15,1,'2014-04-02 19:26:11',1,'127.0.0.1',NULL,NULL,NULL),(899,'SANTACRUZ',52,1,'2014-04-02 19:26:11',1,'127.0.0.1',NULL,NULL,NULL),(900,'SANTANA',15,1,'2014-04-02 19:26:11',1,'127.0.0.1',NULL,NULL,NULL),(901,'SANTANDER DE QUILICHAO',19,1,'2014-04-02 19:26:11',1,'127.0.0.1',NULL,NULL,NULL),(902,'SANTIAGO',86,1,'2014-04-02 19:26:11',1,'127.0.0.1',NULL,NULL,NULL),(903,'SANTIAGO',54,1,'2014-04-02 19:26:11',1,'127.0.0.1',NULL,NULL,NULL),(904,'SANTIAGO DE TOLÚ',70,1,'2014-04-02 19:26:11',1,'127.0.0.1',NULL,NULL,NULL),(905,'SANTO DOMINGO',5,1,'2014-04-02 19:26:11',1,'127.0.0.1',NULL,NULL,NULL),(906,'SANTO TOMÁS',8,1,'2014-04-02 19:26:11',1,'127.0.0.1',NULL,NULL,NULL),(907,'SANTUARIO',66,1,'2014-04-02 19:26:11',1,'127.0.0.1',NULL,NULL,NULL),(908,'SAPUYES',52,1,'2014-04-02 19:26:11',1,'127.0.0.1',NULL,NULL,NULL),(909,'SARAVENA',81,1,'2014-04-02 19:26:11',1,'127.0.0.1',NULL,NULL,NULL),(910,'SARDINATA',54,1,'2014-04-02 19:26:11',1,'127.0.0.1',NULL,NULL,NULL),(911,'SASAIMA',25,1,'2014-04-02 19:26:11',1,'127.0.0.1',NULL,NULL,NULL),(912,'SATIVANORTE',15,1,'2014-04-02 19:26:11',1,'127.0.0.1',NULL,NULL,NULL),(913,'SATIVASUR',15,1,'2014-04-02 19:26:11',1,'127.0.0.1',NULL,NULL,NULL),(914,'SEGOVIA',5,1,'2014-04-02 19:26:11',1,'127.0.0.1',NULL,NULL,NULL),(915,'SESQUILÉ',25,1,'2014-04-02 19:26:11',1,'127.0.0.1',NULL,NULL,NULL),(916,'SEVILLA',76,1,'2014-04-02 19:26:11',1,'127.0.0.1',NULL,NULL,NULL),(917,'SIACHOQUE',15,1,'2014-04-02 19:26:11',1,'127.0.0.1',NULL,NULL,NULL),(918,'SIBATÉ',25,1,'2014-04-02 19:26:11',1,'127.0.0.1',NULL,NULL,NULL),(919,'SIBUNDOY',86,1,'2014-04-02 19:26:11',1,'127.0.0.1',NULL,NULL,NULL),(920,'SILOS',54,1,'2014-04-02 19:26:11',1,'127.0.0.1',NULL,NULL,NULL),(921,'SILVANIA',25,1,'2014-04-02 19:26:11',1,'127.0.0.1',NULL,NULL,NULL),(922,'SILVIA',19,1,'2014-04-02 19:26:11',1,'127.0.0.1',NULL,NULL,NULL),(923,'SIMACOTA',68,1,'2014-04-02 19:26:11',1,'127.0.0.1',NULL,NULL,NULL),(924,'SIMIJACA',25,1,'2014-04-02 19:26:11',1,'127.0.0.1',NULL,NULL,NULL),(925,'SIMITÍ',13,1,'2014-04-02 19:26:11',1,'127.0.0.1',NULL,NULL,NULL),(926,'SINCELEJO',70,1,'2014-04-02 19:26:11',1,'127.0.0.1',NULL,NULL,NULL),(927,'SIPÍ',27,1,'2014-04-02 19:26:11',1,'127.0.0.1',NULL,NULL,NULL),(928,'SITIONUEVO',47,1,'2014-04-02 19:26:11',1,'127.0.0.1',NULL,NULL,NULL),(929,'SOACHA',25,1,'2014-04-02 19:26:11',1,'127.0.0.1',NULL,NULL,NULL),(930,'SOATÁ',15,1,'2014-04-02 19:26:11',1,'127.0.0.1',NULL,NULL,NULL),(931,'SOCHA',15,1,'2014-04-02 19:26:11',1,'127.0.0.1',NULL,NULL,NULL),(932,'SOCORRO',68,1,'2014-04-02 19:26:11',1,'127.0.0.1',NULL,NULL,NULL),(933,'SOCOTÁ',15,1,'2014-04-02 19:26:11',1,'127.0.0.1',NULL,NULL,NULL),(934,'SOGAMOSO',15,1,'2014-04-02 19:26:11',1,'127.0.0.1',NULL,NULL,NULL),(935,'SOLANO',18,1,'2014-04-02 19:26:11',1,'127.0.0.1',NULL,NULL,NULL),(936,'SOLEDAD',8,1,'2014-04-02 19:26:11',1,'127.0.0.1',NULL,NULL,NULL),(937,'SOLITA',18,1,'2014-04-02 19:26:11',1,'127.0.0.1',NULL,NULL,NULL),(938,'SOMONDOCO',15,1,'2014-04-02 19:26:11',1,'127.0.0.1',NULL,NULL,NULL),(939,'SONSÓN',5,1,'2014-04-02 19:26:11',1,'127.0.0.1',NULL,NULL,NULL),(940,'SOPETRÁN',5,1,'2014-04-02 19:26:11',1,'127.0.0.1',NULL,NULL,NULL),(941,'SOPLAVIENTO',13,1,'2014-04-02 19:26:11',1,'127.0.0.1',NULL,NULL,NULL),(942,'SOPÓ',25,1,'2014-04-02 19:26:11',1,'127.0.0.1',NULL,NULL,NULL),(943,'SORA',15,1,'2014-04-02 19:26:11',1,'127.0.0.1',NULL,NULL,NULL),(944,'SORACÁ',15,1,'2014-04-02 19:26:11',1,'127.0.0.1',NULL,NULL,NULL),(945,'SOTAQUIRÁ',15,1,'2014-04-02 19:26:11',1,'127.0.0.1',NULL,NULL,NULL),(946,'SOTARA',19,1,'2014-04-02 19:26:11',1,'127.0.0.1',NULL,NULL,NULL),(947,'SUAITA',68,1,'2014-04-02 19:26:11',1,'127.0.0.1',NULL,NULL,NULL),(948,'SUAN',8,1,'2014-04-02 19:26:11',1,'127.0.0.1',NULL,NULL,NULL),(949,'SUÁREZ',19,1,'2014-04-02 19:26:11',1,'127.0.0.1',NULL,NULL,NULL),(950,'SUÁREZ',73,1,'2014-04-02 19:26:11',1,'127.0.0.1',NULL,NULL,NULL),(951,'SUAZA',41,1,'2014-04-02 19:26:11',1,'127.0.0.1',NULL,NULL,NULL),(952,'SUBACHOQUE',25,1,'2014-04-02 19:26:11',1,'127.0.0.1',NULL,NULL,NULL),(953,'SUCRE',19,1,'2014-04-02 19:26:11',1,'127.0.0.1',NULL,NULL,NULL),(954,'SUCRE',70,1,'2014-04-02 19:26:11',1,'127.0.0.1',NULL,NULL,NULL),(955,'SUCRE',68,1,'2014-04-02 19:26:11',1,'127.0.0.1',NULL,NULL,NULL),(956,'SUESCA',25,1,'2014-04-02 19:26:11',1,'127.0.0.1',NULL,NULL,NULL),(957,'SUPATÁ',25,1,'2014-04-02 19:26:11',1,'127.0.0.1',NULL,NULL,NULL),(958,'SUPÍA',17,1,'2014-04-02 19:26:11',1,'127.0.0.1',NULL,NULL,NULL),(959,'SURATÁ',68,1,'2014-04-02 19:26:11',1,'127.0.0.1',NULL,NULL,NULL),(960,'SUSA',25,1,'2014-04-02 19:26:11',1,'127.0.0.1',NULL,NULL,NULL),(961,'SUSACÓN',15,1,'2014-04-02 19:26:11',1,'127.0.0.1',NULL,NULL,NULL),(962,'SUTAMARCHÁN',15,1,'2014-04-02 19:26:11',1,'127.0.0.1',NULL,NULL,NULL),(963,'SUTATAUSA',25,1,'2014-04-02 19:26:11',1,'127.0.0.1',NULL,NULL,NULL),(964,'SUTATENZA',15,1,'2014-04-02 19:26:11',1,'127.0.0.1',NULL,NULL,NULL),(965,'TABIO',25,1,'2014-04-02 19:26:11',1,'127.0.0.1',NULL,NULL,NULL),(966,'TADÓ',27,1,'2014-04-02 19:26:11',1,'127.0.0.1',NULL,NULL,NULL),(967,'TALAIGUA NUEVO',13,1,'2014-04-02 19:26:11',1,'127.0.0.1',NULL,NULL,NULL),(968,'TAMALAMEQUE',20,1,'2014-04-02 19:26:11',1,'127.0.0.1',NULL,NULL,NULL),(969,'TÁMARA',85,1,'2014-04-02 19:26:11',1,'127.0.0.1',NULL,NULL,NULL),(970,'TAME',81,1,'2014-04-02 19:26:11',1,'127.0.0.1',NULL,NULL,NULL),(971,'TÁMESIS',5,1,'2014-04-02 19:26:11',1,'127.0.0.1',NULL,NULL,NULL),(972,'TAMINANGO',52,1,'2014-04-02 19:26:11',1,'127.0.0.1',NULL,NULL,NULL),(973,'TANGUA',52,1,'2014-04-02 19:26:11',1,'127.0.0.1',NULL,NULL,NULL),(974,'TARAIRA',97,1,'2014-04-02 19:26:11',1,'127.0.0.1',NULL,NULL,NULL),(975,'TARAPACÁ',91,1,'2014-04-02 19:26:11',1,'127.0.0.1',NULL,NULL,NULL),(976,'TARAZÁ',5,1,'2014-04-02 19:26:11',1,'127.0.0.1',NULL,NULL,NULL),(977,'TARQUI',41,1,'2014-04-02 19:26:11',1,'127.0.0.1',NULL,NULL,NULL),(978,'TARSO',5,1,'2014-04-02 19:26:11',1,'127.0.0.1',NULL,NULL,NULL),(979,'TASCO',15,1,'2014-04-02 19:26:11',1,'127.0.0.1',NULL,NULL,NULL),(980,'TAURAMENA',85,1,'2014-04-02 19:26:11',1,'127.0.0.1',NULL,NULL,NULL),(981,'TAUSA',25,1,'2014-04-02 19:26:11',1,'127.0.0.1',NULL,NULL,NULL),(982,'TELLO',41,1,'2014-04-02 19:26:11',1,'127.0.0.1',NULL,NULL,NULL),(983,'TENA',25,1,'2014-04-02 19:26:11',1,'127.0.0.1',NULL,NULL,NULL),(984,'TENERIFE',47,1,'2014-04-02 19:26:11',1,'127.0.0.1',NULL,NULL,NULL),(985,'TENJO',25,1,'2014-04-02 19:26:11',1,'127.0.0.1',NULL,NULL,NULL),(986,'TENZA',15,1,'2014-04-02 19:26:11',1,'127.0.0.1',NULL,NULL,NULL),(987,'TEORAMA',54,1,'2014-04-02 19:26:11',1,'127.0.0.1',NULL,NULL,NULL),(988,'TERUEL',41,1,'2014-04-02 19:26:11',1,'127.0.0.1',NULL,NULL,NULL),(989,'TESALIA',41,1,'2014-04-02 19:26:11',1,'127.0.0.1',NULL,NULL,NULL),(990,'TIBACUY',25,1,'2014-04-02 19:26:11',1,'127.0.0.1',NULL,NULL,NULL),(991,'TIBANÁ',15,1,'2014-04-02 19:26:11',1,'127.0.0.1',NULL,NULL,NULL),(992,'TIBASOSA',15,1,'2014-04-02 19:26:11',1,'127.0.0.1',NULL,NULL,NULL),(993,'TIBIRITA',25,1,'2014-04-02 19:26:11',1,'127.0.0.1',NULL,NULL,NULL),(994,'TIBÚ',54,1,'2014-04-02 19:26:11',1,'127.0.0.1',NULL,NULL,NULL),(995,'TIERRALTA',23,1,'2014-04-02 19:26:11',1,'127.0.0.1',NULL,NULL,NULL),(996,'TIMANÁ',41,1,'2014-04-02 19:26:11',1,'127.0.0.1',NULL,NULL,NULL),(997,'TIMBÍO',19,1,'2014-04-02 19:26:11',1,'127.0.0.1',NULL,NULL,NULL),(998,'TIMBIQUÍ',19,1,'2014-04-02 19:26:11',1,'127.0.0.1',NULL,NULL,NULL),(999,'TINJACÁ',15,1,'2014-04-02 19:26:11',1,'127.0.0.1',NULL,NULL,NULL),(1000,'TIPACOQUE',15,1,'2014-04-02 19:26:11',1,'127.0.0.1',NULL,NULL,NULL);
/*!40000 ALTER TABLE `tec_ciudades` ENABLE KEYS */;
UNLOCK TABLES;

--
-- Table structure for table `tec_company`
--

DROP TABLE IF EXISTS `tec_company`;
/*!40101 SET @saved_cs_client     = @@character_set_client */;
/*!40101 SET character_set_client = utf8 */;
CREATE TABLE `tec_company` (
  `id` int(10) unsigned NOT NULL AUTO_INCREMENT,
  `name` varchar(255) NOT NULL,
  `address` text NOT NULL,
  `phone` varchar(255) NOT NULL,
  `email` varchar(45) NOT NULL,
  `edo_reg` int(10) unsigned NOT NULL COMMENT 'Estado del registro',
  `fec_crea` datetime NOT NULL COMMENT 'Fecha de creación del registro',
  `usu_crea` int(10) unsigned NOT NULL COMMENT 'Usuario que crea el registro',
  `ip_crea` varchar(15) NOT NULL COMMENT 'Ip de donde se crea el registro',
  `fec_mod` datetime DEFAULT NULL COMMENT 'Fecha de modificación del registro',
  `usu_mod` int(10) unsigned DEFAULT NULL COMMENT 'Usuario que modifica el artículo',
  `ip_mod` varchar(15) DEFAULT NULL COMMENT 'Ip de donde se modifica el registro',
  PRIMARY KEY (`id`)
) ENGINE=InnoDB AUTO_INCREMENT=8 DEFAULT CHARSET=latin1;
/*!40101 SET character_set_client = @saved_cs_client */;

--
-- Dumping data for table `tec_company`
--

LOCK TABLES `tec_company` WRITE;
/*!40000 ALTER TABLE `tec_company` DISABLE KEYS */;
INSERT INTO `tec_company` VALUES (1,'TECNO FUEGO','SOMEWHERE','123456','some@mail.com',1,'0000-00-00 00:00:00',1,'127.0.0.1','2019-09-19 19:14:40',1,'::1'),(2,'DRUMMOND MINA','CALLE 11','3600000','mail@drummond.com.co',1,'2019-09-19 19:15:57',1,'::1',NULL,NULL,NULL),(3,'ACME','CALLE 11','900','acme@acme.com',1,'2019-10-07 18:47:05',1,'::1',NULL,NULL,NULL),(4,'GRUPO PRODECO','','','',1,'2019-10-07 19:55:21',1,'::1',NULL,NULL,NULL),(5,'ACME II','CRA 43B CL 56','1234321','ACMEII@ACME.COM',0,'2019-12-11 16:00:56',1,'190.131.219.246','2019-12-11 16:11:13',1,'190.131.219.246'),(6,'ACME III','CRA43B CL 86','035123321','ACMEIII@GMAIL.COM',1,'2019-12-11 16:11:03',1,'190.131.219.246',NULL,NULL,NULL),(7,'OICD','Carrera 58 # 99 - 46','3114074631','oicd@tecno-fuego.com.co',1,'2019-12-13 00:36:16',1,'190.84.116.7','2019-12-13 17:14:00',6,'190.131.219.246');
/*!40000 ALTER TABLE `tec_company` ENABLE KEYS */;
UNLOCK TABLES;

--
-- Table structure for table `tec_compo_vals`
--

DROP TABLE IF EXISTS `tec_compo_vals`;
/*!40101 SET @saved_cs_client     = @@character_set_client */;
/*!40101 SET character_set_client = utf8 */;
CREATE TABLE `tec_compo_vals` (
  `id` int(10) unsigned NOT NULL AUTO_INCREMENT,
  `idComponent` int(10) unsigned NOT NULL,
  `idField` int(10) unsigned NOT NULL,
  `valField` varchar(255) NOT NULL,
  `edo_reg` int(10) unsigned NOT NULL COMMENT 'Estado del registro',
  `fec_crea` datetime NOT NULL COMMENT 'Fecha de creación del registro',
  `usu_crea` int(10) unsigned NOT NULL COMMENT 'Usuario que crea el registro',
  `ip_crea` varchar(15) NOT NULL COMMENT 'Ip de donde se crea el registro',
  `fec_mod` datetime DEFAULT NULL COMMENT 'Fecha de modificación del registro',
  `usu_mod` int(10) unsigned DEFAULT NULL COMMENT 'Usuario que modifica el artículo',
  `ip_mod` varchar(15) DEFAULT NULL COMMENT 'Ip de donde se modifica el registro',
  PRIMARY KEY (`id`),
  KEY `fk_tec_compo_vals_component_idx` (`idComponent`),
  KEY `fk_tec_compo_vals_fields_idx` (`idField`),
  CONSTRAINT `fk_tec_compo_vals_component` FOREIGN KEY (`idComponent`) REFERENCES `tec_components` (`id`) ON DELETE NO ACTION ON UPDATE CASCADE,
  CONSTRAINT `fk_tec_compo_vals_fields` FOREIGN KEY (`idField`) REFERENCES `tec_valists` (`id`) ON DELETE NO ACTION ON UPDATE CASCADE
) ENGINE=InnoDB AUTO_INCREMENT=27 DEFAULT CHARSET=latin1;
/*!40101 SET character_set_client = @saved_cs_client */;

--
-- Dumping data for table `tec_compo_vals`
--

LOCK TABLES `tec_compo_vals` WRITE;
/*!40000 ALTER TABLE `tec_compo_vals` DISABLE KEYS */;
INSERT INTO `tec_compo_vals` VALUES (1,1,31,'123456',1,'2019-12-02 10:31:48',1,'::1','2019-12-20 16:04:57',1,'190.131.219.246'),(2,1,32,'1983-06-21',1,'2019-12-02 10:31:48',1,'::1','2019-12-05 11:40:31',1,'::1'),(3,1,40,'150',1,'2019-12-02 10:31:48',1,'::1','2019-12-20 16:04:57',1,'190.131.219.246'),(4,2,31,'1236465',1,'2019-12-06 16:24:19',1,'::1','2020-02-10 16:01:48',1,'::1'),(5,2,32,'1980-02-21',1,'2019-12-06 16:24:19',1,'::1',NULL,NULL,NULL),(6,2,40,'150',1,'2019-12-06 16:24:19',1,'::1','2020-02-10 16:01:48',1,'::1'),(7,3,31,'126455',1,'2019-12-06 16:54:57',1,'190.84.116.24','2020-02-10 16:00:43',1,'::1'),(8,3,32,'2015-05-21',1,'2019-12-06 16:54:57',1,'190.84.116.24',NULL,NULL,NULL),(9,3,40,'150',1,'2019-12-06 16:54:57',1,'190.84.116.24','2020-02-10 16:00:43',1,'::1'),(10,4,31,'123',1,'2019-12-10 15:24:55',1,'190.131.219.246','2019-12-20 16:05:33',1,'190.131.219.246'),(11,4,32,'1212-12-11',1,'2019-12-10 15:24:55',1,'190.131.219.246',NULL,NULL,NULL),(12,4,40,'1212',1,'2019-12-10 15:24:55',1,'190.131.219.246','2019-12-20 16:05:33',1,'190.131.219.246'),(13,5,31,'123321',1,'2019-12-11 16:52:49',1,'190.131.219.246','2020-02-10 16:01:29',1,'::1'),(14,5,32,'1111-11-11',1,'2019-12-11 16:52:49',1,'190.131.219.246',NULL,NULL,NULL),(15,5,40,'123',1,'2019-12-11 16:52:49',1,'190.131.219.246','2020-02-10 16:01:29',1,'::1'),(16,6,31,'1221',1,'2019-12-11 17:00:28',1,'190.131.219.246','2020-02-10 16:01:02',1,'::1'),(17,6,32,'2019-12-11',1,'2019-12-11 17:00:28',1,'190.131.219.246',NULL,NULL,NULL),(18,6,40,'123',1,'2019-12-11 17:00:28',1,'190.131.219.246','2020-02-10 16:01:02',1,'::1'),(19,10,34,'1234',1,'2019-12-13 15:30:11',1,'190.131.219.246',NULL,NULL,NULL),(20,10,37,'1000-10-10',1,'2019-12-13 15:30:11',1,'190.131.219.246',NULL,NULL,NULL),(21,11,31,'123',1,'2019-12-13 16:45:02',1,'190.131.219.246','2019-12-20 16:04:07',1,'190.131.219.246'),(22,11,32,'2010-11-11',1,'2019-12-13 16:45:02',1,'190.131.219.246',NULL,NULL,NULL),(23,11,40,'123',1,'2019-12-13 16:45:02',1,'190.131.219.246','2019-12-20 16:04:07',1,'190.131.219.246'),(24,12,31,'45435345',1,'2020-01-10 17:59:20',7,'::1','2020-02-10 15:57:05',1,'::1'),(25,12,32,'2019-06-05',1,'2020-01-10 17:59:20',7,'::1',NULL,NULL,NULL),(26,12,40,'150',1,'2020-01-10 17:59:20',7,'::1','2020-02-10 15:57:05',1,'::1');
/*!40000 ALTER TABLE `tec_compo_vals` ENABLE KEYS */;
UNLOCK TABLES;

--
-- Table structure for table `tec_components`
--

DROP TABLE IF EXISTS `tec_components`;
/*!40101 SET @saved_cs_client     = @@character_set_client */;
/*!40101 SET character_set_client = utf8 */;
CREATE TABLE `tec_components` (
  `id` int(10) unsigned NOT NULL AUTO_INCREMENT,
  `siteId` int(10) unsigned NOT NULL,
  `idComponent` int(10) unsigned NOT NULL,
  `idTySys` int(10) unsigned NOT NULL,
  `edo_reg` int(10) unsigned NOT NULL COMMENT 'Estado del registro (0 desmontado, 1, activo, 2 asignado)',
  `fec_crea` datetime NOT NULL COMMENT 'Fecha de creación del registro',
  `usu_crea` int(10) unsigned NOT NULL COMMENT 'Usuario que crea el registro',
  `ip_crea` varchar(15) NOT NULL COMMENT 'Ip de donde se crea el registro',
  `fec_mod` datetime DEFAULT NULL COMMENT 'Fecha de modificación del registro',
  `usu_mod` int(10) unsigned DEFAULT NULL COMMENT 'Usuario que modifica el artículo',
  `ip_mod` varchar(15) DEFAULT NULL COMMENT 'Ip de donde se modifica el registro',
  PRIMARY KEY (`id`),
  KEY `fk_tec_components_sites_idx` (`siteId`),
  KEY `fk_tec_components_component_idx` (`idComponent`),
  KEY `fk_tec_components_type_sys_idx` (`idTySys`),
  CONSTRAINT `fk_tec_components_component` FOREIGN KEY (`idComponent`) REFERENCES `tec_components` (`id`) ON DELETE NO ACTION ON UPDATE CASCADE,
  CONSTRAINT `fk_tec_components_sites` FOREIGN KEY (`siteId`) REFERENCES `tec_sites` (`id`) ON DELETE NO ACTION ON UPDATE CASCADE,
  CONSTRAINT `fk_tec_components_type_sys` FOREIGN KEY (`idTySys`) REFERENCES `tec_valists` (`id`) ON DELETE NO ACTION ON UPDATE CASCADE
) ENGINE=InnoDB AUTO_INCREMENT=13 DEFAULT CHARSET=latin1;
/*!40101 SET character_set_client = @saved_cs_client */;

--
-- Dumping data for table `tec_components`
--

LOCK TABLES `tec_components` WRITE;
/*!40000 ALTER TABLE `tec_components` DISABLE KEYS */;
INSERT INTO `tec_components` VALUES (1,9,1,49,2,'2019-12-02 10:31:48',1,'::1','2019-12-20 16:04:57',1,'190.131.219.246'),(2,9,1,49,2,'2019-12-06 16:24:19',1,'::1','2020-02-10 16:01:48',1,'::1'),(3,9,1,49,2,'2019-12-06 16:54:57',1,'190.84.116.24','2020-02-10 16:00:43',1,'::1'),(4,9,1,50,2,'2019-12-10 15:24:55',1,'190.131.219.246','2019-12-20 16:05:33',1,'190.131.219.246'),(5,9,1,50,1,'2019-12-11 16:52:49',1,'190.131.219.246','2020-02-10 16:01:29',1,'::1'),(6,9,1,50,1,'2019-12-11 17:00:28',1,'190.131.219.246','2020-02-10 16:01:02',1,'::1'),(10,9,10,50,2,'2019-12-13 15:30:11',1,'190.131.219.246','2020-01-09 10:52:36',1,'::1'),(11,14,1,50,0,'2019-12-13 16:45:02',1,'190.131.219.246','2020-02-10 15:12:17',1,'::1'),(12,3,1,50,0,'2020-01-10 17:59:20',7,'::1','2020-02-10 15:59:47',1,'::1');
/*!40000 ALTER TABLE `tec_components` ENABLE KEYS */;
UNLOCK TABLES;

--
-- Table structure for table `tec_dptos`
--

DROP TABLE IF EXISTS `tec_dptos`;
/*!40101 SET @saved_cs_client     = @@character_set_client */;
/*!40101 SET character_set_client = utf8 */;
CREATE TABLE `tec_dptos` (
  `iddpto` int(10) unsigned NOT NULL AUTO_INCREMENT COMMENT 'Id del departamento',
  `dpto` varchar(255) NOT NULL COMMENT 'Nombre del departamento',
  `idpais` int(10) unsigned NOT NULL COMMENT 'Id del país al que pertenece dicho departamento',
  `edo_reg` int(10) unsigned NOT NULL COMMENT 'Estado del registro',
  `fec_crea` datetime NOT NULL COMMENT 'Fecha de creación del registro',
  `usu_crea` int(10) unsigned NOT NULL COMMENT 'Usuario que crea el registro',
  `ip_crea` varchar(15) NOT NULL COMMENT 'Ip de donde se crea el registro',
  `fec_mod` datetime DEFAULT NULL COMMENT 'Fecha de modificación del registro',
  `usu_mod` int(10) unsigned DEFAULT NULL COMMENT 'Usuario que modifica el artículo',
  `ip_mod` varchar(15) DEFAULT NULL COMMENT 'Ip de donde se modifica el registro',
  PRIMARY KEY (`iddpto`),
  KEY `fk_dptos_paises_idx` (`idpais`),
  KEY `fk_qaj_dptos_usucrea_idx` (`usu_crea`),
  KEY `fk_qaj_dptos_usumod_idx` (`usu_mod`),
  CONSTRAINT `fk_dptos_paises` FOREIGN KEY (`idpais`) REFERENCES `tec_paises` (`idpais`) ON DELETE NO ACTION ON UPDATE CASCADE,
  CONSTRAINT `fk_qaj_dptos_usucrea` FOREIGN KEY (`usu_crea`) REFERENCES `tec_userspers` (`id`) ON DELETE NO ACTION ON UPDATE CASCADE,
  CONSTRAINT `fk_qaj_dptos_usumod` FOREIGN KEY (`usu_mod`) REFERENCES `tec_userspers` (`id`) ON DELETE NO ACTION ON UPDATE NO ACTION
) ENGINE=InnoDB AUTO_INCREMENT=101 DEFAULT CHARSET=latin1;
/*!40101 SET character_set_client = @saved_cs_client */;

--
-- Dumping data for table `tec_dptos`
--

LOCK TABLES `tec_dptos` WRITE;
/*!40000 ALTER TABLE `tec_dptos` DISABLE KEYS */;
INSERT INTO `tec_dptos` VALUES (0,'N/A',1,1,'2014-08-13 19:26:12',1,'127.0.0.1',NULL,NULL,NULL),(5,'ANTIOQUIA',1,1,'2014-04-02 19:26:05',1,'127.0.0.1',NULL,NULL,NULL),(8,'ATLÁNTICO',1,1,'2014-04-02 19:26:05',1,'127.0.0.1',NULL,NULL,NULL),(11,'BOGOTÁ, D.C.',1,1,'2014-04-02 19:26:05',1,'127.0.0.1',NULL,NULL,NULL),(13,'BOLÍVAR',1,1,'2014-04-02 19:26:05',1,'127.0.0.1',NULL,NULL,NULL),(15,'BOYACÁ',1,1,'2014-04-02 19:26:05',1,'127.0.0.1',NULL,NULL,NULL),(17,'CALDAS',1,1,'2014-04-02 19:26:05',1,'127.0.0.1',NULL,NULL,NULL),(18,'CAQUETÁ',1,1,'2014-04-02 19:26:05',1,'127.0.0.1',NULL,NULL,NULL),(19,'CAUCA',1,1,'2014-04-02 19:26:05',1,'127.0.0.1',NULL,NULL,NULL),(20,'CESAR',1,1,'2014-04-02 19:26:05',1,'127.0.0.1',NULL,NULL,NULL),(23,'CÓRDOBA',1,1,'2014-04-02 19:26:05',1,'127.0.0.1',NULL,NULL,NULL),(25,'CUNDINAMARCA',1,1,'2014-04-02 19:26:05',1,'127.0.0.1',NULL,NULL,NULL),(27,'CHOCÓ',1,1,'2014-04-02 19:26:05',1,'127.0.0.1',NULL,NULL,NULL),(41,'HUILA',1,1,'2014-04-02 19:26:05',1,'127.0.0.1',NULL,NULL,NULL),(44,'LA GUAJIRA',1,1,'2014-04-02 19:26:05',1,'127.0.0.1',NULL,NULL,NULL),(47,'MAGDALENA',1,1,'2014-04-02 19:26:05',1,'127.0.0.1',NULL,NULL,NULL),(50,'META',1,1,'2014-04-02 19:26:05',1,'127.0.0.1',NULL,NULL,NULL),(52,'NARIÑO',1,1,'2014-04-02 19:26:05',1,'127.0.0.1',NULL,NULL,NULL),(54,'NORTE DE SANTANDER',1,1,'2014-04-02 19:26:05',1,'127.0.0.1',NULL,NULL,NULL),(63,'QUINDIO',1,1,'2014-04-02 19:26:05',1,'127.0.0.1',NULL,NULL,NULL),(66,'RISARALDA',1,1,'2014-04-02 19:26:05',1,'127.0.0.1',NULL,NULL,NULL),(68,'SANTANDER',1,1,'2014-04-02 19:26:05',1,'127.0.0.1',NULL,NULL,NULL),(70,'SUCRE',1,1,'2014-04-02 19:26:05',1,'127.0.0.1',NULL,NULL,NULL),(73,'TOLIMA',1,1,'2014-04-02 19:26:05',1,'127.0.0.1',NULL,NULL,NULL),(76,'VALLE DEL CAUCA',1,1,'2014-04-02 19:26:05',1,'127.0.0.1',NULL,NULL,NULL),(81,'ARAUCA',1,1,'2014-04-02 19:26:05',1,'127.0.0.1',NULL,NULL,NULL),(85,'CASANARE',1,1,'2014-04-02 19:26:05',1,'127.0.0.1',NULL,NULL,NULL),(86,'PUTUMAYO',1,1,'2014-04-02 19:26:05',1,'127.0.0.1',NULL,NULL,NULL),(88,'SAN ANDRÉS',1,1,'2014-04-02 19:26:05',1,'127.0.0.1',NULL,NULL,NULL),(91,'AMAZONAS',1,1,'2014-04-02 19:26:05',1,'127.0.0.1',NULL,NULL,NULL),(94,'GUAINÍA',1,1,'2014-04-02 19:26:05',1,'127.0.0.1',NULL,NULL,NULL),(95,'GUAVIARE',1,1,'2014-04-02 19:26:05',1,'127.0.0.1',NULL,NULL,NULL),(97,'VAUPÉS',1,1,'2014-04-02 19:26:05',1,'127.0.0.1',NULL,NULL,NULL),(99,'VICHADA',1,1,'2014-04-02 19:26:05',1,'127.0.0.1',NULL,NULL,NULL),(100,'PRUEBA',1,1,'2014-08-13 19:26:12',1,'127.0.0.1',NULL,NULL,NULL);
/*!40000 ALTER TABLE `tec_dptos` ENABLE KEYS */;
UNLOCK TABLES;

--
-- Table structure for table `tec_entidades`
--

DROP TABLE IF EXISTS `tec_entidades`;
/*!40101 SET @saved_cs_client     = @@character_set_client */;
/*!40101 SET character_set_client = utf8 */;
CREATE TABLE `tec_entidades` (
  `identidad` int(10) unsigned NOT NULL AUTO_INCREMENT COMMENT 'Id de la entidad a la que pertenecen los usuarios',
  `tpdoc` int(10) unsigned NOT NULL COMMENT 'Tipo de documento de la entidad 1 NIT, 2 Cédula',
  `documento` varchar(45) NOT NULL COMMENT 'Número de documento que identifica a la entidad',
  `entidad` varchar(255) NOT NULL COMMENT 'Nombre de la entidad',
  `edo_reg` int(10) unsigned NOT NULL COMMENT 'Estado del registro',
  `fec_crea` datetime NOT NULL COMMENT 'Fecha de creación del registro',
  `usu_crea` int(10) unsigned NOT NULL COMMENT 'Usuario que crea el registro',
  `ip_crea` varchar(15) NOT NULL COMMENT 'Ip de donde se crea el registro',
  `fec_mod` datetime DEFAULT NULL COMMENT 'Fecha de modificación del registro',
  `usu_mod` int(10) unsigned DEFAULT NULL COMMENT 'Usuario que modifica el artículo',
  `ip_mod` varchar(15) DEFAULT NULL COMMENT 'Ip de donde se modifica el registro',
  PRIMARY KEY (`identidad`)
) ENGINE=InnoDB AUTO_INCREMENT=3 DEFAULT CHARSET=latin1;
/*!40101 SET character_set_client = @saved_cs_client */;

--
-- Dumping data for table `tec_entidades`
--

LOCK TABLES `tec_entidades` WRITE;
/*!40000 ALTER TABLE `tec_entidades` DISABLE KEYS */;
INSERT INTO `tec_entidades` VALUES (1,1,'900000000','SOME COMPANY S.A.S.',1,'2019-05-07 23:53:46',1,'::1','2019-05-08 00:04:35',1,'::1'),(2,1,'956789098-1','PRÉSTAMO A SU ALCANCE',1,'2019-05-08 16:24:48',1,'181.49.92.81',NULL,NULL,NULL);
/*!40000 ALTER TABLE `tec_entidades` ENABLE KEYS */;
UNLOCK TABLES;

--
-- Table structure for table `tec_equip_compos`
--

DROP TABLE IF EXISTS `tec_equip_compos`;
/*!40101 SET @saved_cs_client     = @@character_set_client */;
/*!40101 SET character_set_client = utf8 */;
CREATE TABLE `tec_equip_compos` (
  `idEquip` int(10) unsigned NOT NULL,
  `idCompo` int(10) unsigned NOT NULL,
  `edo_reg` int(10) unsigned NOT NULL COMMENT 'Estado del registro (0 desmontado, 1, activo, 2 asignado)',
  `fec_crea` datetime NOT NULL COMMENT 'Fecha de creaci¢n del registro',
  `usu_crea` int(10) unsigned NOT NULL COMMENT 'Usuario que crea el registro',
  `ip_crea` varchar(15) NOT NULL COMMENT 'Ip de donde se crea el registro',
  `fec_mod` datetime DEFAULT NULL COMMENT 'Fecha de modificaci¢n del registro',
  `usu_mod` int(10) unsigned DEFAULT NULL COMMENT 'Usuario que modifica el art¡culo',
  `ip_mod` varchar(15) DEFAULT NULL COMMENT 'Ip de donde se modifica el registro',
  KEY `fk_tec_equip_compos_equips_idx` (`idEquip`),
  KEY `fk_tec_equip_compos_compos_idx` (`idCompo`),
  CONSTRAINT `fk_tec_equip_compos_compos` FOREIGN KEY (`idCompo`) REFERENCES `tec_components` (`id`) ON DELETE NO ACTION ON UPDATE CASCADE,
  CONSTRAINT `fk_tec_equip_compos_equips` FOREIGN KEY (`idEquip`) REFERENCES `tec_equipment` (`id`) ON DELETE NO ACTION ON UPDATE CASCADE
) ENGINE=InnoDB DEFAULT CHARSET=latin1;
/*!40101 SET character_set_client = @saved_cs_client */;

--
-- Dumping data for table `tec_equip_compos`
--

LOCK TABLES `tec_equip_compos` WRITE;
/*!40000 ALTER TABLE `tec_equip_compos` DISABLE KEYS */;
INSERT INTO `tec_equip_compos` VALUES (1,1,1,'2020-01-08 14:14:39',1,'::1','2020-02-10 16:02:18',1,'::1'),(1,2,1,'2020-01-08 14:14:39',1,'::1','2020-02-10 16:02:18',1,'::1'),(1,5,0,'2020-01-08 17:56:22',1,'::1','2020-01-09 11:14:09',1,'::1'),(1,6,0,'2020-01-08 17:56:22',1,'::1','2020-01-09 11:14:09',1,'::1'),(1,3,1,'2020-01-09 10:29:50',1,'::1','2020-02-10 16:02:18',1,'::1'),(2,4,1,'2020-01-09 10:31:33',1,'::1','2020-01-10 10:29:19',1,'::1'),(2,10,1,'2020-01-09 10:31:33',1,'::1','2020-01-10 10:29:19',1,'::1'),(1,12,0,'2020-02-10 15:10:36',1,'::1','2020-02-10 15:59:47',1,'::1'),(1,11,0,'2020-02-10 15:10:36',1,'::1','2020-02-10 15:12:17',1,'::1');
/*!40000 ALTER TABLE `tec_equip_compos` ENABLE KEYS */;
UNLOCK TABLES;

--
-- Table structure for table `tec_equip_repos`
--

DROP TABLE IF EXISTS `tec_equip_repos`;
/*!40101 SET @saved_cs_client     = @@character_set_client */;
/*!40101 SET character_set_client = utf8 */;
CREATE TABLE `tec_equip_repos` (
  `idEqRep` int(10) unsigned NOT NULL AUTO_INCREMENT,
  `idEquip` int(10) unsigned NOT NULL,
  `idRepo` int(10) unsigned NOT NULL,
  `repvalues` text NOT NULL,
  `edo_reg` int(10) unsigned NOT NULL COMMENT 'Estado del registro (0 desmontado, 1, activo, 2 asignado)',
  `fec_crea` datetime NOT NULL COMMENT 'Fecha de creaci¢n del registro',
  `usu_crea` int(10) unsigned NOT NULL COMMENT 'Usuario que crea el registro',
  `ip_crea` varchar(15) NOT NULL COMMENT 'Ip de donde se crea el registro',
  `fec_mod` datetime DEFAULT NULL COMMENT 'Fecha de modificaci¢n del registro',
  `usu_mod` int(10) unsigned DEFAULT NULL COMMENT 'Usuario que modifica el art¡culo',
  `ip_mod` varchar(15) DEFAULT NULL COMMENT 'Ip de donde se modifica el registro',
  PRIMARY KEY (`idEqRep`),
  KEY `fk_tec_equip_repos_equips_idx` (`idEquip`),
  KEY `fk_tec_equip_repos_repos_idx` (`idRepo`),
  CONSTRAINT `fk_tec_equip_repos_equips` FOREIGN KEY (`idEquip`) REFERENCES `tec_equipment` (`id`) ON DELETE NO ACTION ON UPDATE CASCADE,
  CONSTRAINT `fk_tec_equip_repos_repos` FOREIGN KEY (`idRepo`) REFERENCES `tec_parts` (`id`) ON DELETE NO ACTION ON UPDATE CASCADE
) ENGINE=InnoDB AUTO_INCREMENT=6 DEFAULT CHARSET=latin1;
/*!40101 SET character_set_client = @saved_cs_client */;

--
-- Dumping data for table `tec_equip_repos`
--

LOCK TABLES `tec_equip_repos` WRITE;
/*!40000 ALTER TABLE `tec_equip_repos` DISABLE KEYS */;
INSERT INTO `tec_equip_repos` VALUES (1,1,10,'[{\"fld\":\"34\",\"val\":\"34423\"},{\"fld\":\"37\",\"val\":\"2019-05-05\"}]',0,'2020-01-08 14:14:39',1,'::1','2020-01-08 17:20:16',1,'127.0.0.1'),(2,1,4,'[{\"fld\":\"37\",\"val\":\"2019-05-05\"}]',1,'2020-01-08 14:14:39',1,'::1','2020-02-10 16:02:18',1,'::1'),(3,1,10,'[{\"fld\":\"34\",\"val\":\"1231232\"},{\"fld\":\"37\",\"val\":\"2019-05-05\"}]',0,'2020-01-09 10:29:50',1,'::1','2020-01-10 10:29:52',1,'::1'),(4,2,4,'[{\"fld\":\"37\",\"val\":\"2019-07-06\"}]',1,'2020-01-09 10:31:33',1,'::1','2020-01-10 10:29:19',1,'::1'),(5,2,10,'[{\"fld\":\"34\",\"val\":\"2343243\"},{\"fld\":\"37\",\"val\":\"2019-03-09\"}]',0,'2020-01-09 10:31:33',1,'::1','2020-01-10 10:29:19',1,'::1');
/*!40000 ALTER TABLE `tec_equip_repos` ENABLE KEYS */;
UNLOCK TABLES;

--
-- Table structure for table `tec_equipment`
--

DROP TABLE IF EXISTS `tec_equipment`;
/*!40101 SET @saved_cs_client     = @@character_set_client */;
/*!40101 SET character_set_client = utf8 */;
CREATE TABLE `tec_equipment` (
  `id` int(10) unsigned NOT NULL AUTO_INCREMENT,
  `siteId` int(10) unsigned NOT NULL,
  `typeEquipamentId` int(10) unsigned NOT NULL,
  `idModel` int(10) unsigned NOT NULL,
  `extinctionSystem` enum('S','N') NOT NULL,
  `detectionSystem` enum('S','N') NOT NULL,
  `internalNumber` varchar(45) NOT NULL,
  `serial` varchar(45) DEFAULT NULL,
  `horometer` float DEFAULT NULL,
  `edo_reg` int(10) unsigned NOT NULL COMMENT 'Estado del registro',
  `fec_crea` datetime NOT NULL COMMENT 'Fecha de creación del registro',
  `usu_crea` int(10) unsigned NOT NULL COMMENT 'Usuario que crea el registro',
  `ip_crea` varchar(15) NOT NULL COMMENT 'Ip de donde se crea el registro',
  `fec_mod` datetime DEFAULT NULL COMMENT 'Fecha de modificación del registro',
  `usu_mod` int(10) unsigned DEFAULT NULL COMMENT 'Usuario que modifica el artículo',
  `ip_mod` varchar(15) DEFAULT NULL COMMENT 'Ip de donde se modifica el registro',
  PRIMARY KEY (`id`),
  KEY `fk_tec_equipment_sites_idx` (`siteId`),
  KEY `fk_tec_equipment_fleets` (`typeEquipamentId`),
  KEY `fk_tec_equipment_models` (`idModel`),
  CONSTRAINT `fk_tec_equipment_fleets` FOREIGN KEY (`typeEquipamentId`) REFERENCES `tec_valists` (`id`) ON DELETE NO ACTION ON UPDATE CASCADE,
  CONSTRAINT `fk_tec_equipment_models` FOREIGN KEY (`idModel`) REFERENCES `tec_valists` (`id`) ON DELETE NO ACTION ON UPDATE CASCADE,
  CONSTRAINT `fk_tec_equipment_sites` FOREIGN KEY (`siteId`) REFERENCES `tec_sites` (`id`) ON DELETE NO ACTION ON UPDATE CASCADE
) ENGINE=InnoDB AUTO_INCREMENT=3 DEFAULT CHARSET=latin1;
/*!40101 SET character_set_client = @saved_cs_client */;

--
-- Dumping data for table `tec_equipment`
--

LOCK TABLES `tec_equipment` WRITE;
/*!40000 ALTER TABLE `tec_equipment` DISABLE KEYS */;
INSERT INTO `tec_equipment` VALUES (1,9,52,13,'S','S','DT057009','4356788',90000,1,'2020-01-08 14:14:39',1,'::1','2020-02-10 16:02:18',1,'::1'),(2,9,52,13,'S','S','DT0560899','99898932',445343,1,'2020-01-09 10:31:33',1,'::1','2020-01-10 10:29:19',1,'::1');
/*!40000 ALTER TABLE `tec_equipment` ENABLE KEYS */;
UNLOCK TABLES;

--
-- Table structure for table `tec_families`
--

DROP TABLE IF EXISTS `tec_families`;
/*!40101 SET @saved_cs_client     = @@character_set_client */;
/*!40101 SET character_set_client = utf8 */;
CREATE TABLE `tec_families` (
  `id` int(10) unsigned NOT NULL AUTO_INCREMENT,
  `name` varchar(255) NOT NULL,
  `edo_reg` int(10) unsigned NOT NULL COMMENT 'Estado del registro',
  `fec_crea` datetime NOT NULL COMMENT 'Fecha de creación del registro',
  `usu_crea` int(10) unsigned NOT NULL COMMENT 'Usuario que crea el registro',
  `ip_crea` varchar(15) NOT NULL COMMENT 'Ip de donde se crea el registro',
  `fec_mod` datetime DEFAULT NULL COMMENT 'Fecha de modificación del registro',
  `usu_mod` int(10) unsigned DEFAULT NULL COMMENT 'Usuario que modifica el artículo',
  `ip_mod` varchar(15) DEFAULT NULL COMMENT 'Ip de donde se modifica el registro',
  PRIMARY KEY (`id`)
) ENGINE=InnoDB AUTO_INCREMENT=8 DEFAULT CHARSET=latin1;
/*!40101 SET character_set_client = @saved_cs_client */;

--
-- Dumping data for table `tec_families`
--

LOCK TABLES `tec_families` WRITE;
/*!40000 ALTER TABLE `tec_families` DISABLE KEYS */;
INSERT INTO `tec_families` VALUES (1,'LT-A-101',1,'2019-10-03 15:17:58',1,'127.0.0.1',NULL,NULL,NULL),(2,'LVS',1,'2019-10-03 15:17:58',1,'127.0.0.1',NULL,NULL,NULL),(3,'SC-N',1,'2019-10-03 15:17:58',1,'127.0.0.1',NULL,NULL,NULL),(4,'CF-210',1,'2019-10-03 15:17:58',1,'127.0.0.1',NULL,NULL,NULL),(5,'EXTINTOR',1,'2019-10-03 15:17:58',1,'127.0.0.1',NULL,NULL,NULL),(6,'TWIN AGENT',1,'2019-10-03 15:17:58',1,'127.0.0.1',NULL,NULL,NULL),(7,'OTROS',1,'2019-10-03 15:17:58',1,'127.0.0.1',NULL,NULL,NULL);
/*!40000 ALTER TABLE `tec_families` ENABLE KEYS */;
UNLOCK TABLES;

--
-- Table structure for table `tec_famscomps`
--

DROP TABLE IF EXISTS `tec_famscomps`;
/*!40101 SET @saved_cs_client     = @@character_set_client */;
/*!40101 SET character_set_client = utf8 */;
CREATE TABLE `tec_famscomps` (
  `id` int(10) unsigned NOT NULL AUTO_INCREMENT,
  `familyId` int(10) unsigned NOT NULL,
  `componentId` int(10) unsigned NOT NULL,
  `edo_reg` int(10) unsigned NOT NULL COMMENT 'Estado del registro',
  `fec_crea` datetime NOT NULL COMMENT 'Fecha de creación del registro',
  `usu_crea` int(10) unsigned NOT NULL COMMENT 'Usuario que crea el registro',
  `ip_crea` varchar(15) NOT NULL COMMENT 'Ip de donde se crea el registro',
  `fec_mod` datetime DEFAULT NULL COMMENT 'Fecha de modificación del registro',
  `usu_mod` int(10) unsigned DEFAULT NULL COMMENT 'Usuario que modifica el artículo',
  `ip_mod` varchar(15) DEFAULT NULL COMMENT 'Ip de donde se modifica el registro',
  PRIMARY KEY (`id`),
  UNIQUE KEY `UNIQFAM` (`familyId`,`componentId`),
  KEY `fk_tec_famscomps_fams_idx` (`familyId`),
  KEY `fk_tec_famscomps_cmps_idx` (`componentId`),
  CONSTRAINT `fk_tec_famscomps_cmps` FOREIGN KEY (`componentId`) REFERENCES `tec_components` (`id`) ON DELETE NO ACTION ON UPDATE CASCADE,
  CONSTRAINT `fk_tec_famscomps_fams` FOREIGN KEY (`familyId`) REFERENCES `tec_families` (`id`) ON DELETE NO ACTION ON UPDATE CASCADE
) ENGINE=InnoDB AUTO_INCREMENT=14 DEFAULT CHARSET=latin1;
/*!40101 SET character_set_client = @saved_cs_client */;

--
-- Dumping data for table `tec_famscomps`
--

LOCK TABLES `tec_famscomps` WRITE;
/*!40000 ALTER TABLE `tec_famscomps` DISABLE KEYS */;
INSERT INTO `tec_famscomps` VALUES (1,1,1,1,'2019-10-06 22:31:03',1,'::1','2019-10-06 23:47:55',1,'::1'),(3,2,90,1,'2019-10-06 23:49:49',1,'::1',NULL,NULL,NULL),(4,2,89,1,'2019-10-06 23:50:22',1,'::1',NULL,NULL,NULL),(6,3,88,1,'2019-10-07 00:00:51',1,'::1',NULL,NULL,NULL),(7,5,87,1,'2019-10-07 00:01:42',1,'::1',NULL,NULL,NULL),(8,2,86,1,'2019-10-07 00:02:39',1,'::1',NULL,NULL,NULL),(9,1,12,1,'2019-10-07 18:59:07',1,'::1',NULL,NULL,NULL),(10,2,12,1,'2019-10-07 18:59:07',1,'::1',NULL,NULL,NULL),(12,2,83,1,'2019-10-07 19:48:30',1,'::1',NULL,NULL,NULL),(13,2,75,1,'2019-10-07 19:49:53',1,'::1',NULL,NULL,NULL);
/*!40000 ALTER TABLE `tec_famscomps` ENABLE KEYS */;
UNLOCK TABLES;

--
-- Table structure for table `tec_fleets`
--

DROP TABLE IF EXISTS `tec_fleets`;
/*!40101 SET @saved_cs_client     = @@character_set_client */;
/*!40101 SET character_set_client = utf8 */;
CREATE TABLE `tec_fleets` (
  `id` int(10) unsigned NOT NULL AUTO_INCREMENT,
  `siteId` int(10) unsigned NOT NULL,
  `name` varchar(50) NOT NULL,
  `description` varchar(1000) DEFAULT NULL,
  `edo_reg` int(10) unsigned NOT NULL COMMENT 'Estado del registro',
  `fec_crea` datetime NOT NULL COMMENT 'Fecha de creación del registro',
  `usu_crea` int(10) unsigned NOT NULL COMMENT 'Usuario que crea el registro',
  `ip_crea` varchar(15) NOT NULL COMMENT 'Ip de donde se crea el registro',
  `fec_mod` datetime DEFAULT NULL COMMENT 'Fecha de modificación del registro',
  `usu_mod` int(10) unsigned DEFAULT NULL COMMENT 'Usuario que modifica el artículo',
  `ip_mod` varchar(15) DEFAULT NULL COMMENT 'Ip de donde se modifica el registro',
  PRIMARY KEY (`id`),
  KEY `fk_tec_fleets_sites_idx` (`siteId`),
  CONSTRAINT `fk_tec_fleets_sites` FOREIGN KEY (`siteId`) REFERENCES `tec_sites` (`id`) ON DELETE NO ACTION ON UPDATE CASCADE
) ENGINE=InnoDB AUTO_INCREMENT=29 DEFAULT CHARSET=latin1;
/*!40101 SET character_set_client = @saved_cs_client */;

--
-- Dumping data for table `tec_fleets`
--

LOCK TABLES `tec_fleets` WRITE;
/*!40000 ALTER TABLE `tec_fleets` DISABLE KEYS */;
INSERT INTO `tec_fleets` VALUES (1,4,'777F',NULL,1,'0000-00-00 00:00:00',1,'127.0.0.1',NULL,NULL,NULL),(2,4,'777C',NULL,1,'0000-00-00 00:00:00',1,'127.0.0.1',NULL,NULL,NULL),(3,4,'793C',NULL,1,'0000-00-00 00:00:00',1,'127.0.0.1',NULL,NULL,NULL),(4,4,'730',NULL,1,'0000-00-00 00:00:00',1,'127.0.0.1',NULL,NULL,NULL),(5,4,'16H',NULL,1,'0000-00-00 00:00:00',1,'127.0.0.1',NULL,NULL,NULL),(6,4,'16M',NULL,1,'0000-00-00 00:00:00',1,'127.0.0.1',NULL,NULL,NULL),(7,4,'24M',NULL,1,'0000-00-00 00:00:00',1,'127.0.0.1',NULL,NULL,NULL),(8,4,'789C',NULL,1,'0000-00-00 00:00:00',1,'127.0.0.1',NULL,NULL,NULL),(9,4,'789D',NULL,1,'0000-00-00 00:00:00',1,'127.0.0.1',NULL,NULL,NULL),(10,4,'PC5500',NULL,1,'0000-00-00 00:00:00',1,'127.0.0.1',NULL,NULL,NULL),(11,4,'RH120E',NULL,1,'0000-00-00 00:00:00',1,'127.0.0.1',NULL,NULL,NULL),(12,4,'RH170B',NULL,1,'0000-00-00 00:00:00',1,'127.0.0.1',NULL,NULL,NULL),(13,4,'RH40E',NULL,1,'0000-00-00 00:00:00',1,'127.0.0.1',NULL,NULL,NULL),(14,4,'RH200',NULL,1,'0000-00-00 00:00:00',1,'127.0.0.1',NULL,NULL,NULL),(15,4,'EX3600-5',NULL,1,'0000-00-00 00:00:00',1,'127.0.0.1',NULL,NULL,NULL),(16,4,'RH340E',NULL,1,'0000-00-00 00:00:00',1,'127.0.0.1',NULL,NULL,NULL),(17,4,'D9T',NULL,1,'0000-00-00 00:00:00',1,'127.0.0.1',NULL,NULL,NULL),(18,4,'D7R',NULL,1,'0000-00-00 00:00:00',1,'127.0.0.1',NULL,NULL,NULL),(19,4,'D10T',NULL,1,'0000-00-00 00:00:00',1,'127.0.0.1',NULL,NULL,NULL),(20,4,'D11T',NULL,1,'0000-00-00 00:00:00',1,'127.0.0.1',NULL,NULL,NULL),(21,4,'DM45E',NULL,1,'0000-00-00 00:00:00',1,'127.0.0.1',NULL,NULL,NULL),(22,4,'DML',NULL,1,'0000-00-00 00:00:00',1,'127.0.0.1',NULL,NULL,NULL),(23,4,'834H',NULL,1,'0000-00-00 00:00:00',1,'127.0.0.1',NULL,NULL,NULL),(24,4,'854G','',1,'0000-00-00 00:00:00',1,'127.0.0.1','2019-09-17 15:06:59',1,'::1'),(25,4,'854K',NULL,1,'0000-00-00 00:00:00',1,'127.0.0.1',NULL,NULL,NULL),(26,4,'988H',NULL,1,'0000-00-00 00:00:00',1,'127.0.0.1',NULL,NULL,NULL),(27,4,'993K','',1,'0000-00-00 00:00:00',1,'127.0.0.1','2019-09-14 11:37:45',1,'::1'),(28,4,'637G','',1,'0000-00-00 00:00:00',1,'127.0.0.1','2019-09-10 17:50:01',1,'::1');
/*!40000 ALTER TABLE `tec_fleets` ENABLE KEYS */;
UNLOCK TABLES;

--
-- Table structure for table `tec_infocomponents`
--

DROP TABLE IF EXISTS `tec_infocomponents`;
/*!40101 SET @saved_cs_client     = @@character_set_client */;
/*!40101 SET character_set_client = utf8 */;
CREATE TABLE `tec_infocomponents` (
  `id` int(10) unsigned NOT NULL AUTO_INCREMENT,
  `componentId` int(10) unsigned NOT NULL,
  `equipmentId` int(10) unsigned NOT NULL,
  `name` varchar(255) NOT NULL,
  `manufDate` date NOT NULL,
  `warranDate` date DEFAULT NULL,
  `edo_reg` int(10) unsigned NOT NULL COMMENT 'Estado del registro',
  `fec_crea` datetime NOT NULL COMMENT 'Fecha de creación del registro',
  `usu_crea` int(10) unsigned NOT NULL COMMENT 'Usuario que crea el registro',
  `ip_crea` varchar(15) NOT NULL COMMENT 'Ip de donde se crea el registro',
  `fec_mod` datetime DEFAULT NULL COMMENT 'Fecha de modificación del registro',
  `usu_mod` int(10) unsigned DEFAULT NULL COMMENT 'Usuario que modifica el artículo',
  `ip_mod` varchar(15) DEFAULT NULL COMMENT 'Ip de donde se modifica el registro',
  PRIMARY KEY (`id`),
  KEY `fk_tec_fieldsComponents_component_idx` (`componentId`),
  CONSTRAINT `fk_tec_fieldsComponents_component` FOREIGN KEY (`componentId`) REFERENCES `tec_components` (`id`) ON DELETE NO ACTION ON UPDATE CASCADE
) ENGINE=InnoDB AUTO_INCREMENT=5 DEFAULT CHARSET=latin1;
/*!40101 SET character_set_client = @saved_cs_client */;

--
-- Dumping data for table `tec_infocomponents`
--

LOCK TABLES `tec_infocomponents` WRITE;
/*!40000 ALTER TABLE `tec_infocomponents` DISABLE KEYS */;
INSERT INTO `tec_infocomponents` VALUES (1,1,171,'Tanque 001','2014-09-01','2020-09-01',1,'2019-09-19 21:35:18',1,'::1',NULL,NULL,NULL),(2,1,171,'Tanque 002','2018-09-01','2020-09-01',1,'2019-09-19 21:39:11',1,'::1',NULL,NULL,NULL),(3,1,171,'Tanque 003','2018-09-01','2020-09-01',1,'2019-09-19 21:51:20',1,'::1',NULL,NULL,NULL),(4,5,171,'Batería 001','2017-06-01','2020-06-01',1,'2019-09-19 21:53:29',1,'::1','2019-09-19 23:38:47',1,'::1');
/*!40000 ALTER TABLE `tec_infocomponents` ENABLE KEYS */;
UNLOCK TABLES;

--
-- Table structure for table `tec_lists`
--

DROP TABLE IF EXISTS `tec_lists`;
/*!40101 SET @saved_cs_client     = @@character_set_client */;
/*!40101 SET character_set_client = utf8 */;
CREATE TABLE `tec_lists` (
  `id` int(10) unsigned NOT NULL AUTO_INCREMENT,
  `lstfather` int(10) unsigned NOT NULL,
  `name` varchar(255) NOT NULL,
  `son` enum('S','N') NOT NULL,
  `edo_reg` int(10) unsigned NOT NULL COMMENT 'Estado del registro',
  `fec_crea` datetime NOT NULL COMMENT 'Fecha de creación del registro',
  `usu_crea` int(10) unsigned NOT NULL COMMENT 'Usuario que crea el registro',
  `ip_crea` varchar(15) NOT NULL COMMENT 'Ip de donde se crea el registro',
  `fec_mod` datetime DEFAULT NULL COMMENT 'Fecha de modificación del registro',
  `usu_mod` int(10) unsigned DEFAULT NULL COMMENT 'Usuario que modifica el artículo',
  `ip_mod` varchar(15) DEFAULT NULL COMMENT 'Ip de donde se modifica el registro',
  PRIMARY KEY (`id`)
) ENGINE=InnoDB AUTO_INCREMENT=12 DEFAULT CHARSET=latin1;
/*!40101 SET character_set_client = @saved_cs_client */;

--
-- Dumping data for table `tec_lists`
--

LOCK TABLES `tec_lists` WRITE;
/*!40000 ALTER TABLE `tec_lists` DISABLE KEYS */;
INSERT INTO `tec_lists` VALUES (1,0,'Cargos','N',1,'2019-10-30 02:52:33',1,'::1','2019-12-13 00:19:36',1,'190.84.116.7'),(2,0,'Marcas','N',1,'2019-10-30 15:00:23',1,'::1','2019-11-02 16:09:12',1,'::1'),(3,2,'Modelos','S',1,'2019-10-30 15:02:25',1,'::1','2019-12-13 00:23:05',1,'190.84.116.7'),(4,0,'Familias','N',1,'2019-11-12 01:45:31',1,'::1','2019-12-10 15:32:05',1,'190.131.219.246'),(5,0,'Categorías','N',1,'2019-11-12 01:48:14',1,'::1','2019-12-13 15:01:56',1,'190.131.219.246'),(6,0,'Campos de control','N',1,'2019-11-12 01:53:25',1,'::1',NULL,NULL,NULL),(7,0,'Tipos de campo','N',1,'2019-11-12 02:08:30',1,'::1','2019-11-12 03:06:48',1,'::1'),(8,0,'Turno','N',1,'2019-11-25 11:59:14',1,'::1',NULL,NULL,NULL),(9,0,'Grupos técnicos','N',1,'2019-11-25 12:00:17',1,'::1',NULL,NULL,NULL),(10,0,'Sistemas','N',1,'2019-11-28 18:59:25',1,'::1',NULL,NULL,NULL),(11,0,'Flotas','N',1,'2019-12-06 11:12:30',1,'::1','2019-12-11 14:39:59',1,'190.131.219.246');
/*!40000 ALTER TABLE `tec_lists` ENABLE KEYS */;
UNLOCK TABLES;

--
-- Table structure for table `tec_locations`
--

DROP TABLE IF EXISTS `tec_locations`;
/*!40101 SET @saved_cs_client     = @@character_set_client */;
/*!40101 SET character_set_client = utf8 */;
CREATE TABLE `tec_locations` (
  `id` int(10) unsigned NOT NULL AUTO_INCREMENT,
  `siteId` int(10) unsigned NOT NULL,
  `name` varchar(255) NOT NULL,
  `edo_reg` int(10) unsigned NOT NULL COMMENT 'Estado del registro',
  `fec_crea` datetime NOT NULL COMMENT 'Fecha de creación del registro',
  `usu_crea` int(10) unsigned NOT NULL COMMENT 'Usuario que crea el registro',
  `ip_crea` varchar(15) NOT NULL COMMENT 'Ip de donde se crea el registro',
  `fec_mod` datetime DEFAULT NULL COMMENT 'Fecha de modificación del registro',
  `usu_mod` int(10) unsigned DEFAULT NULL COMMENT 'Usuario que modifica el artículo',
  `ip_mod` varchar(15) DEFAULT NULL COMMENT 'Ip de donde se modifica el registro',
  PRIMARY KEY (`id`),
  KEY `fk_tec_locations_sites_idx` (`siteId`),
  CONSTRAINT `fk_tec_locations_sites` FOREIGN KEY (`siteId`) REFERENCES `tec_sites` (`id`) ON DELETE NO ACTION ON UPDATE CASCADE
) ENGINE=InnoDB AUTO_INCREMENT=14 DEFAULT CHARSET=latin1;
/*!40101 SET character_set_client = @saved_cs_client */;

--
-- Dumping data for table `tec_locations`
--

LOCK TABLES `tec_locations` WRITE;
/*!40000 ALTER TABLE `tec_locations` DISABLE KEYS */;
INSERT INTO `tec_locations` VALUES (1,11,'PATIO 01',1,'2019-11-22 13:50:56',1,'::1','2019-12-11 16:07:37',1,'190.131.219.246'),(2,11,'PATIO 03',1,'2019-11-22 13:50:56',1,'::1','2019-12-11 16:07:37',1,'190.131.219.246'),(3,11,'BODEGA 01',1,'2019-11-22 13:50:56',1,'::1','2019-12-11 16:07:37',1,'190.131.219.246'),(4,12,'GALPON A',1,'2019-12-11 16:02:39',1,'190.131.219.246','2019-12-11 16:07:25',1,'190.131.219.246'),(5,12,'GALPON B',1,'2019-12-11 16:02:39',1,'190.131.219.246','2019-12-11 16:07:25',1,'190.131.219.246'),(6,13,'GALPO A',1,'2019-12-11 16:12:02',1,'190.131.219.246',NULL,NULL,NULL),(7,13,'GALPON B',1,'2019-12-11 16:12:02',1,'190.131.219.246',NULL,NULL,NULL),(8,14,'Parqueadero 65',1,'2019-12-13 00:38:38',1,'190.84.116.7','2019-12-13 00:39:33',1,'190.84.116.7'),(9,14,'Parqueadero 66',1,'2019-12-13 00:39:33',1,'190.84.116.7',NULL,NULL,NULL),(10,9,'PATIO 001',1,'2020-01-31 16:05:35',1,'::1','2020-01-31 16:37:29',1,'::1'),(11,9,'PATIO 002',1,'2020-01-31 16:05:35',1,'::1','2020-01-31 16:37:29',1,'::1'),(12,9,'TALLER 001',1,'2020-01-31 16:05:35',1,'::1','2020-01-31 16:37:29',1,'::1'),(13,9,'TALLER 002',1,'2020-01-31 16:37:29',1,'::1',NULL,NULL,NULL);
/*!40000 ALTER TABLE `tec_locations` ENABLE KEYS */;
UNLOCK TABLES;

--
-- Table structure for table `tec_options`
--

DROP TABLE IF EXISTS `tec_options`;
/*!40101 SET @saved_cs_client     = @@character_set_client */;
/*!40101 SET character_set_client = utf8 */;
CREATE TABLE `tec_options` (
  `id` int(10) unsigned NOT NULL AUTO_INCREMENT COMMENT 'Id de la opción',
  `option` varchar(100) NOT NULL COMMENT 'Título de la opción',
  `file` text NOT NULL COMMENT 'Archivo que ejecuta la opción, normalmente es una vista.',
  `father` int(10) unsigned NOT NULL COMMENT 'Padre de esta opción, si tiene valor 0 es el nivel más alto',
  `order` int(10) unsigned NOT NULL COMMENT 'Estado de la opción',
  `icon` varchar(45) NOT NULL COMMENT 'Icono que identifica la opción',
  `edo_reg` int(10) unsigned NOT NULL COMMENT 'Estado del registro',
  `usu_crea` int(10) unsigned NOT NULL COMMENT 'Usuario que crea el registro',
  `fec_crea` datetime NOT NULL COMMENT 'Fecha en la que se crea el registro',
  `ip_crea` varchar(15) NOT NULL COMMENT 'Ip del equipo donde se crea el registro',
  `usu_mod` int(10) unsigned DEFAULT NULL COMMENT 'Usuario que modifca el registro',
  `fec_mod` datetime DEFAULT NULL COMMENT 'Fecha en la que se modifica el registro',
  `ip_mod` varchar(15) DEFAULT NULL COMMENT 'Ip del equipo donde se modifica el registro',
  PRIMARY KEY (`id`),
  KEY `fk_qaj_opciones_usucrea_idx` (`usu_crea`),
  KEY `fk_qaj_opciones_usumod_idx` (`usu_mod`),
  CONSTRAINT `fk_qaj_opciones_usucrea` FOREIGN KEY (`usu_crea`) REFERENCES `tec_userspers` (`id`) ON DELETE NO ACTION ON UPDATE CASCADE,
  CONSTRAINT `fk_qaj_opciones_usumod` FOREIGN KEY (`usu_mod`) REFERENCES `tec_userspers` (`id`) ON DELETE NO ACTION ON UPDATE CASCADE
) ENGINE=InnoDB AUTO_INCREMENT=22 DEFAULT CHARSET=utf8 COMMENT='Opciones del Software';
/*!40101 SET character_set_client = @saved_cs_client */;

--
-- Dumping data for table `tec_options`
--

LOCK TABLES `tec_options` WRITE;
/*!40000 ALTER TABLE `tec_options` DISABLE KEYS */;
INSERT INTO `tec_options` VALUES (1,'Actividades','none',0,2,'fa-list-alt',1,1,'2019-03-10 00:00:00','127.0.0.1',NULL,NULL,NULL),(2,'Maestros','none',0,3,'fa-pencil',1,1,'2019-03-10 00:00:00','127.0.0.1',NULL,NULL,NULL),(3,'Configuraciones','none',0,4,'fa-cogs',1,1,'2019-03-10 00:00:00','127.0.0.1',NULL,NULL,NULL),(4,'Reportes','none',0,5,'fa-line-chart',0,1,'2019-03-10 00:00:00','127.0.0.1',NULL,NULL,NULL),(5,'Inspecciones','none',1,1,'fa-check-circle-o',1,1,'2019-03-10 00:00:00','127.0.0.1',NULL,NULL,NULL),(6,'Mantenimientos','mmtos',1,2,'fa-check-circle-o',1,1,'2019-03-10 00:00:00','127.0.0.1',NULL,NULL,NULL),(7,'Recargas','none',1,3,'fa-check-circle-o',1,1,'2019-03-10 00:00:00','127.0.0.1',NULL,NULL,NULL),(8,'Reinstalaciones','none',1,4,'fa-check-circle-o',1,1,'2019-03-10 00:00:00','127.0.0.1',NULL,NULL,NULL),(9,'Emergencias','none',1,5,'fa-check-circle-o',1,1,'2019-03-10 00:00:00','127.0.0.1',NULL,NULL,NULL),(10,'Listas','lists',3,1,'fa-check-circle-o',1,1,'2019-03-10 00:00:00','127.0.0.1',NULL,NULL,NULL),(11,'Partes y Servicios','parts',3,3,'fa-check-circle-o',1,1,'2019-03-10 00:00:00','127.0.0.1',NULL,NULL,NULL),(12,'Roles','roles',3,4,'fa-check-circle-o',1,1,'2019-03-10 00:00:00','127.0.0.1',NULL,NULL,NULL),(13,'Proyectos/Minas','sites',2,2,'fa-check-circle-o',1,1,'2019-03-10 00:00:00','127.0.0.1',NULL,NULL,NULL),(14,'Clientes','company',2,1,'fa-check-circle-o',1,1,'2019-03-10 00:00:00','127.0.0.1',NULL,NULL,NULL),(15,'Equipos','equipment',2,4,'fa-check-circle-o',1,1,'2019-03-10 00:00:00','127.0.0.1',NULL,NULL,NULL),(16,'Componentes','components',2,3,'fa-check-circle-o',1,1,'2019-03-10 00:00:00','127.0.0.1',NULL,NULL,NULL),(17,'Usuarios','usuarios',3,2,'fa-check-circle-o',1,1,'2019-03-10 00:00:00','127.0.0.1',NULL,NULL,NULL),(18,'Técnicos','techs',2,5,'fa-check-circle-o',1,1,'2019-03-10 00:00:00','127.0.0.1',NULL,NULL,NULL),(19,'Tipos componente','tpcomp',3,10,'fa-check-circle-o',0,1,'2019-03-10 00:00:00','127.0.0.1',NULL,NULL,NULL),(20,'Campos control','fldscomp',3,11,'fa-check-circle-o',0,1,'2019-03-10 00:00:00','127.0.0.1',NULL,NULL,NULL),(21,'Marcas','marcas',3,9,'fa-check-circle-o',0,1,'2019-03-10 00:00:00','127.0.0.1',NULL,NULL,NULL);
/*!40000 ALTER TABLE `tec_options` ENABLE KEYS */;
UNLOCK TABLES;

--
-- Table structure for table `tec_paises`
--

DROP TABLE IF EXISTS `tec_paises`;
/*!40101 SET @saved_cs_client     = @@character_set_client */;
/*!40101 SET character_set_client = utf8 */;
CREATE TABLE `tec_paises` (
  `idpais` int(10) unsigned NOT NULL AUTO_INCREMENT COMMENT 'Id del país',
  `pais` varchar(45) NOT NULL COMMENT 'Nombre del país',
  `edo_reg` int(10) unsigned NOT NULL COMMENT 'Estado del registro',
  `fec_crea` datetime NOT NULL COMMENT 'Fecha de creación del registro',
  `usu_crea` int(10) unsigned NOT NULL COMMENT 'Usuario que crea el registro',
  `ip_crea` varchar(15) NOT NULL COMMENT 'Ip de donde se crea el registro',
  `fec_mod` datetime DEFAULT NULL COMMENT 'Fecha de modificación del registro',
  `usu_mod` int(10) unsigned DEFAULT NULL COMMENT 'Usuario que modifica el artículo',
  `ip_mod` varchar(15) DEFAULT NULL COMMENT 'Ip de donde se modifica el registro',
  PRIMARY KEY (`idpais`)
) ENGINE=InnoDB AUTO_INCREMENT=3 DEFAULT CHARSET=latin1;
/*!40101 SET character_set_client = @saved_cs_client */;

--
-- Dumping data for table `tec_paises`
--

LOCK TABLES `tec_paises` WRITE;
/*!40000 ALTER TABLE `tec_paises` DISABLE KEYS */;
INSERT INTO `tec_paises` VALUES (1,'COLOMBIA',1,'2014-04-02 19:25:58',1,'127.0.0.1',NULL,NULL,NULL),(2,'VENEZUELA',1,'2014-07-07 20:14:44',1,'127.0.0.1',NULL,NULL,NULL);
/*!40000 ALTER TABLE `tec_paises` ENABLE KEYS */;
UNLOCK TABLES;

--
-- Table structure for table `tec_parts`
--

DROP TABLE IF EXISTS `tec_parts`;
/*!40101 SET @saved_cs_client     = @@character_set_client */;
/*!40101 SET character_set_client = utf8 */;
CREATE TABLE `tec_parts` (
  `id` int(10) unsigned NOT NULL AUTO_INCREMENT,
  `idFamily` int(10) unsigned NOT NULL,
  `idCategory` int(10) unsigned NOT NULL,
  `partserv` enum('S','P','R') NOT NULL COMMENT '(S)ervicio, (P)arte, (R)epuesto',
  `partNum` varchar(45) NOT NULL,
  `value` double(10,2) unsigned NOT NULL,
  `description` varchar(255) NOT NULL,
  `edo_reg` int(10) unsigned NOT NULL COMMENT 'Estado del registro',
  `fec_crea` datetime NOT NULL COMMENT 'Fecha de creación del registro',
  `usu_crea` int(10) unsigned NOT NULL COMMENT 'Usuario que crea el registro',
  `ip_crea` varchar(15) NOT NULL COMMENT 'Ip de donde se crea el registro',
  `fec_mod` datetime DEFAULT NULL COMMENT 'Fecha de modificación del registro',
  `usu_mod` int(10) unsigned DEFAULT NULL COMMENT 'Usuario que modifica el artículo',
  `ip_mod` varchar(15) DEFAULT NULL COMMENT 'Ip de donde se modifica el registro',
  PRIMARY KEY (`id`),
  KEY `fk_tec_parts_lstcats_idx` (`idCategory`),
  KEY `fk_tec_parts_lstype_idx` (`idFamily`),
  CONSTRAINT `fk_tec_parts_lstcats` FOREIGN KEY (`idCategory`) REFERENCES `tec_valists` (`id`) ON DELETE NO ACTION ON UPDATE CASCADE,
  CONSTRAINT `fk_tec_parts_lstfam` FOREIGN KEY (`idFamily`) REFERENCES `tec_valists` (`id`) ON DELETE NO ACTION ON UPDATE NO ACTION
) ENGINE=InnoDB AUTO_INCREMENT=12 DEFAULT CHARSET=latin1;
/*!40101 SET character_set_client = @saved_cs_client */;

--
-- Dumping data for table `tec_parts`
--

LOCK TABLES `tec_parts` WRITE;
/*!40000 ALTER TABLE `tec_parts` DISABLE KEYS */;
INSERT INTO `tec_parts` VALUES (1,19,23,'P','154646797',50.00,'Tanque de prueba',1,'2019-11-13 17:41:56',1,'::1','2020-02-05 10:33:17',1,'::1'),(2,19,23,'S','N/A',150.00,'Servicio de revisión de válvulas',1,'2019-11-15 04:10:35',1,'::1','2019-11-15 04:14:39',1,'::1'),(3,16,23,'P','123',123.00,'Extintor',1,'2019-12-06 16:44:41',1,'190.131.219.246','2020-02-10 16:29:14',1,'::1'),(4,19,63,'R','12309',123.00,'Batería',1,'2019-12-10 09:19:13',1,'190.84.116.24','2020-01-10 10:07:40',1,'::1'),(5,20,71,'P','71230',366.00,'Cable Térmico',1,'2019-12-11 15:28:20',1,'190.131.219.246',NULL,NULL,NULL),(6,20,72,'P','436020',136.00,'Protracting',0,'2019-12-11 15:40:35',1,'190.131.219.246','2019-12-20 15:52:18',1,'190.131.219.246'),(7,19,23,'S','N/A',612.00,'Recarga tanque LVS-101',1,'2019-12-11 15:41:51',1,'190.131.219.246','2020-02-05 10:37:46',1,'::1'),(8,20,72,'P','436026',130.00,'Protracting',1,'2019-12-13 00:27:28',1,'190.84.116.7','2019-12-13 00:31:07',1,'190.84.116.7'),(9,19,23,'S','N/A',612.00,'Recarga Tanque LVS-100',1,'2019-12-13 00:33:01',1,'190.84.116.7','2020-02-05 10:37:34',1,'::1'),(10,19,72,'P','423504',1774.00,'Módulo de Control CHECKFIRE SC-N',1,'2019-12-13 15:02:48',1,'190.131.219.246','2019-12-13 15:07:07',1,'190.131.219.246'),(11,20,72,'P','429120',930.00,'Cubierta Frontal Módulo CHECKFIRE SC-N',1,'2019-12-13 16:51:42',1,'190.131.219.246',NULL,NULL,NULL);
/*!40000 ALTER TABLE `tec_parts` ENABLE KEYS */;
UNLOCK TABLES;

--
-- Table structure for table `tec_parts_flds`
--

DROP TABLE IF EXISTS `tec_parts_flds`;
/*!40101 SET @saved_cs_client     = @@character_set_client */;
/*!40101 SET character_set_client = utf8 */;
CREATE TABLE `tec_parts_flds` (
  `id` int(10) unsigned NOT NULL AUTO_INCREMENT,
  `idPart` int(10) unsigned NOT NULL,
  `idField` int(10) unsigned NOT NULL,
  `idType` int(10) unsigned NOT NULL,
  `edo_reg` int(10) unsigned NOT NULL COMMENT 'Estado del registro',
  `fec_crea` datetime NOT NULL COMMENT 'Fecha de creación del registro',
  `usu_crea` int(10) unsigned NOT NULL COMMENT 'Usuario que crea el registro',
  `ip_crea` varchar(15) NOT NULL COMMENT 'Ip de donde se crea el registro',
  `fec_mod` datetime DEFAULT NULL COMMENT 'Fecha de modificación del registro',
  `usu_mod` int(10) unsigned DEFAULT NULL COMMENT 'Usuario que modifica el artículo',
  `ip_mod` varchar(15) DEFAULT NULL COMMENT 'Ip de donde se modifica el registro',
  PRIMARY KEY (`id`),
  KEY `fk_tec_parts_flds_parts_idx` (`idPart`),
  KEY `fk_tec_parts_flds_lstflds_idx` (`idField`),
  KEY `fk_tec_parts_flds_lsttyps_idx` (`idType`),
  CONSTRAINT `fk_tec_parts_flds_lstflds` FOREIGN KEY (`idField`) REFERENCES `tec_valists` (`id`) ON DELETE NO ACTION ON UPDATE CASCADE,
  CONSTRAINT `fk_tec_parts_flds_lsttyps` FOREIGN KEY (`idType`) REFERENCES `tec_valists` (`id`) ON DELETE NO ACTION ON UPDATE CASCADE,
  CONSTRAINT `fk_tec_parts_flds_parts` FOREIGN KEY (`idPart`) REFERENCES `tec_parts` (`id`) ON DELETE NO ACTION ON UPDATE CASCADE
) ENGINE=InnoDB AUTO_INCREMENT=13 DEFAULT CHARSET=latin1;
/*!40101 SET character_set_client = @saved_cs_client */;

--
-- Dumping data for table `tec_parts_flds`
--

LOCK TABLES `tec_parts_flds` WRITE;
/*!40000 ALTER TABLE `tec_parts_flds` DISABLE KEYS */;
INSERT INTO `tec_parts_flds` VALUES (1,1,31,41,1,'2019-11-13 17:41:56',1,'::1','2020-02-05 10:33:17',1,'::1'),(2,1,32,42,1,'2019-11-13 17:41:56',1,'::1','2020-02-05 10:33:17',1,'::1'),(3,1,40,43,1,'2019-11-13 18:52:36',1,'::1','2020-02-05 10:33:17',1,'::1'),(4,3,32,42,1,'2019-12-06 16:46:46',1,'190.131.219.246','2020-02-10 16:29:14',1,'::1'),(5,4,37,42,1,'2019-12-10 09:19:13',1,'190.84.116.24','2020-01-10 10:07:40',1,'::1'),(6,6,37,42,1,'2019-12-11 15:40:35',1,'190.131.219.246','2019-12-20 15:52:18',1,'190.131.219.246'),(7,6,38,42,1,'2019-12-11 15:40:35',1,'190.131.219.246','2019-12-20 15:52:18',1,'190.131.219.246'),(8,8,38,42,1,'2019-12-13 00:31:07',1,'190.84.116.7',NULL,NULL,NULL),(9,8,37,42,1,'2019-12-13 00:31:07',1,'190.84.116.7',NULL,NULL,NULL),(10,10,34,41,1,'2019-12-13 15:04:28',1,'190.131.219.246','2019-12-13 15:07:07',1,'190.131.219.246'),(11,10,37,42,1,'2019-12-13 15:04:28',1,'190.131.219.246','2019-12-13 15:07:07',1,'190.131.219.246'),(12,11,34,41,1,'2019-12-13 16:51:42',1,'190.131.219.246',NULL,NULL,NULL);
/*!40000 ALTER TABLE `tec_parts_flds` ENABLE KEYS */;
UNLOCK TABLES;

--
-- Table structure for table `tec_parts_vals`
--

DROP TABLE IF EXISTS `tec_parts_vals`;
/*!40101 SET @saved_cs_client     = @@character_set_client */;
/*!40101 SET character_set_client = utf8 */;
CREATE TABLE `tec_parts_vals` (
  `id` int(10) unsigned NOT NULL AUTO_INCREMENT,
  `idPart` int(10) unsigned NOT NULL,
  `idProject` int(10) unsigned NOT NULL,
  `value` double(10,2) unsigned NOT NULL,
  `edo_reg` int(10) unsigned NOT NULL COMMENT 'Estado del registro',
  `fec_crea` datetime NOT NULL COMMENT 'Fecha de creación del registro',
  `usu_crea` int(10) unsigned NOT NULL COMMENT 'Usuario que crea el registro',
  `ip_crea` varchar(15) NOT NULL COMMENT 'Ip de donde se crea el registro',
  `fec_mod` datetime DEFAULT NULL COMMENT 'Fecha de modificación del registro',
  `usu_mod` int(10) unsigned DEFAULT NULL COMMENT 'Usuario que modifica el artículo',
  `ip_mod` varchar(15) DEFAULT NULL COMMENT 'Ip de donde se modifica el registro',
  PRIMARY KEY (`id`),
  KEY `fk_tec_parts_vals_parts_idx` (`idPart`),
  KEY `fk_tec_parts_vals_projs_idx` (`idProject`),
  CONSTRAINT `fk_tec_parts_vals_parts` FOREIGN KEY (`idPart`) REFERENCES `tec_parts` (`id`) ON DELETE NO ACTION ON UPDATE CASCADE,
  CONSTRAINT `fk_tec_parts_vals_projs` FOREIGN KEY (`idProject`) REFERENCES `tec_sites` (`id`) ON DELETE NO ACTION ON UPDATE CASCADE
) ENGINE=InnoDB AUTO_INCREMENT=17 DEFAULT CHARSET=latin1;
/*!40101 SET character_set_client = @saved_cs_client */;

--
-- Dumping data for table `tec_parts_vals`
--

LOCK TABLES `tec_parts_vals` WRITE;
/*!40000 ALTER TABLE `tec_parts_vals` DISABLE KEYS */;
INSERT INTO `tec_parts_vals` VALUES (1,1,3,65.00,1,'2019-11-13 17:41:56',1,'::1','2020-02-05 10:33:17',1,'::1'),(2,1,4,70.00,1,'2019-11-13 17:41:56',1,'::1','2020-02-05 10:33:17',1,'::1'),(3,1,7,80.00,1,'2019-11-13 18:52:36',1,'::1','2020-02-05 10:33:17',1,'::1'),(4,2,1,180.00,1,'2019-11-15 04:10:35',1,'::1','2019-11-15 04:14:40',1,'::1'),(5,2,2,190.00,1,'2019-11-15 04:10:35',1,'::1','2019-11-15 04:14:40',1,'::1'),(6,3,1,123.00,1,'2019-12-06 16:46:46',1,'190.131.219.246','2020-02-10 16:29:14',1,'::1'),(7,4,9,132.00,1,'2019-12-10 09:19:13',1,'190.84.116.24','2020-01-10 10:07:40',1,'::1'),(8,6,4,150.00,1,'2019-12-11 15:40:35',1,'190.131.219.246','2019-12-20 15:52:18',1,'190.131.219.246'),(9,6,1,180.00,1,'2019-12-11 15:40:35',1,'190.131.219.246','2019-12-20 15:52:18',1,'190.131.219.246'),(10,7,7,700.00,1,'2019-12-11 15:42:20',1,'190.131.219.246','2020-02-05 10:37:46',1,'::1'),(11,8,7,150.00,1,'2019-12-13 00:31:07',1,'190.84.116.7',NULL,NULL,NULL),(12,10,9,2000.00,1,'2019-12-13 15:04:28',1,'190.131.219.246','2019-12-13 15:07:07',1,'190.131.219.246'),(13,11,14,1234.00,1,'2019-12-13 16:51:42',1,'190.131.219.246',NULL,NULL,NULL),(14,1,9,75.00,1,'2020-02-05 10:33:17',1,'::1',NULL,NULL,NULL),(15,7,9,800.00,1,'2020-02-05 10:36:40',1,'::1','2020-02-05 10:37:46',1,'::1'),(16,3,9,150.00,1,'2020-02-10 16:29:14',1,'::1',NULL,NULL,NULL);
/*!40000 ALTER TABLE `tec_parts_vals` ENABLE KEYS */;
UNLOCK TABLES;

--
-- Table structure for table `tec_perfs_opts`
--

DROP TABLE IF EXISTS `tec_perfs_opts`;
/*!40101 SET @saved_cs_client     = @@character_set_client */;
/*!40101 SET character_set_client = utf8 */;
CREATE TABLE `tec_perfs_opts` (
  `idrole` int(10) unsigned NOT NULL COMMENT 'Cógido del cargo que tiene esta opción',
  `idoption` int(10) unsigned NOT NULL COMMENT 'Código de la opción ligada a este cargo',
  `perm_add` enum('0','1') NOT NULL COMMENT 'Indica 0 si no tiene permiso y 1 si lo tiene (Ingresar registro)',
  `perm_upd` enum('0','1') NOT NULL COMMENT 'Indica 0 si no tiene permiso y 1 si lo tiene (Actualizar registro)',
  `perm_del` enum('0','1') NOT NULL COMMENT 'Indica 0 si no tiene permiso y 1 si lo tiene (Borrar registro)',
  `edo_reg` int(10) unsigned NOT NULL COMMENT 'Estado del registro',
  `usu_crea` int(10) unsigned NOT NULL COMMENT 'Usuario que creó el registro',
  `fec_crea` datetime NOT NULL COMMENT 'Fecha en la que se crea el registro',
  `ip_crea` varchar(15) NOT NULL COMMENT 'Ip de donde se crea el registro',
  `usu_mod` int(10) unsigned DEFAULT NULL COMMENT 'Usuario que modifica el registro',
  `fec_mod` datetime DEFAULT NULL COMMENT 'Fecha en la que se modifica el registro',
  `ip_mod` varchar(15) DEFAULT NULL COMMENT 'Ip de donde se modifica el registro',
  PRIMARY KEY (`idrole`,`idoption`),
  KEY `fk_qaj_perfs_opcs_opcion_idx` (`idoption`),
  KEY `fk_qaj_perfs_opcs_usucrea_idx` (`usu_crea`),
  KEY `fk_qaj_perfs_opcs_usumod_idx` (`usu_mod`),
  CONSTRAINT `fk_qaj_perfs_opcs_opcion` FOREIGN KEY (`idoption`) REFERENCES `tec_options` (`id`) ON DELETE NO ACTION ON UPDATE CASCADE,
  CONSTRAINT `fk_qaj_perfs_opcs_perfil` FOREIGN KEY (`idrole`) REFERENCES `tec_roles` (`id`) ON DELETE NO ACTION ON UPDATE CASCADE,
  CONSTRAINT `fk_qaj_perfs_opcs_usucrea` FOREIGN KEY (`usu_crea`) REFERENCES `tec_userspers` (`id`) ON DELETE NO ACTION ON UPDATE CASCADE,
  CONSTRAINT `fk_qaj_perfs_opcs_usumod` FOREIGN KEY (`usu_mod`) REFERENCES `tec_userspers` (`id`) ON DELETE NO ACTION ON UPDATE CASCADE
) ENGINE=InnoDB DEFAULT CHARSET=utf8 COMMENT='Relaciona los perfiles con las opciones y permisos de acción';
/*!40101 SET character_set_client = @saved_cs_client */;

--
-- Dumping data for table `tec_perfs_opts`
--

LOCK TABLES `tec_perfs_opts` WRITE;
/*!40000 ALTER TABLE `tec_perfs_opts` DISABLE KEYS */;
INSERT INTO `tec_perfs_opts` VALUES (3,2,'1','1','0',1,1,'2019-11-09 09:49:35','190.131.219.246',1,'2019-12-11 11:28:27',NULL),(3,3,'1','1','0',1,1,'2019-11-10 11:24:21','190.131.219.246',1,'2019-12-11 11:28:27',NULL),(3,9,'1','0','0',1,1,'2019-11-10 13:37:47','190.131.219.246',1,'2019-12-11 11:28:27',NULL),(3,10,'1','1','0',1,1,'2019-11-10 11:24:21','190.131.219.246',1,'2019-12-11 11:28:27',NULL),(3,11,'1','1','0',1,1,'2019-11-10 11:24:21','190.131.219.246',1,'2019-12-11 11:28:27',NULL),(3,12,'1','1','0',1,1,'2019-11-10 11:24:21','190.131.219.246',1,'2019-12-11 11:28:27',NULL),(3,13,'1','1','0',1,1,'2019-11-09 09:49:36','190.131.219.246',1,'2019-12-11 11:28:27',NULL),(3,14,'1','1','0',1,1,'2019-11-09 09:49:36','190.131.219.246',1,'2019-12-11 11:28:27',NULL),(3,15,'1','1','0',1,1,'2019-11-09 09:49:36','190.131.219.246',1,'2019-12-11 11:28:27',NULL),(3,16,'1','1','0',1,1,'2019-11-09 09:49:36','190.131.219.246',1,'2019-12-11 11:28:27',NULL),(3,17,'1','1','0',1,1,'2019-11-10 11:24:21','190.131.219.246',1,'2019-12-11 11:28:27',NULL),(3,18,'1','1','0',1,1,'2019-11-09 09:49:36','190.131.219.246',1,'2019-12-11 11:28:27',NULL),(4,5,'1','1','1',1,1,'2019-12-11 11:11:38','190.131.219.246',1,'2019-12-11 11:24:19',NULL),(4,6,'1','1','1',1,1,'2019-12-11 11:23:10','190.131.219.246',1,'2019-12-11 11:24:19',NULL),(4,7,'1','1','1',1,1,'2019-12-11 11:24:19','190.131.219.246',1,'2019-12-11 11:24:19',NULL),(4,8,'1','1','1',1,1,'2019-12-11 11:24:19','190.131.219.246',1,'2019-12-11 11:24:19',NULL);
/*!40000 ALTER TABLE `tec_perfs_opts` ENABLE KEYS */;
UNLOCK TABLES;

--
-- Table structure for table `tec_persons`
--

DROP TABLE IF EXISTS `tec_persons`;
/*!40101 SET @saved_cs_client     = @@character_set_client */;
/*!40101 SET character_set_client = utf8 */;
CREATE TABLE `tec_persons` (
  `id` int(10) unsigned NOT NULL,
  `stame1` varchar(255) NOT NULL,
  `stame2` varchar(255) NOT NULL,
  `lstname1` varchar(255) DEFAULT NULL,
  `lstname2` varchar(255) DEFAULT NULL,
  `identificationNumber` varchar(45) NOT NULL,
  `email` varchar(255) NOT NULL,
  `positionId` int(10) unsigned NOT NULL,
  `project` varchar(255) DEFAULT NULL,
  `edo_reg` int(10) unsigned NOT NULL COMMENT 'Estado del registro',
  `fec_crea` datetime NOT NULL COMMENT 'Fecha de creación del registro',
  `usu_crea` int(10) unsigned NOT NULL COMMENT 'Usuario que crea el registro',
  `ip_crea` varchar(15) NOT NULL COMMENT 'Ip de donde se crea el registro',
  `fec_mod` datetime DEFAULT NULL COMMENT 'Fecha de modificación del registro',
  `usu_mod` int(10) unsigned DEFAULT NULL COMMENT 'Usuario que modifica el artículo',
  `ip_mod` varchar(15) DEFAULT NULL COMMENT 'Ip de donde se modifica el registro',
  PRIMARY KEY (`id`),
  KEY `fk_persons_posits_idx` (`positionId`)
) ENGINE=InnoDB DEFAULT CHARSET=latin1;
/*!40101 SET character_set_client = @saved_cs_client */;

--
-- Dumping data for table `tec_persons`
--

LOCK TABLES `tec_persons` WRITE;
/*!40000 ALTER TABLE `tec_persons` DISABLE KEYS */;
INSERT INTO `tec_persons` VALUES (1,'Javier','Antonio','Arroyo','De Hoyos','78305037','jarroyo@tecno-fuego.com.co',3,'Drummond Mina',1,'0000-00-00 00:00:00',1,'127.0.0.1',NULL,NULL,NULL),(2,'Javier','Alfonso','Mercado','Archibold','72272972','jmercado@tecno-fuego.com.co',3,'PRODECO Calenturitas',1,'0000-00-00 00:00:00',1,'127.0.0.1',NULL,NULL,NULL),(3,'Jose','Daniel','Polo','Figueroa','91525122','jpolo@tecno-fuego.com.co',3,'PRODECO PLJ',1,'0000-00-00 00:00:00',1,'127.0.0.1',NULL,NULL,NULL),(4,'Gustavo ','Adolfo ','Arévalo','Rodríguez','1050951607','garevalo@tecno-fuego.com.co',4,'Taller de Recarga/PRODECO PNSA',1,'0000-00-00 00:00:00',1,'127.0.0.1',NULL,NULL,NULL),(5,'Deivis','Enrique','Acendra','Álvarez','72258245','dacendra@tecno-fuego.com.co',5,'Drummond Mina',1,'0000-00-00 00:00:00',1,'127.0.0.1',NULL,NULL,NULL),(6,'Edward','Mauricio','Correa','Herreño','13871392','ecorrea@tecno-fuego.com.co',5,'Drummond Mina',1,'0000-00-00 00:00:00',1,'127.0.0.1',NULL,NULL,NULL),(7,'Wilman','Antonio','Ojeda','Navarro','72257092','wojeda@tecno-fuego.com.co',5,'Drummond Mina',1,'0000-00-00 00:00:00',1,'127.0.0.1',NULL,NULL,NULL),(8,'Augusto ','José ','Ortega','Parra','1042445724','aortega@tecno-fuego.com.co',2,'Drummond Puerto',1,'0000-00-00 00:00:00',1,'127.0.0.1',NULL,NULL,NULL),(9,'Mario','Alberto','Sanjuanelo','Cortés','1045722100','msanjuanelo@tecno-fuego.com.co',5,'PRODECO Calenturitas',1,'0000-00-00 00:00:00',1,'127.0.0.1',NULL,NULL,NULL),(10,'Carlos','Andrés','Peñaranda','Vargas','1140816136','cpenaranda@tecno-fuego.com.co',2,'Cerrejón',1,'0000-00-00 00:00:00',1,'127.0.0.1',NULL,NULL,NULL),(11,'Lina','Rocío','Jiménez ','Fedullo ','22468463','ljimenez@tecno-fuego.com.co',2,'Barranquilla',1,'0000-00-00 00:00:00',1,'127.0.0.1',NULL,NULL,NULL),(12,'Oscar','Iván','Castillo','Domínguez','1129583416','ocastillo@tecno-fuego.com.co',1,'Barranquilla',1,'0000-00-00 00:00:00',1,'127.0.0.1',NULL,NULL,NULL),(13,'Claudia','Patricia','Morales','Manjarrez','1064112891','aux-prodeco@tecno-fuego.com.co',6,'PRODECO Calenturitas/PLJ',1,'0000-00-00 00:00:00',1,'127.0.0.1',NULL,NULL,NULL),(14,'Alix','Yuliana','Olaya','Barón','1123995434','aux-drummond@tecno-fuego.com.co',7,'Drummond Mina',1,'0000-00-00 00:00:00',1,'127.0.0.1',NULL,NULL,NULL);
/*!40000 ALTER TABLE `tec_persons` ENABLE KEYS */;
UNLOCK TABLES;

--
-- Table structure for table `tec_positions`
--

DROP TABLE IF EXISTS `tec_positions`;
/*!40101 SET @saved_cs_client     = @@character_set_client */;
/*!40101 SET character_set_client = utf8 */;
CREATE TABLE `tec_positions` (
  `id` int(10) unsigned NOT NULL,
  `companyId` int(10) unsigned NOT NULL,
  `name` varchar(50) NOT NULL,
  `edo_reg` int(10) unsigned NOT NULL COMMENT 'Estado del registro',
  `fec_crea` datetime NOT NULL COMMENT 'Fecha de creación del registro',
  `usu_crea` int(10) unsigned NOT NULL COMMENT 'Usuario que crea el registro',
  `ip_crea` varchar(15) NOT NULL COMMENT 'Ip de donde se crea el registro',
  `fec_mod` datetime DEFAULT NULL COMMENT 'Fecha de modificación del registro',
  `usu_mod` int(10) unsigned DEFAULT NULL COMMENT 'Usuario que modifica el artículo',
  `ip_mod` varchar(15) DEFAULT NULL COMMENT 'Ip de donde se modifica el registro',
  PRIMARY KEY (`id`),
  KEY `fk_tec_positions_company_idx` (`companyId`),
  CONSTRAINT `fk_tec_positions_company` FOREIGN KEY (`companyId`) REFERENCES `tec_company` (`id`) ON DELETE NO ACTION ON UPDATE CASCADE
) ENGINE=InnoDB DEFAULT CHARSET=latin1;
/*!40101 SET character_set_client = @saved_cs_client */;

--
-- Dumping data for table `tec_positions`
--

LOCK TABLES `tec_positions` WRITE;
/*!40000 ALTER TABLE `tec_positions` DISABLE KEYS */;
INSERT INTO `tec_positions` VALUES (0,1,'Sin cargo asignado',1,'0000-00-00 00:00:00',1,'127.0.0.1','2019-09-10 17:55:05',1,'::1'),(1,1,'Director de Proyectos',1,'0000-00-00 00:00:00',1,'127.0.0.1',NULL,NULL,NULL),(2,1,'Coordinador de Proyectos y Diseño',1,'0000-00-00 00:00:00',1,'127.0.0.1',NULL,NULL,NULL),(3,1,'Coordinador de Proyectos',1,'0000-00-00 00:00:00',1,'127.0.0.1',NULL,NULL,NULL),(4,1,'Coordinador Taller de Recargas',1,'0000-00-00 00:00:00',1,'127.0.0.1',NULL,NULL,NULL),(5,1,'Supervisor de Proyectos',1,'0000-00-00 00:00:00',1,'127.0.0.1',NULL,NULL,NULL),(6,1,'Asistente Administrativa PRODECO',1,'0000-00-00 00:00:00',1,'127.0.0.1',NULL,NULL,NULL),(7,2,'Asistente Administrativa Drummond Mina',1,'0000-00-00 00:00:00',1,'127.0.0.1','2019-09-19 19:16:16',1,'::1'),(8,1,'Técnico',1,'0000-00-00 00:00:00',1,'127.0.0.1','2019-10-07 19:09:10',1,'::1');
/*!40000 ALTER TABLE `tec_positions` ENABLE KEYS */;
UNLOCK TABLES;

--
-- Table structure for table `tec_roles`
--

DROP TABLE IF EXISTS `tec_roles`;
/*!40101 SET @saved_cs_client     = @@character_set_client */;
/*!40101 SET character_set_client = utf8 */;
CREATE TABLE `tec_roles` (
  `id` int(10) unsigned NOT NULL AUTO_INCREMENT COMMENT 'Id del perfil',
  `role` varchar(100) NOT NULL COMMENT 'Descripción del perfil',
  `edo_reg` int(10) unsigned NOT NULL COMMENT 'Indica 1 si el registro está activo y 0 sino lo está',
  `usu_crea` int(10) unsigned NOT NULL COMMENT 'Id del usuario que crea el registro',
  `fec_crea` datetime NOT NULL COMMENT 'Fecha de creación del registro',
  `ip_crea` varchar(15) NOT NULL COMMENT 'Ip de donde se crea el registro',
  `usu_mod` int(10) unsigned DEFAULT NULL COMMENT 'Id del usuario que modifica el registro',
  `fec_mod` datetime DEFAULT NULL COMMENT 'Fecha de modificación del registro',
  `ip_mod` varchar(15) DEFAULT NULL COMMENT 'Ip de donde se modifica el registro',
  PRIMARY KEY (`id`)
) ENGINE=InnoDB AUTO_INCREMENT=7 DEFAULT CHARSET=utf8 COMMENT='Perfiles del software';
/*!40101 SET character_set_client = @saved_cs_client */;

--
-- Dumping data for table `tec_roles`
--

LOCK TABLES `tec_roles` WRITE;
/*!40000 ALTER TABLE `tec_roles` DISABLE KEYS */;
INSERT INTO `tec_roles` VALUES (0,'SIN PERFIL',1,1,'2019-03-09 12:25:44','127.0.0.1',NULL,NULL,NULL),(1,'SUPERUSUARIO',1,1,'2019-03-09 12:25:44','127.0.0.1',NULL,NULL,NULL),(2,'ADMINISTRADOR',1,1,'2019-03-09 12:25:44','127.0.0.1',NULL,NULL,NULL),(3,'DIGITADOR',1,1,'2019-11-09 09:49:35','::1',1,'2019-12-11 11:28:27','190.131.219.246'),(4,'DIGITADOR DE INSPECCIONES',1,1,'2019-12-11 11:11:38','190.131.219.246',1,'2019-12-11 11:24:19','190.131.219.246'),(5,'DIGITADOR DE MANTENIMIENTOS',1,1,'2019-12-11 11:39:00','190.131.219.246',NULL,NULL,NULL),(6,'DIGITADOR DE MANTENIMIENTOS',1,1,'2019-12-12 23:59:41','190.84.116.7',NULL,NULL,NULL);
/*!40000 ALTER TABLE `tec_roles` ENABLE KEYS */;
UNLOCK TABLES;

--
-- Table structure for table `tec_sites`
--

DROP TABLE IF EXISTS `tec_sites`;
/*!40101 SET @saved_cs_client     = @@character_set_client */;
/*!40101 SET character_set_client = utf8 */;
CREATE TABLE `tec_sites` (
  `id` int(10) unsigned NOT NULL AUTO_INCREMENT,
  `companyId` int(10) unsigned NOT NULL,
  `name` varchar(255) NOT NULL,
  `description` varchar(255) DEFAULT NULL,
  `lat` double(10,8) DEFAULT NULL,
  `long` double(10,8) DEFAULT NULL,
  `edo_reg` int(10) unsigned NOT NULL COMMENT 'Estado del registro',
  `fec_crea` datetime NOT NULL COMMENT 'Fecha de creación del registro',
  `usu_crea` int(10) unsigned NOT NULL COMMENT 'Usuario que crea el registro',
  `ip_crea` varchar(15) NOT NULL COMMENT 'Ip de donde se crea el registro',
  `fec_mod` datetime DEFAULT NULL COMMENT 'Fecha de modificación del registro',
  `usu_mod` int(10) unsigned DEFAULT NULL COMMENT 'Usuario que modifica el artículo',
  `ip_mod` varchar(15) DEFAULT NULL COMMENT 'Ip de donde se modifica el registro',
  PRIMARY KEY (`id`),
  KEY `fk_tec_sites_company_idx` (`companyId`),
  CONSTRAINT `fk_tec_sites_company` FOREIGN KEY (`companyId`) REFERENCES `tec_company` (`id`) ON DELETE NO ACTION ON UPDATE CASCADE
) ENGINE=InnoDB AUTO_INCREMENT=16 DEFAULT CHARSET=latin1;
/*!40101 SET character_set_client = @saved_cs_client */;

--
-- Dumping data for table `tec_sites`
--

LOCK TABLES `tec_sites` WRITE;
/*!40000 ALTER TABLE `tec_sites` DISABLE KEYS */;
INSERT INTO `tec_sites` VALUES (1,2,'DRUMMOND MINA','',NULL,NULL,1,'0000-00-00 00:00:00',1,'127.0.0.1','2019-10-01 19:25:20',1,'::1'),(2,2,'DRUMMOND PUERTO','',NULL,NULL,1,'0000-00-00 00:00:00',1,'127.0.0.1','2019-10-01 19:25:06',1,'::1'),(3,4,'PRODECO CALENTURITAS',NULL,NULL,NULL,1,'0000-00-00 00:00:00',1,'127.0.0.1',NULL,NULL,NULL),(4,4,'PRODECO PLJ',NULL,NULL,NULL,1,'0000-00-00 00:00:00',1,'127.0.0.1',NULL,NULL,NULL),(5,4,'CERREJÓN','',NULL,NULL,0,'0000-00-00 00:00:00',1,'127.0.0.1','2019-12-11 16:06:51',1,'190.131.219.246'),(6,4,'TALLER DE RECARGAS',NULL,NULL,NULL,1,'0000-00-00 00:00:00',1,'127.0.0.1',NULL,NULL,NULL),(7,4,'PRODECO PNSA','',NULL,NULL,1,'0000-00-00 00:00:00',1,'127.0.0.1','2019-09-13 23:45:27',1,'::1'),(8,4,'PROYECTO DE PRUEBA','ALGO',NULL,NULL,1,'2019-09-25 14:50:56',1,'::1',NULL,NULL,NULL),(9,3,'MINA ACME','',NULL,NULL,1,'2019-10-07 18:47:35',1,'::1','2020-01-31 16:37:29',1,'::1'),(10,1,'N/A','',NULL,NULL,1,'2019-10-07 19:55:43',1,'::1',NULL,NULL,NULL),(11,3,'ACME MINA 2','',NULL,NULL,0,'2019-11-22 12:16:04',1,'::1','2019-12-11 16:07:37',1,'190.131.219.246'),(12,5,'MINA I','MINA I',NULL,NULL,0,'2019-12-11 16:02:39',1,'190.131.219.246','2019-12-11 16:07:25',1,'190.131.219.246'),(13,6,'MINA A','MINA A',NULL,NULL,1,'2019-12-11 16:12:02',1,'190.131.219.246',NULL,NULL,NULL),(14,7,'Murano','403T1',NULL,NULL,1,'2019-12-13 00:37:51',1,'190.84.116.7','2019-12-13 00:39:33',1,'190.84.116.7'),(15,4,'PRUEBA MINA PRODECO','NONE',NULL,NULL,1,'2020-01-10 17:41:10',7,'::1','2020-01-10 17:42:58',7,'::1');
/*!40000 ALTER TABLE `tec_sites` ENABLE KEYS */;
UNLOCK TABLES;

--
-- Table structure for table `tec_techs`
--

DROP TABLE IF EXISTS `tec_techs`;
/*!40101 SET @saved_cs_client     = @@character_set_client */;
/*!40101 SET character_set_client = utf8 */;
CREATE TABLE `tec_techs` (
  `id` int(10) unsigned NOT NULL AUTO_INCREMENT,
  `siteId` int(10) unsigned NOT NULL,
  `idGroup` int(10) unsigned NOT NULL,
  `document` varchar(45) NOT NULL,
  `name` varchar(255) NOT NULL,
  `edo_reg` int(10) unsigned NOT NULL COMMENT 'Estado del registro 0 inactivo 1 activo',
  `usu_crea` int(10) unsigned NOT NULL COMMENT 'Usuario que crea el registro',
  `fec_crea` datetime NOT NULL DEFAULT CURRENT_TIMESTAMP COMMENT 'Fecha en la que se crea el registro',
  `ip_crea` varchar(15) NOT NULL COMMENT 'Ip del equipo donde se crea el registro',
  `usu_mod` int(10) unsigned DEFAULT NULL COMMENT 'Usuario que modifca el registro',
  `fec_mod` datetime DEFAULT NULL COMMENT 'Fecha en la que se modifica el registro',
  `ip_mod` varchar(15) DEFAULT NULL COMMENT 'Ip del equipo donde se modifica el registro',
  PRIMARY KEY (`id`),
  KEY `fk_tec_techs_sites_idx` (`siteId`),
  KEY `fk_tec_techs_groups_idx` (`idGroup`),
  CONSTRAINT `fk_tec_techs_groups` FOREIGN KEY (`idGroup`) REFERENCES `tec_valists` (`id`) ON DELETE NO ACTION ON UPDATE CASCADE,
  CONSTRAINT `fk_tec_techs_sites` FOREIGN KEY (`siteId`) REFERENCES `tec_sites` (`id`) ON DELETE NO ACTION ON UPDATE CASCADE
) ENGINE=InnoDB AUTO_INCREMENT=7 DEFAULT CHARSET=latin1;
/*!40101 SET character_set_client = @saved_cs_client */;

--
-- Dumping data for table `tec_techs`
--

LOCK TABLES `tec_techs` WRITE;
/*!40000 ALTER TABLE `tec_techs` DISABLE KEYS */;
INSERT INTO `tec_techs` VALUES (1,9,46,'72213963','PEDRO SUÁREZ',1,1,'2019-11-25 14:49:37','::1',1,'2019-11-25 15:36:38','::1'),(2,13,46,'12341234','Carlos Gonzalez',1,1,'2019-12-11 17:08:15','190.131.219.246',NULL,NULL,NULL),(3,13,47,'123321','Carlos Gonzalez',1,1,'2019-12-11 17:35:34','190.131.219.246',1,'2019-12-11 17:35:50','190.131.219.246'),(4,14,46,'1129583416','Oscar Iván Castillo Domínguez',1,1,'2019-12-13 00:45:36','190.84.116.7',NULL,NULL,NULL),(5,3,46,'72134567','Técnico Calenturitas Prodeco',1,4,'2020-01-10 17:27:07','::1',4,'2020-01-10 17:29:54','::1'),(6,9,47,'72288848','CARLOS JACQUIN VENENCIA',1,1,'2020-02-06 10:26:56','::1',NULL,NULL,NULL);
/*!40000 ALTER TABLE `tec_techs` ENABLE KEYS */;
UNLOCK TABLES;

--
-- Table structure for table `tec_typeactivity`
--

DROP TABLE IF EXISTS `tec_typeactivity`;
/*!40101 SET @saved_cs_client     = @@character_set_client */;
/*!40101 SET character_set_client = utf8 */;
CREATE TABLE `tec_typeactivity` (
  `id` int(10) unsigned NOT NULL AUTO_INCREMENT,
  `name` varchar(255) NOT NULL,
  `edo_reg` int(10) unsigned NOT NULL COMMENT 'Estado del registro',
  `fec_crea` datetime NOT NULL COMMENT 'Fecha de creación del registro',
  `usu_crea` int(10) unsigned NOT NULL COMMENT 'Usuario que crea el registro',
  `ip_crea` varchar(15) NOT NULL COMMENT 'Ip de donde se crea el registro',
  `fec_mod` datetime DEFAULT NULL COMMENT 'Fecha de modificación del registro',
  `usu_mod` int(10) unsigned DEFAULT NULL COMMENT 'Usuario que modifica el artículo',
  `ip_mod` varchar(15) DEFAULT NULL COMMENT 'Ip de donde se modifica el registro',
  PRIMARY KEY (`id`)
) ENGINE=InnoDB AUTO_INCREMENT=6 DEFAULT CHARSET=latin1;
/*!40101 SET character_set_client = @saved_cs_client */;

--
-- Dumping data for table `tec_typeactivity`
--

LOCK TABLES `tec_typeactivity` WRITE;
/*!40000 ALTER TABLE `tec_typeactivity` DISABLE KEYS */;
INSERT INTO `tec_typeactivity` VALUES (1,'INSPECCIONES',1,'2019-09-19 14:32:00',1,'127.0.0.1',NULL,NULL,NULL),(2,'MANTENIMIENTOS',1,'2019-09-19 14:32:00',1,'127.0.0.1',NULL,NULL,NULL),(3,'RECARGAS',1,'2019-09-19 14:32:00',1,'127.0.0.1',NULL,NULL,NULL),(4,'REINSTALACIONES',1,'2019-09-19 14:32:00',1,'127.0.0.1',NULL,NULL,NULL),(5,'EMERGENCIAS',1,'2019-09-19 14:32:00',1,'127.0.0.1',NULL,NULL,NULL);
/*!40000 ALTER TABLE `tec_typeactivity` ENABLE KEYS */;
UNLOCK TABLES;

--
-- Table structure for table `tec_typecomponents`
--

DROP TABLE IF EXISTS `tec_typecomponents`;
/*!40101 SET @saved_cs_client     = @@character_set_client */;
/*!40101 SET character_set_client = utf8 */;
CREATE TABLE `tec_typecomponents` (
  `id` int(10) unsigned NOT NULL AUTO_INCREMENT,
  `name` varchar(1000) NOT NULL,
  `edo_reg` int(10) unsigned NOT NULL COMMENT 'Estado del registro',
  `fec_crea` datetime NOT NULL COMMENT 'Fecha de creación del registro',
  `usu_crea` int(10) unsigned NOT NULL COMMENT 'Usuario que crea el registro',
  `ip_crea` varchar(15) NOT NULL COMMENT 'Ip de donde se crea el registro',
  `fec_mod` datetime DEFAULT NULL COMMENT 'Fecha de modificación del registro',
  `usu_mod` int(10) unsigned DEFAULT NULL COMMENT 'Usuario que modifica el artículo',
  `ip_mod` varchar(15) DEFAULT NULL COMMENT 'Ip de donde se modifica el registro',
  PRIMARY KEY (`id`)
) ENGINE=InnoDB AUTO_INCREMENT=19 DEFAULT CHARSET=latin1;
/*!40101 SET character_set_client = @saved_cs_client */;

--
-- Dumping data for table `tec_typecomponents`
--

LOCK TABLES `tec_typecomponents` WRITE;
/*!40000 ALTER TABLE `tec_typecomponents` DISABLE KEYS */;
INSERT INTO `tec_typecomponents` VALUES (1,'Tanque',1,'0000-00-00 00:00:00',1,'127.0.0.1','2019-10-01 15:34:14',1,'::1'),(2,'Cápsula de Barrido',1,'0000-00-00 00:00:00',1,'127.0.0.1',NULL,NULL,NULL),(3,'Cápsula de Actuación',1,'0000-00-00 00:00:00',1,'127.0.0.1',NULL,NULL,NULL),(4,'Cable térmico',1,'0000-00-00 00:00:00',1,'127.0.0.1',NULL,NULL,NULL),(5,'Batería',1,'0000-00-00 00:00:00',1,'127.0.0.1',NULL,NULL,NULL),(6,'PAD',1,'0000-00-00 00:00:00',1,'127.0.0.1','2019-09-19 18:27:49',1,'::1'),(7,'Boquillas',1,'0000-00-00 00:00:00',1,'127.0.0.1',NULL,NULL,NULL),(8,'Soportes',1,'0000-00-00 00:00:00',1,'127.0.0.1',NULL,NULL,NULL),(9,'Canecas',1,'0000-00-00 00:00:00',1,'127.0.0.1',NULL,NULL,NULL),(10,'Triple Tee',1,'0000-00-00 00:00:00',1,'127.0.0.1',NULL,NULL,NULL),(11,'Discos de ruptura',1,'0000-00-00 00:00:00',1,'127.0.0.1',NULL,NULL,NULL),(12,'Módulos de control',1,'0000-00-00 00:00:00',1,'127.0.0.1',NULL,NULL,NULL),(13,'Empalmes',1,'0000-00-00 00:00:00',1,'127.0.0.1',NULL,NULL,NULL),(14,'Resistencias',1,'0000-00-00 00:00:00',1,'127.0.0.1',NULL,NULL,NULL),(15,'Placas',1,'0000-00-00 00:00:00',1,'127.0.0.1',NULL,NULL,NULL),(16,'Anillos',1,'0000-00-00 00:00:00',1,'127.0.0.1',NULL,NULL,NULL),(17,'Cubiertas',1,'0000-00-00 00:00:00',1,'127.0.0.1',NULL,NULL,NULL),(18,'Empaques',1,'0000-00-00 00:00:00',1,'127.0.0.1',NULL,NULL,NULL);
/*!40000 ALTER TABLE `tec_typecomponents` ENABLE KEYS */;
UNLOCK TABLES;

--
-- Table structure for table `tec_typeequipments`
--

DROP TABLE IF EXISTS `tec_typeequipments`;
/*!40101 SET @saved_cs_client     = @@character_set_client */;
/*!40101 SET character_set_client = utf8 */;
CREATE TABLE `tec_typeequipments` (
  `id` int(10) unsigned NOT NULL AUTO_INCREMENT,
  `name` varchar(50) NOT NULL,
  `description` varchar(1000) DEFAULT NULL,
  `edo_reg` int(10) unsigned NOT NULL COMMENT 'Estado del registro',
  `fec_crea` datetime NOT NULL COMMENT 'Fecha de creación del registro',
  `usu_crea` int(10) unsigned NOT NULL COMMENT 'Usuario que crea el registro',
  `ip_crea` varchar(15) NOT NULL COMMENT 'Ip de donde se crea el registro',
  `fec_mod` datetime DEFAULT NULL COMMENT 'Fecha de modificación del registro',
  `usu_mod` int(10) unsigned DEFAULT NULL COMMENT 'Usuario que modifica el artículo',
  `ip_mod` varchar(15) DEFAULT NULL COMMENT 'Ip de donde se modifica el registro',
  PRIMARY KEY (`id`)
) ENGINE=InnoDB AUTO_INCREMENT=12 DEFAULT CHARSET=latin1;
/*!40101 SET character_set_client = @saved_cs_client */;

--
-- Dumping data for table `tec_typeequipments`
--

LOCK TABLES `tec_typeequipments` WRITE;
/*!40000 ALTER TABLE `tec_typeequipments` DISABLE KEYS */;
INSERT INTO `tec_typeequipments` VALUES (1,'CAMIONES',NULL,1,'0000-00-00 00:00:00',1,'127.0.0.1',NULL,NULL,NULL),(2,'MOTONIVELADORAS',NULL,1,'0000-00-00 00:00:00',1,'127.0.0.1',NULL,NULL,NULL),(3,'PALAS',NULL,1,'0000-00-00 00:00:00',1,'127.0.0.1',NULL,NULL,NULL),(4,'TALADROS',NULL,1,'0000-00-00 00:00:00',1,'127.0.0.1',NULL,NULL,NULL),(5,'TANQUEROS',NULL,1,'0000-00-00 00:00:00',1,'127.0.0.1',NULL,NULL,NULL),(6,'TRACTORES DE LLANTAS',NULL,1,'0000-00-00 00:00:00',1,'127.0.0.1',NULL,NULL,NULL),(7,'TRACTORES DE ORUGA','',1,'0000-00-00 00:00:00',1,'127.0.0.1','2019-10-01 17:50:56',NULL,'::1'),(8,'CAMIONES ARTICULADOS','',1,'2019-10-01 19:03:07',1,'::1',NULL,NULL,NULL),(9,'CARGADORES DE LLANTAS','',1,'2019-10-01 19:03:45',1,'::1',NULL,NULL,NULL),(10,'MOTOBOMBAS','',1,'2019-10-01 19:04:20',1,'::1',NULL,NULL,NULL),(11,'MOTOTRAILLAS','',1,'2019-10-01 19:05:14',1,'::1',NULL,NULL,NULL);
/*!40000 ALTER TABLE `tec_typeequipments` ENABLE KEYS */;
UNLOCK TABLES;

--
-- Table structure for table `tec_userspers`
--

DROP TABLE IF EXISTS `tec_userspers`;
/*!40101 SET @saved_cs_client     = @@character_set_client */;
/*!40101 SET character_set_client = utf8 */;
CREATE TABLE `tec_userspers` (
  `id` int(10) unsigned NOT NULL AUTO_INCREMENT COMMENT 'Id del usuario',
  `positionId` int(10) unsigned NOT NULL COMMENT 'Empresa o entidad a la que pertenece el usuario',
  `roleId` int(10) unsigned NOT NULL,
  `siteId` int(10) unsigned NOT NULL,
  `dolog` enum('S','N') NOT NULL,
  `user` varchar(255) NOT NULL COMMENT 'Identificador del usuario',
  `pass` varchar(255) NOT NULL COMMENT 'Contraseña del usuario',
  `idenum` int(10) unsigned NOT NULL COMMENT 'Número de cédula del usuario',
  `names` varchar(255) NOT NULL COMMENT 'Nombre del usuario',
  `lastname` varchar(255) NOT NULL COMMENT 'Apellidos del usuario',
  `email` varchar(255) DEFAULT NULL COMMENT 'Email del usuario',
  `foto` text NOT NULL,
  `edo_reg` int(10) unsigned NOT NULL COMMENT 'Estado del registro 0 inactivo 1 activo',
  `usu_crea` int(10) unsigned NOT NULL COMMENT 'Usuario que crea el registro',
  `fec_crea` datetime NOT NULL DEFAULT CURRENT_TIMESTAMP COMMENT 'Fecha en la que se crea el registro',
  `ip_crea` varchar(15) NOT NULL COMMENT 'Ip del equipo donde se crea el registro',
  `usu_mod` int(10) unsigned DEFAULT NULL COMMENT 'Usuario que modifca el registro',
  `fec_mod` datetime DEFAULT NULL COMMENT 'Fecha en la que se modifica el registro',
  `ip_mod` varchar(15) DEFAULT NULL COMMENT 'Ip del equipo donde se modifica el registro',
  PRIMARY KEY (`id`),
  KEY `fk_tec_userspers_roles_idx` (`roleId`),
  KEY `fk_tec_userspers_positions_idx` (`positionId`),
  KEY `fk_tec_userspers_sites_idx` (`siteId`),
  CONSTRAINT `fk_tec_userspers_positions` FOREIGN KEY (`positionId`) REFERENCES `tec_valists` (`id`) ON DELETE NO ACTION ON UPDATE CASCADE,
  CONSTRAINT `fk_tec_userspers_roles` FOREIGN KEY (`roleId`) REFERENCES `tec_roles` (`id`) ON DELETE NO ACTION ON UPDATE CASCADE,
  CONSTRAINT `fk_tec_userspers_sites` FOREIGN KEY (`siteId`) REFERENCES `tec_sites` (`id`) ON DELETE NO ACTION ON UPDATE CASCADE
) ENGINE=InnoDB AUTO_INCREMENT=8 DEFAULT CHARSET=utf8 COMMENT='Usuarios del Software';
/*!40101 SET character_set_client = @saved_cs_client */;

--
-- Dumping data for table `tec_userspers`
--

LOCK TABLES `tec_userspers` WRITE;
/*!40000 ALTER TABLE `tec_userspers` DISABLE KEYS */;
INSERT INTO `tec_userspers` VALUES (1,4,1,4,'S','AWADMIN','$2y$11$Lf6g0cutG08gGFJ0VrddFumUrJpanyUkPYfhjtKDcKRrgtLLDhqzG',72456963,'ADMINISTRADOR','PLATAFORMA','micorreo@gmail.com','ef80c_sidebar_usuario-corporativo.png',1,1,'2015-08-27 16:26:15','190.143.40.112',1,'2019-12-10 15:23:14','190.131.219.246'),(2,2,1,10,'S','AW97405976','$2y$11$gNvc0BQSiQ9ulPTARhm7ue0wopRoZZtmXqNbgznw0wTRRG7qzfHwq',97405976,'DUNSTAN','BENÍTEZ','correo@gmail.com','',1,1,'2015-08-27 16:26:15','190.143.40.112',1,'2019-05-08 14:16:37','181.49.92.81'),(3,1,3,10,'S','AWDIGITADOR','$2y$11$XypcyGvv2GkEXw7fCes1X.bKrHk.UqUqA11xlB3OEmintESBVdJQy',72123586,'Digitador','Sistema','digitador@tecno-fuego.com','e1f8c_paul-morris-116514-unsplash.jpg',1,1,'2019-11-13 20:00:36','::1',1,'2019-11-15 06:48:05','::1'),(4,1,3,3,'S','AWLUIS','$2y$11$7Yd2cI5cM0aCKmbRzzGo3uZc7EzItF6HS26dlP/6pZ90M7gLwBxy6',805123,'Luis Carlos','Gonzalez','luiscarlos@gmail.com','53fdf_usuario.png',1,1,'2019-12-11 11:20:50','190.131.219.246',4,'2020-01-10 17:03:41','::1'),(5,1,3,7,'S','AWCARLOS','$2y$11$kxNEPL8OCEuUOBvQpP90FODAmUnM7D.egJCjo25btvjxzDU5S0Gii',123456,'Carlos Luis','Gonzalez','carlosluis@gmail.com','5e762_foto-usuario.png',1,1,'2019-12-11 11:40:46','190.131.219.246',NULL,NULL,NULL),(6,1,3,7,'S','AWOCASTILLO','$2y$11$IVl70bK3VMJkVh44ya8M6.H8ryMZOtxIqpQfPb9/WQEUe.1xuuMri',4294967295,'Oscar Iván','Castillo Domínguez','ocastillo@tecno-fuego.com.co','c5903_enmascarar-grupo-1.png',1,1,'2019-12-13 00:06:55','190.84.116.7',1,'2019-12-13 17:01:31','190.131.219.246'),(7,1,3,3,'S','AWDIGICALEN','$2y$11$EneZLD1izXCUzx1dK3T8JOIZvM7H.g5mcpptgcqwpE2yPBEXvWSfS',72123456,'Digitador','Calenturitas','mail@something.me','',1,4,'2020-01-10 17:05:26','::1',NULL,NULL,NULL);
/*!40000 ALTER TABLE `tec_userspers` ENABLE KEYS */;
UNLOCK TABLES;

--
-- Table structure for table `tec_usrproj`
--

DROP TABLE IF EXISTS `tec_usrproj`;
/*!40101 SET @saved_cs_client     = @@character_set_client */;
/*!40101 SET character_set_client = utf8 */;
CREATE TABLE `tec_usrproj` (
  `userId` int(10) unsigned NOT NULL,
  `projectId` int(10) unsigned NOT NULL,
  PRIMARY KEY (`userId`,`projectId`),
  KEY `fk_tec_usrproj_projs_idx` (`projectId`),
  CONSTRAINT `fk_tec_usrproj_projs` FOREIGN KEY (`projectId`) REFERENCES `tec_sites` (`id`) ON DELETE NO ACTION ON UPDATE CASCADE,
  CONSTRAINT `fk_tec_usrproj_usrs` FOREIGN KEY (`userId`) REFERENCES `tec_userspers` (`id`) ON DELETE NO ACTION ON UPDATE CASCADE
) ENGINE=InnoDB DEFAULT CHARSET=latin1;
/*!40101 SET character_set_client = @saved_cs_client */;

--
-- Dumping data for table `tec_usrproj`
--

LOCK TABLES `tec_usrproj` WRITE;
/*!40000 ALTER TABLE `tec_usrproj` DISABLE KEYS */;
/*!40000 ALTER TABLE `tec_usrproj` ENABLE KEYS */;
UNLOCK TABLES;

--
-- Table structure for table `tec_valists`
--

DROP TABLE IF EXISTS `tec_valists`;
/*!40101 SET @saved_cs_client     = @@character_set_client */;
/*!40101 SET character_set_client = utf8 */;
CREATE TABLE `tec_valists` (
  `id` int(10) unsigned NOT NULL AUTO_INCREMENT,
  `idlist` int(10) unsigned NOT NULL,
  `valfather` int(10) unsigned NOT NULL,
  `label` varchar(255) NOT NULL,
  `edo_reg` int(10) unsigned NOT NULL COMMENT 'Estado del registro',
  `fec_crea` datetime NOT NULL COMMENT 'Fecha de creación del registro',
  `usu_crea` int(10) unsigned NOT NULL COMMENT 'Usuario que crea el registro',
  `ip_crea` varchar(15) NOT NULL COMMENT 'Ip de donde se crea el registro',
  `fec_mod` datetime DEFAULT NULL COMMENT 'Fecha de modificación del registro',
  `usu_mod` int(10) unsigned DEFAULT NULL COMMENT 'Usuario que modifica el artículo',
  `ip_mod` varchar(15) DEFAULT NULL COMMENT 'Ip de donde se modifica el registro',
  PRIMARY KEY (`id`),
  KEY `fk_tec_valists_lists_idx` (`idlist`),
  CONSTRAINT `fk_tec_valists_lists` FOREIGN KEY (`idlist`) REFERENCES `tec_lists` (`id`) ON DELETE NO ACTION ON UPDATE CASCADE
) ENGINE=InnoDB AUTO_INCREMENT=76 DEFAULT CHARSET=latin1;
/*!40101 SET character_set_client = @saved_cs_client */;

--
-- Dumping data for table `tec_valists`
--

LOCK TABLES `tec_valists` WRITE;
/*!40000 ALTER TABLE `tec_valists` DISABLE KEYS */;
INSERT INTO `tec_valists` VALUES (1,1,0,'Digitador',1,'2019-10-30 02:52:33',1,'::1','2019-12-13 00:19:36',1,'190.84.116.7'),(2,1,0,'Técnico mecánico',1,'2019-10-30 02:52:33',1,'::1','2019-12-13 00:19:36',1,'190.84.116.7'),(3,1,0,'Coordinador de proyectos y diseño',1,'2019-10-30 14:49:33',1,'::1','2019-12-13 00:19:36',1,'190.84.116.7'),(4,1,0,'Director de proyectos',1,'2019-10-30 14:49:33',1,'::1','2019-12-13 00:19:36',1,'190.84.116.7'),(5,1,0,'Cargo de prueba',1,'2019-10-30 14:56:40',1,'::1','2019-12-13 00:19:36',1,'190.84.116.7'),(6,2,0,'Caterpillar',1,'2019-10-30 15:00:23',1,'::1','2019-11-02 16:09:12',1,'::1'),(7,2,0,'Komatsu',1,'2019-10-30 15:00:23',1,'::1','2019-11-02 16:09:12',1,'::1'),(8,3,6,'Modelo CAT 001',1,'2019-10-30 15:02:26',1,'::1','2019-12-13 00:23:05',1,'190.84.116.7'),(9,3,6,'Modelo CAT 002',1,'2019-10-30 15:02:26',1,'::1','2019-12-13 00:23:05',1,'190.84.116.7'),(10,3,6,'Modelo CAT 003',1,'2019-10-30 15:02:26',1,'::1','2019-12-13 00:23:05',1,'190.84.116.7'),(11,3,6,'Modelo CAT 004',1,'2019-10-30 15:26:32',1,'::1','2019-12-13 00:23:05',1,'190.84.116.7'),(12,2,0,'Acme',1,'2019-11-02 16:09:12',1,'::1',NULL,NULL,NULL),(13,3,12,'Acme 001',1,'2019-11-02 16:19:53',1,'::1','2019-12-13 00:23:05',1,'190.84.116.7'),(14,3,12,'Acme 002',1,'2019-11-02 16:19:53',1,'::1','2019-12-13 00:23:05',1,'190.84.116.7'),(15,3,12,'Acme 003',1,'2019-11-02 16:20:27',1,'::1','2019-12-13 00:23:05',1,'190.84.116.7'),(16,4,0,'Extintor',1,'2019-11-12 01:45:31',1,'::1','2019-12-10 15:32:06',1,'190.131.219.246'),(17,4,0,'LT-A-101',1,'2019-11-12 01:45:31',1,'::1','2019-12-10 15:32:06',1,'190.131.219.246'),(18,4,0,'LT-A-101/LVS',1,'2019-11-12 01:45:31',1,'::1','2019-12-10 15:32:05',1,'190.131.219.246'),(19,4,0,'LVS',1,'2019-11-12 01:45:31',1,'::1','2019-12-10 15:32:05',1,'190.131.219.246'),(20,4,0,'SC-N',1,'2019-11-12 01:45:31',1,'::1','2019-12-10 15:32:05',1,'190.131.219.246'),(21,4,0,'SC-N/CF-210',1,'2019-11-12 01:45:31',1,'::1','2019-12-10 15:32:05',1,'190.131.219.246'),(22,4,0,'LT-A-101/LVS/SC-N',1,'2019-11-12 01:45:31',1,'::1','2019-12-10 15:32:05',1,'190.131.219.246'),(23,5,0,'Tanques',1,'2019-11-12 01:48:14',1,'::1','2019-12-13 15:01:57',1,'190.131.219.246'),(24,5,0,'Soportes tanques',1,'2019-11-12 01:48:14',1,'::1','2019-12-13 15:01:57',1,'190.131.219.246'),(25,5,0,'Cápsulas de barrido',1,'2019-11-12 01:48:14',1,'::1','2019-12-13 15:01:57',1,'190.131.219.246'),(26,5,0,'Boquillas',1,'2019-11-12 01:48:14',1,'::1','2019-12-13 15:01:57',1,'190.131.219.246'),(27,5,0,'Canecas',1,'2019-11-12 01:48:14',1,'::1','2019-12-13 15:01:57',1,'190.131.219.246'),(28,5,0,'Triple Tee',1,'2019-11-12 01:48:14',1,'::1','2019-12-13 15:01:57',1,'190.131.219.246'),(29,5,0,'Disco de ruptura',1,'2019-11-12 01:48:14',1,'::1','2019-12-13 15:01:57',1,'190.131.219.246'),(30,5,0,'Empaques',1,'2019-11-12 01:48:14',1,'::1','2019-12-13 15:01:57',1,'190.131.219.246'),(31,6,0,'Consecutivo',1,'2019-11-12 01:53:25',1,'::1',NULL,NULL,NULL),(32,6,0,'Fecha PH',1,'2019-11-12 01:53:25',1,'::1',NULL,NULL,NULL),(33,6,0,'Altura QS',1,'2019-11-12 01:53:25',1,'::1',NULL,NULL,NULL),(34,6,0,'Serial',1,'2019-11-12 01:53:25',1,'::1',NULL,NULL,NULL),(35,6,0,'Peso real',1,'2019-11-12 01:53:25',1,'::1',NULL,NULL,NULL),(36,6,0,'Peso estampado',1,'2019-11-12 01:53:25',1,'::1',NULL,NULL,NULL),(37,6,0,'Fecha de instalación',1,'2019-11-12 01:53:25',1,'::1',NULL,NULL,NULL),(38,6,0,'Fecha de fabricación',1,'2019-11-12 01:53:25',1,'::1',NULL,NULL,NULL),(39,6,0,'Fecha de mantenimiento',1,'2019-11-12 01:53:25',1,'::1',NULL,NULL,NULL),(40,6,0,'Altura LVS',1,'2019-11-12 01:53:25',1,'::1',NULL,NULL,NULL),(41,7,0,'Número',1,'2019-11-12 02:08:30',1,'::1','2019-11-12 03:06:49',1,'::1'),(42,7,0,'Fecha',1,'2019-11-12 02:08:30',1,'::1','2019-11-12 03:06:48',1,'::1'),(43,7,0,'Texto',1,'2019-11-12 03:06:49',1,'::1',NULL,NULL,NULL),(44,8,0,'Tarde',1,'2019-11-25 11:59:15',1,'::1',NULL,NULL,NULL),(45,8,0,'Noche',1,'2019-11-25 11:59:15',1,'::1',NULL,NULL,NULL),(46,9,0,'Grupo 1',1,'2019-11-25 12:00:17',1,'::1',NULL,NULL,NULL),(47,9,0,'Grupo 2',1,'2019-11-25 12:00:17',1,'::1',NULL,NULL,NULL),(48,9,0,'Grupo 3',1,'2019-11-25 12:00:17',1,'::1',NULL,NULL,NULL),(49,10,0,'Extinción',1,'2019-11-28 18:59:25',1,'::1',NULL,NULL,NULL),(50,10,0,'Detección',1,'2019-11-28 18:59:25',1,'::1',NULL,NULL,NULL),(51,10,0,'Extinción/Detección',1,'2019-11-28 18:59:25',1,'::1',NULL,NULL,NULL),(52,11,0,'CAMIONES',1,'2019-12-06 11:12:30',1,'::1','2019-12-11 14:40:00',1,'190.131.219.246'),(53,11,0,'MOTONIVELADORAS',1,'2019-12-06 11:12:30',1,'::1','2019-12-11 14:40:00',1,'190.131.219.246'),(54,11,0,'PALAS',1,'2019-12-06 11:12:30',1,'::1','2019-12-11 14:40:00',1,'190.131.219.246'),(55,11,0,'TALADROS',1,'2019-12-06 11:12:30',1,'::1','2019-12-11 14:40:00',1,'190.131.219.246'),(56,11,0,'TANQUEROS',1,'2019-12-06 11:12:30',1,'::1','2019-12-11 14:40:00',1,'190.131.219.246'),(57,11,0,'TRACTORES DE LLANTAS',1,'2019-12-06 11:12:30',1,'::1','2019-12-11 14:40:00',1,'190.131.219.246'),(58,11,0,'TRACTORES DE ORUGA',1,'2019-12-06 11:12:30',1,'::1','2019-12-11 14:40:00',1,'190.131.219.246'),(59,11,0,'CAMIONES ARTICULADOS',1,'2019-12-06 11:12:30',1,'::1','2019-12-11 14:39:59',1,'190.131.219.246'),(60,11,0,'CARGADORES DE LLANTAS',1,'2019-12-06 11:12:30',1,'::1','2019-12-11 14:39:59',1,'190.131.219.246'),(61,11,0,'MOTOBOMBAS',1,'2019-12-06 11:12:30',1,'::1','2019-12-11 14:39:59',1,'190.131.219.246'),(62,11,0,'MOTOTRAILLAS',0,'2019-12-06 11:12:30',1,'::1','2019-12-11 14:39:59',1,'190.131.219.246'),(63,5,0,'Baterías',1,'2019-12-10 09:12:52',1,'190.84.116.24','2019-12-13 15:01:57',1,'190.131.219.246'),(64,4,0,'Emil',0,'2019-12-10 15:31:30',1,'190.131.219.246','2019-12-10 15:32:05',1,'190.131.219.246'),(65,11,0,'MOTO',1,'2019-12-11 14:37:02',1,'190.131.219.246','2019-12-11 14:39:59',1,'190.131.219.246'),(66,1,0,'Ingeniero de Proyectos',1,'2019-12-11 14:44:53',1,'190.131.219.246','2019-12-13 00:19:36',1,'190.84.116.7'),(67,1,0,'Ingeniero de Proyectos II',1,'2019-12-11 14:55:01',1,'190.131.219.246','2019-12-13 00:19:36',1,'190.84.116.7'),(68,3,6,'777F',1,'2019-12-11 14:56:00',1,'190.131.219.246','2019-12-13 00:23:05',1,'190.84.116.7'),(69,1,0,'Ingeniero de Proyectos III',1,'2019-12-11 15:00:27',1,'190.131.219.246','2019-12-13 00:19:36',1,'190.84.116.7'),(70,3,6,'769CW',1,'2019-12-11 15:01:34',1,'190.131.219.246','2019-12-13 00:23:05',1,'190.84.116.7'),(71,5,0,'Cables Térmicos',1,'2019-12-11 15:27:18',1,'190.131.219.246','2019-12-13 15:01:57',1,'190.131.219.246'),(72,5,0,'Modulos de Control',1,'2019-12-11 15:38:28',1,'190.131.219.246','2019-12-13 15:01:57',1,'190.131.219.246'),(73,1,0,'Ingeniero de Proyectos II',1,'2019-12-13 00:19:36',1,'190.84.116.7',NULL,NULL,NULL),(74,3,6,'789CW',1,'2019-12-13 00:23:05',1,'190.84.116.7',NULL,NULL,NULL),(75,5,0,'PAD',1,'2019-12-13 00:26:05',1,'190.84.116.7','2019-12-13 15:01:57',1,'190.131.219.246');
/*!40000 ALTER TABLE `tec_valists` ENABLE KEYS */;
UNLOCK TABLES;
/*!40103 SET TIME_ZONE=@OLD_TIME_ZONE */;

/*!40101 SET SQL_MODE=@OLD_SQL_MODE */;
/*!40014 SET FOREIGN_KEY_CHECKS=@OLD_FOREIGN_KEY_CHECKS */;
/*!40014 SET UNIQUE_CHECKS=@OLD_UNIQUE_CHECKS */;
/*!40101 SET CHARACTER_SET_CLIENT=@OLD_CHARACTER_SET_CLIENT */;
/*!40101 SET CHARACTER_SET_RESULTS=@OLD_CHARACTER_SET_RESULTS */;
/*!40101 SET COLLATION_CONNECTION=@OLD_COLLATION_CONNECTION */;
/*!40111 SET SQL_NOTES=@OLD_SQL_NOTES */;

-- Dump completed on 2020-02-11 20:58:09
